Influencer insta name,instagram name,category_1,category_2,Followers,Followers Numbers ,Audience country(mostly),"Authentic engagement
","Authentic engagement Values 
","Engagement avg
","Engagement avg Values 
"
433,433,Sports with a ball,,48.5M,48500000,Spain,383.1K,383100,637K,637000
__youngbae__,TAEYANG,Music,,12.7M,12700000,Indonesia,478K,478000,542.3K,542300
_agentgirl_,–ù–ê–°–¢–Ø –ò–í–õ–ï–ï–í–ê,Shows,,18.8M,18800000,Russia,310.8K,310800,377.9K,377900
_imyour_joy,Joy,Lifestyle,,13.5M,13500000,Indonesia,1.1M,1100000,1.4M,1400000
_jeongjaehyun,Jaehyun,,,11.1M,11100000,Indonesia,2.5M,2500000,3.1M,3100000
_mariahwasa,HWASA,,,7.9M,7900000,Brazil,915.1K,915100,1.2M,1200000
_rl9,Robert Lewandowski,Sports with a ball,,25M,25000000,Poland,588.6K,588600,749K,749000
_seorina,·Ñâ·Ö•·ÜØ·Ñã·Öµ·Ü´·Ñã·Ö° s·¥á·¥è Ä…™…¥·¥Ä,Lifestyle,Cinema & Actors/actresses,3M,3000000,South Korea,803.9K,803900,997.8K,997800
_shotaroo_,SHOTARO „Ç∑„Éß„Ç¶„Çø„É≠„Ç¶,,,4.9M,4900000,Indonesia,860.1K,860100,1.1M,1100000
03_hu,·Ñá·Ö°·Ü®·Ñå·Öµ·Ñí·ÖÆ,,,4.1M,4100000,South Korea,711K,711000,872.6K,872600
21savage,,Music,,13.2M,13200000,United States,263.5K,263500,462K,462000
333cyj333,Ars üéó,Music,,6.5M,6500000,Thailand,359.3K,359300,427.7K,427700
3gerardpique,Gerard PiqueÃÅ,Sports with a ball,,19.8M,19800000,Spain,446.1K,446100,658.8K,658800
50cent,50 Cent,Music,,27.9M,27900000,United States,177.5K,177500,283.2K,283200
9gag,9GAG: Go Fun The World,Humor & Fun & Happiness,,58.3M,58300000,Indonesia,214.7K,214700,276.9K,276900
abdevilliers17,AB de Villiers,Sports with a ball,Lifestyle,17.2M,17200000,India,534K,534000,615.9K,615900
aboflah,AboFlah,Humor & Fun & Happiness,,7.2M,7200000,Iraq,793.4K,793400,949.4K,949400
achrafhakimi,Achraf Hakimi,Sports with a ball,,8.8M,8800000,Morocco,520K,520000,764.5K,764500
actorleeminho,·Ñã·Öµ·ÑÜ·Öµ·Ü´·Ñí·Ö© leeminho,Cinema & Actors/actresses,,28.9M,28900000,Indonesia,2.8M,2800000,3.7M,3700000
actorprabhas,Prabhas,,,8.2M,8200000,India,482.2K,482200,540.2K,540200
actorsuriya,Suriya Sivakumar,,,4.1M,4100000,India,491.3K,491300,637.7K,637700
acunilicali,Acun Ilƒ±calƒ±,Cinema & Actors/actresses,,13.6M,13600000,Turkey,233.8K,233800,286.3K,286300
adamsandler,Adam Sandler,Cinema & Actors/actresses,,12.7M,12700000,United States,395.9K,395900,503.9K,503900
addisonraee,,Beauty,,40.5M,40500000,United States,1.1M,1100000,1.6M,1600000
adele,Adele,Music,,49.7M,49700000,United States,2.6M,2600000,3.6M,3600000
adidasoriginals,adidas Originals,Clothing & Outfits,Shopping & Retail,34.2M,34200000,United States,52.4K,52400,71.8K,71800
adinross,,,,2.6M,2600000,United States,551.1K,551100,1.1M,1100000
aespa_official,aespa ·Ñã·Ö¶·Ñâ·Ö≥·Ñë·Ö°,,,8.3M,8300000,Indonesia,1.1M,1100000,1.6M,1600000
agustd,SUGA of BTS ÎØºÏú§Í∏∞,,,31.5M,31500000,N/A,10.9M,10900000,10.9M,10900000
aishwaryaraibachchan_arb,AishwaryaRaiBachchan,Cinema & Actors/actresses,,10M,10000000,India,247.6K,247600,316.5K,316500
aislinnderbez,ùî∏ ùïÄ ùïä ùïÉ ùïÄ ‚Ñï ‚Ñï  ùïï ùïñ ùï£ ùïì ùïñ ùï´,Cinema & Actors/actresses,,12M,12000000,Mexico,235.7K,235700,295.4K,295400
akshaykumar,Akshay Kumar,Cinema & Actors/actresses,,61.1M,61100000,India,815.3K,815300,971K,971000
alejandrospeitzer,Alejandro Speitzer,Lifestyle,,5.1M,5100000,Mexico,313.3K,313300,488.6K,488600
aleoliveiracm,AleÃÇ Oliveira,Humor & Fun & Happiness,,8.3M,8300000,Brazil,235.8K,235800,598.4K,598400
alexademie,,,,10.8M,10800000,United States,1.2M,1200000,2.1M,2100000
alexandradaddario,alexandra daddario,Cinema & Actors/actresses,,22.4M,22400000,India,487.9K,487900,596.6K,596600
alexis_officia1,Sanchez Alexis,Sports with a ball,,13.4M,13400000,Chile,185.2K,185200,304.8K,304800
alexisren,Alexis Ren,Lifestyle,,15.8M,15800000,United States,102K,102000,158.1K,158100
alfinetei,Alfinetadas Dos Famosos üìå,Humor & Fun & Happiness,,21.1M,21100000,Brazil,99.5K,99500,223.6K,223600
aliaabhatt,Alia Bhatt ü§ç‚òÄÔ∏è,Cinema & Actors/actresses,,61.8M,61800000,India,1.2M,1200000,1.5M,1500000
alidaei,Ali Daei,Sports with a ball,,8M,8000000,Iran,555.8K,555800,937K,937000
aliiiiiiiikarimi8,Ali Karimi,Sports with a ball,,9.1M,9100000,Iran,328.7K,328700,495.1K,495100
alishalehmann7,Alisha Lehmann,Sports with a ball,,6.8M,6800000,Brazil,373.8K,373800,705.3K,705300
alluarjunonline,Allu Arjun,Cinema & Actors/actresses,,17.6M,17600000,India,1.6M,1600000,2M,2000000
alok,Alok,Music,Art/Artists,27M,27000000,Brazil,249.6K,249600,319.9K,319900
alvaromorata,AÃÅlvaro Morata,Sports with a ball,Literature & Journalism,16.2M,16200000,Italy,113.1K,113100,175.2K,175200
alvaromorte,√Ålvaro Morte,Cinema & Actors/actresses,,12.4M,12400000,India,244.5K,244500,334.7K,334700
alvxaro,ALVARO,Lifestyle,,9.2M,9200000,Brazil,169.6K,169600,424.7K,424700
alwaysramcharan,Ram Charan,Lifestyle,Cinema & Actors/actresses,5.6M,5600000,India,596.8K,596800,668.3K,668300
amadorat,N I C O L E   A M A D O üêâ,Fashion,Lifestyle,8.1M,8100000,Mexico,505K,505000,564.4K,564400
amandacerny,Amanda ùïÆùñäùñóùñìùñû,Humor & Fun & Happiness,,24.1M,24100000,India,112.9K,112900,180.6K,180600
amandamanopo,,Modeling,Beauty,15.2M,15200000,Indonesia,189.6K,189600,250.5K,250500
amarantavp,A M A ü§ç,,,4.9M,4900000,Mexico,483.8K,483800,605.6K,605600
amauryguichon,Amaury Guichon,Food & Cooking,,6.7M,6700000,United States,357.3K,357300,435.7K,435700
amitabhbachchan,Amitabh Bachchan,Cinema & Actors/actresses,,30M,30000000,India,88.5K,88500,103.6K,103600
amybethmcnulty,AB Mcn,Lifestyle,Cinema & Actors/actresses,6.3M,6300000,Brazil,561.4K,561400,771.3K,771300
ana_d_armas,A N A   D E   A R M A S,Cinema & Actors/actresses,Lifestyle,6.1M,6100000,United States,543.4K,543400,735.3K,735300
ananyapanday,Ananya üíõüí´,Cinema & Actors/actresses,,21.9M,21900000,India,318.2K,318200,371.8K,371800
anasmarwah,Anas Marwah,Family,Shows,5.5M,5500000,Iraq,431.8K,431800,557.5K,557500
andreavaldirisos,ANDREA VALDIRI üá®üá¥,Lifestyle,Beauty,7.7M,7700000,Colombia,411.3K,411300,584.3K,584300
andresiniesta8,Andres Iniesta,Sports with a ball,,39M,39000000,Spain,91.5K,91500,132.3K,132300
angela_aguilar_,AÃÅngela Aguilar üá≤üáΩ,Lifestyle,,8.2M,8200000,Mexico,285.5K,285500,346K,346000
angeldimariajm,AÃÅngel Di MariÃÅa,Sports with a ball,,16.3M,16300000,Argentina,294.6K,294600,434.1K,434100
angelinajolie,Angelina Jolie,,,12.6M,12600000,Brazil,274.6K,274600,456.2K,456200
angelinajolie,Angelina Jolie,Lifestyle,,12.6M,12600000,Brazil,274.6K,274600,456.1K,456100
angeliqueboyer,Angelique Boyer,Shows,Cinema & Actors/actresses,13.9M,13900000,Brazil,247.4K,247400,310.6K,310600
angelrai07,Angel Rai :),Humor & Fun & Happiness,,14.9M,14900000,India,462.2K,462200,557.4K,557400
anguscloud,Angus Cloud,,,8.3M,8300000,United States,1.3M,1300000,2.1M,2100000
anitta,Anitta üé§,Music,,61.1M,61100000,Brazil,542.8K,542800,1M,1000000
anjimaxuofficially,Anjali Arora,Lifestyle,,11.1M,11100000,India,173.3K,173300,221.2K,221200
annakendrick47,Anna Kendrick,Cinema & Actors/actresses,,20.3M,20300000,United States,210K,210000,274.2K,274200
annecurtissmith,Anne Curtis,Music,Cinema & Actors/actresses,17.8M,17800000,Philippines,134.7K,134700,152.3K,152300
annehathaway,Anne Hathaway,Cinema & Actors/actresses,,22.6M,22600000,United States,704.3K,704300,928.4K,928400
annemarie,ANNE-MARIE,Shows,Music,9.2M,9200000,India,242.5K,242500,339.6K,339600
ansufati,Ansu Fati,Sports with a ball,,8M,8000000,Spain,475.2K,475200,721K,721000
anthonyjoshua,Throwback Fighter üß†,Fitness & Gym,,13.6M,13600000,United Kingdom,142K,142000,192.8K,192800
antogriezmann,Antoine Griezmann,Sports with a ball,,35.5M,35500000,Spain,205.3K,205300,329.6K,329600
antonelaroccuzzo,Antonela Roccuzzo,Modeling,Family,19M,19000000,Argentina,970.7K,970700,1.6M,1600000
anuel,‚ÄúREAL HASTA LA MUERTE‚Äù,Music,,27.9M,27900000,Spain,586K,586000,892.1K,892100
anupamaparameswaran96,Anupama Parameswaran,Cinema & Actors/actresses,,11.4M,11400000,India,510.4K,510400,583.3K,583300
anushkasen0408,Anushka Sen,Cinema & Actors/actresses,,34.5M,34500000,India,379.1K,379100,443.8K,443800
anushkasharma,AnushkaSharma1588,Cinema & Actors/actresses,,57.5M,57500000,India,1.1M,1100000,1.3M,1300000
anyageraldine,anya geraldine,Music,,10.7M,10700000,Indonesia,182.3K,182300,305.2K,305200
anyataylorjoy,Anya Taylor-Joy,,,8.8M,8800000,United States,679.6K,679600,979.9K,979900
aoc,Alexandria Ocasio-Cortez,,,8.5M,8500000,United States,290.1K,290100,363K,363000
apple,apple,Computers & Gadgets,Photography,27.4M,27400000,India,83.4K,83400,111.2K,111200
araikgalstyanmoscowschool,Ôº°Ôº≤Ôº°Ôº©Ôº´  ÔºßÔº°Ôº¨Ôº≥Ôº¥ÔºπÔº°ÔºÆ¬ÆÔ∏è,Beauty,,13M,13000000,Turkey,323K,323000,416.7K,416700
arianagrande,Ariana Grande,Music,,302.3M,302300000,United States,2.9M,2900000,4.1M,4100000
arigameplays,ARIGAMEPLAYS,,,9.7M,9700000,Mexico,900.6K,900600,1.1M,1100000
arishfakhan138,Sayyed Arishfa Khan üíé,Cinema & Actors/actresses,,28M,28000000,India,183.1K,183100,221.4K,221400
arminzareeiofficial,Armin Zareei,,,9.5M,9500000,Iran,178.5K,178500,286.1K,286100
aron.piper,ARONüåúüåû,Music,Lifestyle,13.9M,13900000,Brazil,273.1K,273100,515.6K,515600
arsenal,Arsenal Official,Sports with a ball,,21.5M,21500000,United Kingdom,79.9K,79900,120K,120000
arthuraguiar,Arthur Aguiar,Music,Cinema & Actors/actresses,12.7M,12700000,Brazil,104.1K,104100,236.8K,236800
asalamaleh,Asala Maleh,Shows,,6.6M,6600000,Iraq,415.9K,415900,514.5K,514500
asaprocky,GRIM,Music,,14.6M,14600000,United States,383.6K,383600,641.7K,641700
ashishchanchlani,Ashish Chanchlani,Cinema & Actors/actresses,,13.3M,13300000,India,832.6K,832600,1M,1000000
ashleybenson,Ashley Benson,Modeling,,22.4M,22400000,Brazil,101K,101000,144.3K,144300
ashleygraham,A S H L E Y  G R A H A M,Modeling,,17.2M,17200000,United States,392.7K,392700,519.5K,519500
aslisona,Sonakshi Sinha,Cinema & Actors/actresses,Lifestyle,21.4M,21400000,India,110.2K,110200,134.1K,134100
ateez_official_,ATEEZ(ÏóêÏù¥Ìã∞Ï¶à),Music,,6.3M,6300000,United States,410.9K,410900,472.1K,472100
attahalilintar,Atta Halilintar - PAPATA,Art/Artists,Shows,23.1M,23100000,Indonesia,140.2K,140200,192.3K,192300
auba,Pierre-Emerick Aubameyang,Sports with a ball,,12M,12000000,United Kingdom,379.3K,379300,602.1K,602100
aum_patchrapa,Patchrapa Chai,Cinema & Actors/actresses,Lifestyle,14.1M,14100000,Thailand,150.3K,150300,179.2K,179200
aurelie.hermansyah,Aurelie Hermansyah Atta,Beauty,,25.3M,25300000,Indonesia,475.2K,475200,601.1K,601100
avani,avani,Beauty,Lifestyle,18.8M,18800000,United States,337K,337000,451.9K,451900
avneetkaur_13,Avneet Kaur Official,Cinema & Actors/actresses,,30.5M,30500000,India,281.3K,281300,341.1K,341100
avrillavigne,Avril Lavigne,Music,Cinema & Actors/actresses,10.7M,10700000,Brazil,211.2K,211200,263K,263000
awez_darbar,Awez Darbar,Shows,Humor & Fun & Happiness,17.8M,17800000,India,466K,466000,558.4K,558400
aykutelmas,Aykut Elmas,Cinema & Actors/actresses,Photography,6.8M,6800000,Turkey,321K,321000,376.5K,376500
badbunnypr,,Music,,38.5M,38500000,United States,2.5M,2500000,3.9M,3900000
badgalriri,badgalriri,Music,Beauty,125.1M,125100000,United States,2.8M,2800000,4.6M,4600000
baifernbah,baifernbah,Lifestyle,,10.4M,10400000,Indonesia,224.5K,224500,284.6K,284600
bambam1a,BamBam,Music,,16M,16000000,Brazil,684.3K,684300,863K,863000
barackobama,Barack Obama,Finance & Economics,Business & Careers,35.4M,35400000,United States,148.3K,148300,174.6K,174600
barbieferreira,barbie ferreira,,,6.1M,6100000,United States,635.5K,635500,1.2M,1200000
bbrightvc,bright,Cinema & Actors/actresses,,13.5M,13500000,Indonesia,1.7M,1700000,2M,2000000
bclsinclair,Bunga Citra Lestari,Music,,20.2M,20200000,Indonesia,153.5K,153500,242.6K,242600
beberexha,Bebe Rexha,Music,Lifestyle,10.8M,10800000,India,221.5K,221500,327K,327000
bebytsabina,Cut Beby Tshabina,Modeling,,7.1M,7100000,Indonesia,243.4K,243400,373.9K,373900
beingsalmankhan,Salman Khan,Cinema & Actors/actresses,Art/Artists,50.7M,50700000,India,474.6K,474600,604.4K,604400
belindapop,Beli,Music,,14.9M,14900000,Mexico,136.7K,136700,197K,197000
bellahadid,Bella ü¶ã,Modeling,,50.6M,50600000,United States,566.9K,566900,905.3K,905300
bellapoarch,Bella Poarch,,,14.3M,14300000,United States,859.5K,859500,1.2M,1200000
bellathorne,BELLA,Music,Art/Artists,25.2M,25200000,United States,289.5K,289500,485.7K,485700
bernardokath,Kathryn Bernardo üêò,Beauty,Cinema & Actors/actresses,16.8M,16800000,Philippines,452.7K,452700,545.4K,545400
beyonce,BeyonceÃÅ,Music,Fashion,246.9M,246900000,United States,2.6M,2600000,3.7M,3700000
bhadbhabie,‚Ñ¨ùíΩùí∂ùí∑ùíæ‚ÑØü¶ã,Music,,16.4M,16400000,United States,143.1K,143100,268K,268000
bhuvan.bam22,Bhuvan Bam,Cinema & Actors/actresses,,14.2M,14200000,India,741K,741000,915.8K,915800
bianca,BOCA ROSA,Beauty,,17.7M,17700000,Brazil,73.6K,73600,172.2K,172200
bibisbeautypalace,! Bibi,Family,Lifestyle,7.8M,7800000,Germany,322.7K,322700,369.6K,369600
bighit_ent,BigHit Music Updates,Music,,13M,13000000,Indonesia,721.3K,721300,888.5K,888500
bigsean,BIGSEAN,Music,Art/Artists,14.6M,14600000,United States,169.9K,169900,310.3K,310300
billieeilish,BILLIE EILISH,Music,,101.7M,101700000,United States,2.6M,2600000,3.4M,3400000
bizarrap,BZRP,Music,,11.5M,11500000,Argentina,920.8K,920800,1.1M,1100000
blackpinkofficial,BLŒõ∆ÜKPI–òK,Music,,46.2M,46200000,Indonesia,1.1M,1100000,1.4M,1400000
blakelively,Blake Lively,Cinema & Actors/actresses,,32M,32000000,United States,827.1K,827100,1.3M,1300000
bleacherreport,Bleacher Report,Sports with a ball,,18.4M,18400000,United States,103.8K,103800,204.7K,204700
blythe,Andrea Brillantes,Cinema & Actors/actresses,Modeling,13.4M,13400000,Philippines,196.9K,196900,224.1K,224100
bmw,BMW,Cars & Motorbikes,,33.1M,33100000,India,73.1K,73100,97.6K,97600
bn_sj2013,·Ñá·Ö°·Ü®·Ñâ·Ö•·Ñå·ÖÆ·Ü´,Cinema & Actors/actresses,Modeling,21.4M,21400000,Indonesia,2.5M,2500000,2.9M,2900000
bobbyindaeyo,üíÄ,Music,,3.4M,3400000,Indonesia,679.1K,679100,791.2K,791200
borodylia,–ö—Å–µ–Ω–∏—è –ë–æ—Ä–æ–¥–∏–Ω–∞,Shows,Family,18.2M,18200000,Russia,123K,123000,153.2K,153200
bramastavrl,Verrell Bramasta,Cinema & Actors/actresses,Lifestyle,23.7M,23700000,Indonesia,109.1K,109100,138.9K,138900
brentrivera,Brent Rivera,Music,Cinema & Actors/actresses,22.1M,22100000,United States,888.3K,888300,1.2M,1200000
bretmanrock,Bretman (Da Baddest) Rock,Art/Artists,Beauty,18.3M,18300000,United States,551K,551000,927.9K,927900
brfootball,Bleacher Report Football,Sports with a ball,,11.9M,11900000,United States,146K,146000,236K,236000
briandadeyanara,BRIANDA üíñ,,,12.6M,12600000,Mexico,355.2K,355200,417.3K,417300
brianmaps,–ë—Ä–∞–∏ÃÜ–Ω –ú–∞–ø—Å (–ú–∞–∫—Å –¢–∞—Ä–∞—Å–µ–Ω–∫–æ),Photography,,5.8M,5800000,Russia,608.4K,608400,627.9K,627900
britneyspears,Britney Spears,Music,,40.2M,40200000,United States,180.5K,180500,251.6K,251600
brunamarquezine,Bruna Marquezine,Cinema & Actors/actresses,,42.6M,42600000,Brazil,485.2K,485200,837.2K,837200
brunomars,Bruno Mars,Music,,24.9M,24900000,Brazil,328.7K,328700,499K,499000
brycehall,Bryce Hall,Music,,7.5M,7500000,United States,279.2K,279200,358.7K,358700
bts.bighitofficial,BTS official,Music,,61.7M,61700000,Indonesia,2.4M,2400000,2.6M,2600000
bugatti,BUGATTI,Cars & Motorbikes,Luxury,16.1M,16100000,United States,124.1K,124100,168.5K,168500
bumkeyk,SHINee KEY,Music,,9M,9000000,Indonesia,376.3K,376300,451.6K,451600
burakozcivit,Burak OÃàzcÃßivit,Cinema & Actors/actresses,,20.5M,20500000,Turkey,492.8K,492800,597.5K,597500
burcuozberk,Burcu OÃàzberk,Cinema & Actors/actresses,,9M,9000000,Turkey,560.9K,560900,725.6K,725600
bypamella,BY PAMELLA ‚ú®üßø,Shows,,9.4M,9400000,Brazil,237.7K,237700,406.8K,406800
c.syresmith,Jaden Smith,Cinema & Actors/actresses,Lifestyle,18.6M,18600000,United States,190.1K,190100,294.6K,294600
camerondallas,Cameron Dallas,Cinema & Actors/actresses,,23M,23000000,United States,104.8K,104800,182.6K,182600
camila_cabello,camila,Music,,60.9M,60900000,Brazil,305.4K,305400,418.1K,418100
camilaloures,Camila Loures,Shows,,17.6M,17600000,Brazil,131.5K,131500,196.3K,196300
camilladelucas,Camilla de Lucas,Beauty,,10.8M,10800000,Brazil,205.2K,205200,376.8K,376800
camilo,C A M I L O,Music,,26.4M,26400000,Argentina,252.3K,252300,398.9K,398900
camimendes,camila mendes,Cinema & Actors/actresses,,26.8M,26800000,Brazil,1.1M,1100000,1.6M,1600000
canelo,Saul Alvarez,Fitness & Gym,,12.8M,12800000,Mexico,203K,203000,282.2K,282200
canyaman,Can Yaman,Cinema & Actors/actresses,Modeling,9.3M,9300000,Italy,324.4K,324400,402.8K,402800
caradelevingne,Cara Delevingne,Modeling,Cinema & Actors/actresses,43.3M,43300000,United States,130.1K,130100,182.8K,182800
carlinhosmaiaof,Carlinhos Maiaüåª,Lifestyle,,24.8M,24800000,Brazil,441.9K,441900,810.7K,810700
carryminati,ùë®ùíãùíÜùíö ùëµùíÇùíàùíÇùíì,Computers & Gadgets,Machinery & Technologies,15M,15000000,India,885.8K,885800,1M,1000000
casemiro,Casemiro,Sports with a ball,,14M,14000000,Spain,149.8K,149800,224.1K,224100
caviarmagnat,by Tregubov,,,13.3M,13300000,Russia,148.6K,148600,214.4K,214400
cazzu,‚ô° ùñìùñäùñìùñÜ ·¥õ Ä·¥Ä·¥ç·¥ò·¥Ä,Music,,9.8M,9800000,Argentina,396.2K,396200,508K,508000
cbum,Chris Bumstead,Fitness & Gym,,6.6M,6600000,United States,248.7K,248700,410.6K,410600
celestebarber,Celeste Barber,Humor & Fun & Happiness,,8.9M,8900000,United States,364.8K,364800,393.2K,393200
chaelincl,CL,Art/Artists,Fashion,9.8M,9800000,Brazil,259K,259000,342.5K,342500
championsleague,UEFA Champions League,Sports with a ball,,91.4M,91400000,Brazil,255.3K,255300,344.4K,344400
channingtatum,Channing Tatum,Cinema & Actors/actresses,,17M,17000000,United States,272.1K,272100,393.2K,393200
charles_leclerc,Charles Leclerc,Racing Sports,,6.6M,6600000,Italy,473.9K,473900,629.2K,629200
charlidamelio,cd,Lifestyle,Shows,47.7M,47700000,United States,1.5M,1500000,1.9M,1900000
charlieputh,Charlie Puth,Music,,15.7M,15700000,United States,320.5K,320500,456.2K,456200
chelseafc,Chelsea FC,Sports with a ball,,33.2M,33200000,Indonesia,115.7K,115700,172.4K,172400
chiaraferragni,Chiara Ferragni ‚ú®,Beauty,,26.7M,26700000,Italy,372K,372000,616.6K,616600
chloegmoretz,Chlo√´ Grace Moretz,Cinema & Actors/actresses,,20.1M,20100000,United States,292.9K,292900,392.5K,392500
choi_seung_hyun_tttop,T.O.P,,,13.6M,13600000,Indonesia,337.7K,337700,400.7K,400700
choquei,CHOQUEI - BBB22,Literature & Journalism,,17M,17000000,Brazil,90.1K,90100,279.5K,279500
chrisbrownofficial,BREEZY,Music,,106M,106000000,United States,157.1K,157100,241.9K,241900
chrisevans,Chris Evans,,,14.8M,14800000,United States,2M,2000000,2.4M,2400000
chrishemsworth,Chris Hemsworth,Cinema & Actors/actresses,,54M,54000000,India,776.6K,776600,998.1K,998100
chrissyteigen,chrissy teigen,Shows,Modeling,37.4M,37400000,United States,158K,158000,205.5K,205500
ciara,Ciara,Music,Modeling,31.3M,31300000,United States,199.4K,199400,270.6K,270600
claaragalle,Clara GalleüåÄ,,,3.2M,3200000,Mexico,425.2K,425200,771.6K,771600
claireholt,Claire Holt,Cinema & Actors/actresses,Lifestyle,7.4M,7400000,United States,304.1K,304100,415.4K,415400
claragnds,Maria Clara Garcia,,,6.4M,6400000,Brazil,153.4K,153400,386.6K,386600
clean_0828,·ÑÄ·Öµ·Ü∑·Ñâ·Ö¶·Ñå·Ö•·Üº,Lifestyle,,5.5M,5500000,Indonesia,1.3M,1300000,1.6M,1600000
cocielo,JuÃÅlio Cocielo Estaniecki,Cinema & Actors/actresses,,17.8M,17800000,Brazil,360.6K,360600,564.8K,564800
coldplay,Coldplay,Music,,15.4M,15400000,Brazil,274K,274000,381.3K,381300
cole.labrant,Cole LaBrant,Lifestyle,Fashion,5M,5000000,United States,412.6K,412600,580.8K,580800
colesprouse,Cole Sprouse,Modeling,,36M,36000000,United States,352.7K,352700,459.3K,459300
colleen,Colleen Ballinger,Family,Fashion,7.5M,7500000,United States,368.3K,368300,463.6K,463600
conangray,Conan Gray,Music,,5.7M,5700000,Brazil,785.4K,785400,1.2M,1200000
courteneycoxofficial,Courteney Cox,Cinema & Actors/actresses,,12.1M,12100000,India,319.9K,319900,421.9K,421900
cristiano,Cristiano Ronaldo,Sports with a ball,,419.6M,419600000,India,5.7M,5700000,7M,7000000
cvillaloboss,CARMEN VILLALOBOS,Shows,Cinema & Actors/actresses,19.2M,19200000,Colombia,247.3K,247300,305.1K,305100
cznburak,Burak OÃàzdemir,Food & Cooking,,32.9M,32900000,Turkey,615.2K,615200,836K,836000
d_a___m_i,KIM DA MI,,,4.3M,4300000,Indonesia,1.1M,1100000,1.4M,1400000
d_degeaofficial,David De Gea,Sports with a ball,,12.9M,12900000,United Kingdom,306.8K,306800,434.4K,434400
daddyyankee,Daddy Yankee,Music,,44.9M,44900000,Argentina,1.3M,1300000,1.8M,1800000
dagelan,Dagelan,Humor & Fun & Happiness,,20.6M,20600000,Indonesia,83.4K,83400,140.5K,140500
danbilzerian,Dan Bilzerian,Cinema & Actors/actresses,,32.8M,32800000,India,1.3M,1300000,2.1M,2100000
danialves,Daniel Alves,Sports with a ball,,35.7M,35700000,Brazil,170.6K,170600,264.9K,264900
daniel.k.here,Daniel Kang,Lifestyle,,4.8M,4800000,Indonesia,458.9K,458900,577.4K,577400
danielricciardo,Daniel Ricciardo,Racing Sports,,6.6M,6600000,United States,361.1K,361100,469.2K,469200
dannapaola,Danna Paola,Music,,33.5M,33500000,Mexico,931.6K,931600,1.3M,1300000
daquan,Daquan,Humor & Fun & Happiness,,16.8M,16800000,United States,364.2K,364200,561.9K,561900
darshanravaldz,Darshan Raval #Goriye,Music,,14.8M,14800000,India,205.9K,205900,249.1K,249100
dava_m,–î–∞–≤–∞ ‚ìÇÔ∏è –í—Å–µÃà –±—É–¥–µ—Ç —Ö–æ—Ä–æ—à–æüß∏,Business & Careers,,13.7M,13700000,Russia,166K,166000,215.9K,215900
davidalaba,David Alaba,Sports with a ball,,8.5M,8500000,Spain,301.4K,301400,426.7K,426700
davidbeckham,David Beckham,Family,Sports with a ball,71.9M,71900000,India,500.4K,500400,641.1K,641100
davidluiz23,David Luiz,Sports with a ball,,21.2M,21200000,Brazil,69.8K,69800,152.4K,152400
davido,Davido,Music,,23.3M,23300000,Nigeria,184.9K,184900,259.3K,259300
davidwarner31,David Warner,Sports with a ball,,9.1M,9100000,India,238.2K,238200,279.7K,279700
davikah,davikah,Modeling,,15.9M,15900000,Thailand,355.3K,355300,460.8K,460800
dbook,Devin,,,5.1M,5100000,United States,248.8K,248800,489K,489000
ddlovato,Demi Lovato,Music,,128.7M,128700000,United States,319.8K,319800,418.4K,418400
dean.schneider,Dean Schneider,Animals,,10.1M,10100000,India,271.5K,271500,348.2K,348200
dearra,De'arra Taylor,Lifestyle,,6M,6000000,United States,236.9K,236900,589.9K,589900
debbyryan,Debby Ryan,Music,Cinema & Actors/actresses,16.7M,16700000,United States,169.4K,169400,246.4K,246400
deepikapadukone,Deepika Padukone,Cinema & Actors/actresses,,65.5M,65500000,India,347.2K,347200,450.3K,450300
deiveleonardo,Deive Leonardo,Literature & Journalism,Trainers & Coaches,10.8M,10800000,Brazil,234.3K,234300,431.4K,431400
demetozdemir,Demet OÃàzdemir,Cinema & Actors/actresses,,15M,15000000,Turkey,335.6K,335600,449K,449000
demirose,Demi üåπ,Modeling,Lifestyle,19.2M,19200000,United States,395.9K,395900,515K,515000
dew_jsu,2000,,,4.5M,4500000,Indonesia,798.4K,798400,1.1M,1100000
dhanushkraja,Dhanush,Cinema & Actors/actresses,,4.2M,4200000,India,685.1K,685100,886.3K,886300
diddy,LOVE,Music,Cinema & Actors/actresses,18.4M,18400000,United States,109.4K,109400,164.5K,164500
diljitdosanjh,DILJIT DOSANJH,Cinema & Actors/actresses,,12.9M,12900000,India,203.3K,203300,244.7K,244700
dindahw,Dinda Hauw,Cinema & Actors/actresses,,13.9M,13900000,Indonesia,288.8K,288800,431.5K,431500
dishapatani,disha patani (paatni) ü¶ã,Cinema & Actors/actresses,Lifestyle,49.6M,49600000,India,909.3K,909300,1.1M,1100000
divyankatripathidahiya,Divyanka Tripathi Dahiya,Shows,Cinema & Actors/actresses,18.9M,18900000,India,146.5K,146500,168.2K,168200
dixiedamelio,dixie,Music,Clothing & Outfits,25.1M,25100000,United States,293K,293000,430.3K,430300
djokernole,Novak Djokovic,Sports with a ball,,10.4M,10400000,Serbia,195.7K,195700,240.9K,240900
djsnake,djsnake,Music,,9.1M,9100000,India,362.2K,362200,429.6K,429600
djxiao_888,XIAOJUN,,,6.6M,6600000,Indonesia,1.1M,1100000,1.3M,1300000
dkharbour,David Harbour,Cinema & Actors/actresses,,6.2M,6200000,United States,352.2K,352200,461.5K,461500
dlwlrma,·Ñã·Öµ·Ñå·Öµ·ÑÄ·Ö≥·Ü∑ IU,Art/Artists,,25.8M,25800000,South Korea,2.9M,2900000,3.5M,3500000
dntlrdl,CHOIWOOSHIK,Lifestyle,,5.9M,5900000,Indonesia,1.5M,1500000,2M,2000000
do0_nct,Doyoung,,,9.8M,9800000,Indonesia,1.4M,1400000,1.9M,1900000
dojacat,Doja Cat,Music,,22.4M,22400000,United States,2.8M,2800000,3.9M,3900000
domelipa,domelipa,Lifestyle,,17.2M,17200000,Mexico,1.1M,1100000,1.3M,1300000
dominicfike,,,,3.7M,3700000,United States,419.9K,419900,799K,799000
donya,Donya,Fashion,,14.7M,14700000,Iran,379.8K,379800,596.7K,596700
dovecameron,DOVE,Cinema & Actors/actresses,,46.4M,46400000,United States,618.5K,618500,807.2K,807200
dqsalmaan,Dulquer Salmaan,Cinema & Actors/actresses,,10.2M,10200000,India,176.8K,176800,239.6K,239600
dra.deolanebezerra,Deolane Bezerra,,,13.2M,13200000,Brazil,352K,352000,754.1K,754100
drewstarkey,Drew Starkey,,,3.2M,3200000,United States,630.2K,630200,1.2M,1200000
dualipa,DUA LIPA,Music,,81.6M,81600000,Mexico,2.2M,2200000,2.7M,2700000
dudewithsign,Seth,,,8.1M,8100000,United States,400K,400000,628.5K,628500
dukeandduchessofcambridge,Duke and Duchess of Cambridge,Family,Finance & Economics,13.5M,13500000,N/A,0,0,214.2K,214200
dukissj,Ya Supiste,Music,,9M,9000000,Argentina,607.2K,607200,1.1M,1100000
dylanminnette,Dylan Minnette,Music,Cinema & Actors/actresses,7.3M,7300000,United States,215.7K,215700,350.4K,350400
dylansprouse,Dylan Sprouse,Cinema & Actors/actresses,,9.3M,9300000,United States,350.3K,350300,549.8K,549800
e_milygarcia,Emily Garcia,Cinema & Actors/actresses,,11M,11000000,Brazil,230.1K,230100,380.5K,380500
earthpix,üåé  EarthPix  üåé,Nature & landscapes,Photography,22.7M,22700000,United States,118.7K,118700,145.9K,145900
easportsfifa,EA SPORTS FIFA,Sports with a ball,,25.8M,25800000,Spain,70.9K,70900,118.3K,118300
ebi,EBI,Music,,10.3M,10300000,Iran,193.6K,193600,260.5K,260500
ederbez,Eugenio Derbez,Cinema & Actors/actresses,Lifestyle,18.1M,18100000,Mexico,248.3K,248300,278.9K,278900
egorkreed,–ï–≥–æ—Ä –ö—Ä–∏–¥ | #HeartBreakKid,Music,,14.7M,14700000,Russia,322.6K,322600,396.9K,396900
eilirjani,Elton ILIRJANI,Lifestyle,,9.5M,9500000,Albania,423.9K,423900,611.6K,611600
elcinsangu,ElcÃßin Sangu,Cinema & Actors/actresses,Lifestyle,8.3M,8300000,Turkey,284.6K,284600,342.8K,342800
eliana,Eliana Michaelichen,Music,Shows,29.6M,29600000,Brazil,119.3K,119300,151.5K,151500
ellenpompeo,Ellen Pompeo,Cinema & Actors/actresses,Lifestyle,10M,10000000,Brazil,285.8K,285800,495.8K,495800
elnazshakerdoost,Elnaz Shakerdoostüé¨,Cinema & Actors/actresses,,9.5M,9500000,Iran,219K,219000,295.7K,295700
elrodrigocontreras,RODü•¥,Lifestyle,,12.7M,12700000,Mexico,563.1K,563100,620.8K,620800
elrubiuswtf,el rubius WTF,Computers & Gadgets,,16.2M,16200000,Mexico,1.4M,1400000,1.5M,1500000
emilia_clarke,,Cinema & Actors/actresses,,27M,27000000,India,490.5K,490500,617.2K,617200
emiliamernes,Emilia Mernes,Music,,4.9M,4900000,Argentina,549.5K,549500,1M,1000000
eminem,Marshall Mathers,Cinema & Actors/actresses,Music,35.6M,35600000,Iran,771.2K,771200,993.5K,993500
emmachamberlain,emma chamberlain,Lifestyle,Shows,15.3M,15300000,United States,1.1M,1100000,1.7M,1700000
emmaroberts,Emma Roberts,Cinema & Actors/actresses,,17.7M,17700000,United States,266.4K,266400,392.4K,392400
emrata,Emily Ratajkowski,Modeling,,29M,29000000,United States,475.4K,475400,758.7K,758700
enhypen,ENHYPEN,,,9.6M,9600000,Indonesia,1.5M,1500000,2.1M,2100000
erling.haaland,Erling Braut Haaland,,,14.8M,14800000,Brazil,541.8K,541800,811K,811000
esbilgic,Esra Bilgic,Lifestyle,Modeling,6.7M,6700000,India,319.1K,319100,407.1K,407100
ester_exposito,Ester üåô,Cinema & Actors/actresses,,29M,29000000,Russia,2.9M,2900000,4.3M,4300000
eunwo.o_c,Ï∞®ÏùÄÏö∞,Music,Lifestyle,27.4M,27400000,Indonesia,3.6M,3600000,4.5M,4500000
euphoria,euphoria,,,7.9M,7900000,United States,1.1M,1100000,1.8M,1800000
evaluna,Evaluna Montaner de Echeverry,Family,Music,19.8M,19800000,Argentina,812.1K,812100,1.1M,1100000
evcenf,Fahriye Evcen OÃàzcÃßivit,Lifestyle,Beauty,12.8M,12800000,Turkey,375.6K,375600,473.3K,473300
ewsbdi,Î°úÏö¥,,,4.2M,4200000,Indonesia,488.6K,488600,730.2K,730200
f1,FORMULA 1¬Æ,Racing Sports,,18.3M,18300000,Italy,266.6K,266600,337.7K,337700
fabriziorom,Fabrizio Romano,Literature & Journalism,Shows,6.4M,6400000,Italy,328.9K,328900,570.6K,570600
fadiljaidi,Fadil Jaidi,Lifestyle,,7M,7000000,Indonesia,581.5K,581500,873K,873000
faz3,Fazza,Lifestyle,,14M,14000000,United Arab Emirates,257.3K,257300,337.9K,337900
fcbarcelona,FC Barcelona,Sports with a ball,,107.1M,107100000,Indonesia,450.1K,450100,687.9K,687900
fcbayern,FC Bayern,Sports with a ball,,31.8M,31800000,Germany,115K,115000,167.4K,167400
fedez,FEDEZ,Music,,13.7M,13700000,Italy,725.5K,725500,1M,1000000
feliciathegoat,"Tyler, The Creator",Music,,12.4M,12400000,United States,1M,1000000,1.7M,1700000
felicyangelista_,Felicya Angelista,Family,,21M,21000000,Indonesia,107K,107000,147.8K,147800
felipeneto,Felipe Neto ü¶â,Lifestyle,,15.4M,15400000,Brazil,166.1K,166100,236K,236000
fifaworldcup,FIFA World Cup,Sports with a ball,,25.5M,25500000,India,71.2K,71200,109.1K,109100
florencepugh,Florence Pugh,Humor & Fun & Happiness,Cinema & Actors/actresses,7.2M,7200000,United States,926.4K,926400,1.4M,1400000
for_everyoung10,Ïû•ÏõêÏòÅ WONYOUNG,,,3.6M,3600000,Indonesia,733.9K,733900,926.9K,926900
fortnite,Fortnite,Computers & Gadgets,,26.1M,26100000,United States,102.1K,102100,120.3K,120300
francety,Francia James,Adult content,,10.6M,10600000,India,250.4K,250400,328.3K,328300
francinyehlke,F–ØAN,Beauty,,15.2M,15200000,Brazil,86.4K,86400,188.6K,188600
frenchmontana,French Montana,Music,,24.5M,24500000,United States,91.5K,91500,151.6K,151600
frenkiedejong,Frenkie de Jong,Sports with a ball,,10M,10000000,Spain,528.6K,528600,792.5K,792500
fuckjerry,FUCKJERRY,Humor & Fun & Happiness,,16.6M,16600000,United States,405.3K,405300,523.1K,523100
fuji_an,Fujianti Utami Putri,,,10.3M,10300000,Indonesia,531.8K,531800,1.3M,1300000
gabigol,Gabi üáßüá∑ Lil Gabi,Sports with a ball,,9.6M,9600000,Brazil,282K,282000,427K,427000
gal_gadot,Gal Gadot,Cinema & Actors/actresses,,77M,77000000,United States,597.5K,597500,771.6K,771600
galatasaray,Galatasaray,Sports with a ball,,11.1M,11100000,Turkey,254.4K,254400,307.8K,307800
garethbale11,Gareth Bale,Sports with a ball,,46.3M,46300000,Spain,402.2K,402200,633.9K,633900
gatenm123,Gaten Matarazzo,Music,Cinema & Actors/actresses,13.6M,13600000,Brazil,449.5K,449500,594.1K,594100
geneliad,Genelia Deshmukh,Cinema & Actors/actresses,,9.6M,9600000,India,444.4K,444400,550.6K,550600
georgenotfound,GeorgeNotFound,,,3.1M,3100000,United States,997.8K,997800,1.1M,1100000
georginagio,Georgina RodriÃÅguez,Lifestyle,Fashion,36.5M,36500000,India,2.5M,2500000,3.5M,3500000
gessicakayane,GKAY,Shows,Humor & Fun & Happiness,19.3M,19300000,Brazil,173.6K,173600,357.9K,357900
ggonekim,,,,5.1M,5100000,Indonesia,441.6K,441600,542.6K,542600
gianlucavacchi,Gianluca Vacchi,Lifestyle,,22.2M,22200000,Brazil,511.4K,511400,787.2K,787200
giannis_an34,Giannis Antetokounmpo,Sports with a ball,,12.3M,12300000,United States,217.8K,217800,344.6K,344600
gigihadid,Gigi Hadid,Modeling,Lifestyle,73.2M,73200000,United States,1.9M,1900000,2.8M,2800000
gildovigor,GIL DO VIGOR,,,15M,15000000,Brazil,442.5K,442500,612.2K,612200
gima_ashi,Garima Chaurasia üíô,Lifestyle,,13.9M,13900000,India,145.1K,145100,197.8K,197800
gioewbank,Giovanna Ewbank,Cinema & Actors/actresses,Modeling,28M,28000000,Brazil,181.4K,181400,290.6K,290600
gisele,Gisele BuÃàndchen,Modeling,Fashion,18.9M,18900000,Brazil,274.6K,274600,408K,408000
goar_avetisyan,Goar Avetisyan,Beauty,,11.5M,11500000,Russia,510.5K,510500,707.9K,707900
golfarahani,Golshifteh Farahani,Cinema & Actors/actresses,,12.6M,12600000,Iran,307.5K,307500,395.7K,395700
grantgust,Grant Gustin,Cinema & Actors/actresses,Fashion,7.8M,7800000,Brazil,343.4K,343400,487.3K,487300
greeicy,Greeicy,Shows,Cinema & Actors/actresses,20.4M,20400000,Colombia,201.4K,201400,270.9K,270900
grefg_official,TheGrefg,Computers & Gadgets,Machinery & Technologies,7.1M,7100000,Spain,440.1K,440100,546.1K,546100
gucci,Gucci Official,Accessories & Jewellery,Clothing & Outfits,47.9M,47900000,United States,57.9K,57900,74.3K,74300
gururandhawa,Guru Randhawa,Music,,31.5M,31500000,India,110.8K,110800,135.4K,135400
gusein.gasanov,–ì–£–°–ï–òÃÜ–ù –ì–ê–°–ê–ù–û–í,Shows,,21M,21000000,Russia,524.5K,524500,786.1K,786100
gusttavolima,üèõ Gusttavo Lima üèõ,Music,,42.9M,42900000,Brazil,46.9K,46900,79.8K,79800
hadise,Hadise,Music,Shows,13.7M,13700000,Turkey,220.7K,220700,257.2K,257200
haechanahceah,HAECHAN,,,2.7M,2700000,N/A,0,0,2.1M,2100000
haileesteinfeld,hailee steinfeld,Cinema & Actors/actresses,,18.2M,18200000,United States,1.5M,1500000,1.9M,1900000
haileybieber,Hailey Rhode Baldwin Bieber,Lifestyle,Modeling,42.2M,42200000,United States,1.8M,1800000,2.4M,2400000
hakkiakdenizz,hakki akdeniz,Business & Careers,,17.6M,17600000,Russia,120.2K,120200,174.4K,174400
handemiyy,Hande ErcÃßel,Cinema & Actors/actresses,,27.3M,27300000,Turkey,2.1M,2100000,2.8M,2800000
hannahstocking,Hannah Stocking,Modeling,,21M,21000000,United States,237.2K,237200,337.8K,337800
hardikpandya93,Hardik Himanshu Pandya,Sports with a ball,,20.6M,20600000,India,860.3K,860300,1.1M,1100000
harrykane,Harry Kane,Sports with a ball,,12.3M,12300000,United Kingdom,148.3K,148300,204.4K,204400
harrystyles,,Music,Fashion,43.3M,43300000,Brazil,2.9M,2900000,3.9M,3900000
hassan_reyvandi,hasan reyvandi ÿ≠ÿ≥ŸÜ ÿ±€åŸàŸÜÿØ€å,Cinema & Actors/actresses,Humor & Fun & Happiness,18.7M,18700000,Iran,330.1K,330100,456.5K,456500
hegdepooja,Pooja Hegde,Cinema & Actors/actresses,,18.8M,18800000,India,831.7K,831700,959.3K,959300
helen_yes1,–ï–ª–µ–Ω–∞ –°–∞–∂–∏–Ω–∞,Cinema & Actors/actresses,,10.5M,10500000,Russia,342.4K,342400,442.6K,442600
henrycavill,Henry Cavill,Cinema & Actors/actresses,,19.7M,19700000,Brazil,795.1K,795100,966.5K,966500
heybiblee,·Ñã·Öµ·Ñâ·Ö•·Üº·ÑÄ·Öß·Üº,Modeling,,13.5M,13500000,Indonesia,971.1K,971100,1.3M,1300000
hi_high_hiy,·Ñí·Ö™·Üº·Ñã·Öµ·Ü´·Ñã·Öß·Ü∏,Cinema & Actors/actresses,,12.9M,12900000,South Korea,2.6M,2600000,3M,3000000
hi_songjoongki,·Ñâ·Ö©·Üº·Ñå·ÖÆ·Üº·ÑÄ·Öµ songjoongki official,Cinema & Actors/actresses,,8.8M,8800000,Indonesia,1.7M,1700000,2.4M,2400000
hi_sseulgi,Ïä¨Í∏∞ Seulgi,Modeling,,11.9M,11900000,Indonesia,849.6K,849600,1.1M,1100000
hichasestokes,,Lifestyle,,7.4M,7400000,United States,640.9K,640900,959.8K,959800
hilaryduff,Hilary Duff,Cinema & Actors/actresses,,20.6M,20600000,United States,147.3K,147300,188.2K,188200
hm_son7,Son HeungMin(ÏÜêÌù•ÎØº)üá∞üá∑,,,6M,6000000,Brazil,395.9K,395900,644.2K,644200
holyhaein,Ï†ïÌï¥Ïù∏,,,9.7M,9700000,Indonesia,2.1M,2100000,2.6M,2600000
hoooooyeony,Hoyeon,Lifestyle,,23.7M,23700000,South Korea,2M,2000000,2.7M,2700000
houseofhighlights,House of Highlights,Sports with a ball,,32.7M,32700000,United States,64.6K,64600,117.2K,117200
hrithikroshan,Hrithik Roshan,Cinema & Actors/actresses,,41.9M,41900000,India,638.3K,638300,805.3K,805300
hshq,Harry Styles HQ,Music,Cinema & Actors/actresses,5.5M,5500000,United States,488.1K,488100,859.1K,859100
huddy,Chase Hudson,Lifestyle,Art/Artists,11.9M,11900000,Brazil,228.4K,228400,317.8K,317800
humansofny,Humans of New York,Lifestyle,Photography,11.8M,11800000,United States,181.9K,181900,215.4K,215400
hunterschafer,Hunter,,,7.1M,7100000,United States,957.2K,957200,1.6M,1600000
hyeri_0609,·Ñí·Ö®·ÑÖ·Öµ,Music,,7M,7000000,South Korea,447.6K,447600,539K,539000
hyunah_aa,Hyun Ah,Music,,17.6M,17600000,South Korea,378.1K,378100,448.7K,448700
hziyech,Hakim Ziyech,Sports with a ball,,6M,6000000,Morocco,348.4K,348400,476K,476000
hztttao,Z.TAOüî¥ÈªÑÂ≠êÈü¨,Music,,11.3M,11300000,Indonesia,253.1K,253100,281.3K,281300
i_m_hendery,Hiüëâüèªim Henderyüëàüèª,,,6M,6000000,United States,965.5K,965500,1.3M,1300000
i_nivethathomas,Nivetha Thomas,Cinema & Actors/actresses,,5.9M,5900000,India,395.3K,395300,447K,447000
iambeckyg,Becky G,Music,,31.2M,31200000,Mexico,679.2K,679200,817.4K,817400
iamcardib,Cardi B,Music,Fashion,127.2M,127200000,United States,2.3M,2300000,3.3M,3300000
iamferv,fer,Lifestyle,Art/Artists,8.8M,8800000,Mexico,1M,1000000,1.5M,1500000
iamhalsey,halsey,Music,,28.9M,28900000,United States,793.7K,793700,1M,1000000
iammichelemorroneofficial,Michele Morrone,Lifestyle,Cinema & Actors/actresses,12.9M,12900000,Brazil,654.1K,654100,938.9K,938900
iampauloandre,Paulo AndreÃÅ üèÅ,Lifestyle,,6.1M,6100000,Brazil,122.2K,122200,424.4K,424400
iamsrk,Shah Rukh Khan,Cinema & Actors/actresses,,28.6M,28600000,India,717K,717000,909.7K,909700
iamzlatanibrahimovic,Zlatan Ibrahimoviƒá,Sports with a ball,,52.9M,52900000,Italy,306.7K,306700,473.1K,473100
iansomerhalder,iansomerhalder,Cinema & Actors/actresses,,22.5M,22500000,United States,527.6K,527600,788.9K,788900
ibaillanos,Ibai,Art/Artists,,6.8M,6800000,Spain,859.1K,859100,1.2M,1200000
ileana_official,Ileana D'Cruz,Cinema & Actors/actresses,,14.1M,14100000,India,286K,286000,347.7K,347700
imhyoseop,ÏïàÌö®ÏÑ≠,Lifestyle,,6M,6000000,Indonesia,1.2M,1200000,1.4M,1400000
imouniroy,mon,Cinema & Actors/actresses,,22.6M,22600000,India,238.9K,238900,290.7K,290700
imsebastianstan,Sebastian Stan,Shows,Cinema & Actors/actresses,9M,9000000,United States,566.1K,566100,672.9K,672900
indiancricketteam,Team India,Sports with a ball,,23.9M,23900000,India,223.2K,223200,260.3K,260300
indiaroyale,India,Lifestyle,,4M,4000000,United States,384.5K,384500,1.1M,1100000
inijedar,Jessica Iskandar Verhaag,Cinema & Actors/actresses,,29.4M,29400000,Indonesia,74.5K,74500,99.7K,99700
instagram,Instagram,Photography,,487.2M,487200000,India,352.3K,352300,467.4K,467400
iqbaal.e,iqbaal ramadhan,Cinema & Actors/actresses,,13.4M,13400000,Indonesia,271.4K,271400,465.9K,465900
irinashayk,irinashayk,Modeling,,17.9M,17900000,Russia,121.8K,121800,169K,169000
iscoalarcon,Isco Alarcon Suarez,Sports with a ball,,23.3M,23300000,Spain,142.7K,142700,206.2K,206200
isisvalverde,isis valverde,Cinema & Actors/actresses,Lifestyle,27.8M,27800000,Brazil,79.4K,79400,117.2K,117200
its.michhh,Michel Chavez,,,5.3M,5300000,Mexico,605.1K,605100,741.2K,741200
itsmarziapie,Marzia Kjellberg,Beauty,Lifestyle,8.2M,8200000,United States,603.2K,603200,705.1K,705100
itzy.all.in.us,ITZY,Music,,15.8M,15800000,Indonesia,761.5K,761500,930.8K,930800
j.m,JIMIN of BTS,,,32.7M,32700000,N/A,12.7M,12700000,12.7M,12700000
jackharlow,Jack Harlow,Lifestyle,Music,5.1M,5100000,United States,330.8K,330800,618.4K,618400
jacksepticeye,Jacksepticeye,Computers & Gadgets,Machinery & Technologies,7.7M,7700000,United States,277.7K,277700,322.3K,322300
jacksonwang852g7,Jackson Wang,Music,,27.3M,27300000,China,950.1K,950100,1.1M,1100000
jacobelordi,Jacob Elordi,Cinema & Actors/actresses,,13.2M,13200000,Brazil,997.4K,997400,1.6M,1600000
jacquelinef143,Jacqueline Fernandez,Cinema & Actors/actresses,,59.3M,59300000,India,322K,322000,391.8K,391800
jadepicon,JADE üå™,Modeling,Fashion,19.4M,19400000,Brazil,375.2K,375200,818.4K,818400
jailyneojeda,Jailyne Ojeda Ochoa,Modeling,Lifestyle,14.1M,14100000,United States,183.1K,183100,253.7K,253700
jaimelorentelo,El chaval,Cinema & Actors/actresses,,14.5M,14500000,Brazil,285.1K,285100,381.8K,381800
jairmessiasbolsonaro,Jair M. Bolsonaro,Finance & Economics,Business & Careers,19.5M,19500000,Brazil,150.9K,150900,212.6K,212600
jakepaul,Jake Paul,Cinema & Actors/actresses,,19.2M,19200000,United States,278.2K,278200,465.1K,465100
jamescharles,James Charles,Beauty,,23.3M,23300000,United States,293.9K,293900,432K,432000
jamesrodriguez10,James RodriÃÅguez,Sports with a ball,,49.1M,49100000,Colombia,506K,506000,768.3K,768300
jamorant,12 ü•∑üèΩüñ§,Lifestyle,Sports with a ball,5.9M,5900000,United States,332.9K,332900,537.8K,537800
janhvikapoor,Janhvi Kapoor,Lifestyle,Cinema & Actors/actresses,16.1M,16100000,India,951.3K,951300,1.1M,1100000
jannatzubair29,Jannat Zubair Rahmani,Cinema & Actors/actresses,,41.2M,41200000,India,614.7K,614700,748.6K,748600
jaspritb1,jasprit bumrah,Lifestyle,,9.5M,9500000,India,466.5K,466500,536K,536000
jaybnow.hr,LIM JAE BEOM,Music,,6.6M,6600000,Brazil,561.3K,561300,731.7K,731700
jaydacheaves,JAYDA WAYDA,Clothing & Outfits,,7M,7000000,United States,128.5K,128500,381.3K,381300
jbalvin,J Balvin,Music,,51.9M,51900000,Mexico,273.6K,273600,363K,363000
jennaortega,Jenna Ortega,Cinema & Actors/actresses,Lifestyle,7.4M,7400000,United States,257.1K,257100,366.1K,366100
jennierubyjane,J,Music,,64.8M,64800000,Indonesia,6.2M,6200000,7.4M,7400000
jennifer.garner,Jennifer Garner,Cinema & Actors/actresses,,12.5M,12500000,United States,255.6K,255600,289.4K,289400
jenniferaniston,Jennifer Aniston,Cinema & Actors/actresses,,40.1M,40100000,Brazil,1.6M,1600000,2.3M,2300000
jenniferwinget1,Jennifer Winget,Cinema & Actors/actresses,,12.3M,12300000,India,322.3K,322300,391.7K,391700
jennmuriel,Jenn muriel,Lifestyle,Modeling,5.5M,5500000,Colombia,451.5K,451500,562.6K,562600
jensenackles,Jensen Ackles,Cinema & Actors/actresses,,9.1M,9100000,United States,504.6K,504600,655.9K,655900
jeremyrenner,Jeremy Renner,Shows,Cinema & Actors/actresses,17.2M,17200000,United States,192.9K,192900,230.8K,230800
jeromepolin,Jerome Polin Sijabat „Ç∑„Çô„Çß„É≠„Éº„É†,Education,Humor & Fun & Happiness,6.5M,6500000,Indonesia,424.2K,424200,622.4K,622400
jesselingard,JLingz,Sports with a ball,,9.5M,9500000,United Kingdom,192.1K,192100,294.5K,294500
jessicah_o,Jessi / ·Ñå·Ö¶·Ñâ·Öµ,Music,,9.7M,9700000,United States,874.5K,874500,1.1M,1100000
jessicajane99,Jessica Jane,Lifestyle,,6M,6000000,Indonesia,441.4K,441400,582.3K,582300
jharden13,James Harden,Sports with a ball,,11.7M,11700000,United States,137.5K,137500,236.5K,236500
jheneaiko,JheneÃÅ Aiko Efuru Chilombo üîÆ,Music,,14M,14000000,United States,273.8K,273800,481.1K,481100
jichangwook,ÏßÄÏ∞ΩÏö±,Cinema & Actors/actresses,,19.2M,19200000,Indonesia,920.2K,920200,1.2M,1200000
jimmyfallon,Jimmy Fallon,Shows,Humor & Fun & Happiness,21.3M,21300000,United States,97.2K,97200,120.9K,120900
jin,Jin of BTS,,,32M,32000000,United States,11.1M,11100000,11.1M,11100000
jin_bighitentertainment,JIN (·ÑÄ·Öµ·Ü∑·Ñâ·Ö•·Ü®·Ñå·Öµ·Ü´),Lifestyle,,8.5M,8500000,Indonesia,1.2M,1200000,1.4M,1400000
jinyoung_0922jy,Î∞ïÏßÑÏòÅ,Music,,9.3M,9300000,Indonesia,881.4K,881400,1.2M,1200000
jlo,Jennifer Lopez,Music,Cinema & Actors/actresses,200.8M,200800000,United States,429.5K,429500,549.9K,549900
joaogomescantor,JoaÃÉo Gomes üéô,,,10.8M,10800000,Brazil,335.8K,335800,917.8K,917800
joaoguilherme,J“âO“âT“âI“âN“âH“âA“â,Music,Cinema & Actors/actresses,15.5M,15500000,Brazil,116.8K,116800,227.1K,227100
joeyking,Joey King,Music,Cinema & Actors/actresses,19.1M,19100000,Brazil,541.1K,541100,774.1K,774100
johnnyjsuh,Johnny Suh,Lifestyle,Music,8.1M,8100000,Indonesia,1.3M,1300000,1.6M,1600000
jojotodynho,JoJo,Music,,21.7M,21700000,Brazil,117.3K,117300,190.1K,190100
jokowi,Joko Widodo,Finance & Economics,,45.8M,45800000,Indonesia,158K,158000,196K,196000
jongsuk0206,Ïù¥Ï¢ÖÏÑù,Cinema & Actors/actresses,,22.2M,22200000,Indonesia,2.2M,2200000,2.9M,2900000
jordialbaoficial,Jordi Alba,Sports with a ball,,14.1M,14100000,Spain,135.7K,135700,196.3K,196300
jorgelopez_as,Jorge Lopez,Cinema & Actors/actresses,,9.7M,9700000,Brazil,211.3K,211300,346.3K,346300
joshu_acoustic,Joshua Hong,Music,,4M,4000000,N/A,0,0,1M,1000000
joshuadun,j√∏sh dun,Music,,5.8M,5800000,United States,540.3K,540300,660K,660000
juandam___,JuanDa.,,,3.5M,3500000,Colombia,772.4K,772400,941.2K,941200
juandediospantoja,JD PANTOJA üá≤üáΩ,Music,Art/Artists,21.5M,21500000,Mexico,519.1K,519100,591.8K,591800
juanpazurita,Juanpa Zurita,Cinema & Actors/actresses,,28.6M,28600000,Mexico,341.7K,341700,485.8K,485800
juansguarnizo,Juan Sebasti√°n Guarnizo,,,4.7M,4700000,Mexico,659.6K,659600,722.9K,722900
juicewrld999,Juice WRLD 9 9 9,,,12.2M,12200000,United States,493.9K,493900,833.2K,833200
juki_lop,JukiLop,Shows,Family,9.1M,9100000,Mexico,493K,493000,573.3K,573300
julesleblanc,julianna,Music,Shows,9.7M,9700000,United States,409.5K,409500,592.1K,592100
julianapaes,Juliana Paes,Art/Artists,Cinema & Actors/actresses,30.2M,30200000,Brazil,61.4K,61400,95.2K,95200
juliette,Juliette,Cinema & Actors/actresses,,33.7M,33700000,Brazil,201.2K,201200,319.8K,319800
jungkook_bighitentertainment,JUNGKOOK (Ï†ÑÏ†ïÍµ≠) Updates,Management & Marketing,Music,9.9M,9900000,Brazil,1.8M,1800000,2M,2000000
jungkook.97,Jungkook,,,35.8M,35800000,N/A,11.4M,11400000,11.4M,11400000
justinbieber,Justin Bieber,Music,,227M,227000000,India,439.1K,439100,638.2K,638200
justinbieber,Justin Bieber,Music,,227.4M,227400000,India,314.2K,314200,445.3K,445300
justintimberlake,Justin Timberlake,Music,Art/Artists,64.2M,64200000,United States,323.3K,323300,432.9K,432900
juventus,Juventus,Sports with a ball,,52.9M,52900000,India,61.8K,61800,89.4K,89400
k.kbeom,·ÑÄ·Öµ·Ü∑·Ñá·Ö•·Ü∑ kimbum,,,5.2M,5200000,Indonesia,1M,1000000,1.2M,1200000
k.mbappe,Kylian MbappeÃÅ,Sports with a ball,,68.9M,68900000,France,3M,3000000,4.3M,4300000
kajalaggarwalofficial,Kajal A Kitchlu,Cinema & Actors/actresses,,21.7M,21700000,India,527.3K,527300,638K,638000
kaka,KakaÃÅ,Sports with a ball,,17.9M,17900000,Brazil,83.6K,83600,136.1K,136100
kaliuchis,,Music,,3.7M,3700000,United States,399.2K,399200,689.7K,689700
kapilsharma,Kapil Sharma,Cinema & Actors/actresses,Shows,39.8M,39800000,India,690.2K,690200,789.3K,789300
kareenakapoorkhan,Kareena Kapoor Khan,Lifestyle,Cinema & Actors/actresses,8.9M,8900000,India,367.4K,367400,458.3K,458300
karimbenzema,Karim Benzema,Sports with a ball,,47.4M,47400000,France,981.2K,981200,1.4M,1400000
karljacobs,Karl Jacobs,,,4M,4000000,United States,722.5K,722500,941.7K,941700
karolg,KAROL G,Music,,50.8M,50800000,Mexico,4.5M,4500000,5.4M,5400000
kartikaaryan,KARTIK AARYAN,Cinema & Actors/actresses,,23.8M,23800000,India,472.2K,472200,588.2K,588200
katherinelangford,KATHERINE LANGFORD,Cinema & Actors/actresses,,25.7M,25700000,India,241.9K,241900,346.4K,346400
katrinakaif,Katrina Kaif,Beauty,,62.9M,62900000,India,1M,1000000,1.1M,1100000
katyperry,KATY PERRY,Music,,156.6M,156600000,Brazil,231.8K,231800,302.6K,302600
kawtarbamo,KAWTAR BA-MOHAMED,Cinema & Actors/actresses,,7.2M,7200000,Morocco,275.9K,275900,374.1K,374100
kaylanicolejones,,Shows,,7.3M,7300000,United States,166.5K,166500,352.7K,352700
keerthysureshofficial,Keerthy Suresh,Fashion,Cinema & Actors/actresses,12.5M,12500000,India,650.7K,650700,743.6K,743600
kehlani,Kehlani,Music,Family,13.7M,13700000,United States,210.5K,210500,328.2K,328200
kendalljenner,Kendall,Modeling,Fashion,227.4M,227400000,United States,3.4M,3400000,5.5M,5500000
keniaos,Kenia Os,Music,,12.6M,12600000,Mexico,545.2K,545200,709K,709000
kentooyamazaki,Â±±Ô®ëË≥¢‰∫∫,Cinema & Actors/actresses,,4.9M,4900000,Japan,583K,583000,677.1K,677100
kenzie,kenzie ‚ô°,Art/Artists,,14.8M,14800000,United States,232.4K,232400,353.6K,353600
kevindebruyne,Kevin De Bruyne,Sports with a ball,,16.8M,16800000,United Kingdom,247.5K,247500,382.9K,382900
kevinhart4real,Kevin Hart,Cinema & Actors/actresses,,140.2M,140200000,United States,111.3K,111300,141K,141000
kevinroldankr,KR ‚ôõ,Music,,10.1M,10100000,Mexico,180.2K,180200,291.4K,291400
khabib_nurmagomedov,–•–∞–±–∏–± –ù—É—Ä–º–∞–≥–æ–º–µ–¥–æ–≤,Fitness & Gym,,33.3M,33300000,Russia,252.6K,252600,353.3K,353300
khaby00,Khaby Lame,,,73.9M,73900000,Iran,4.3M,4300000,6.5M,6500000
khloekardashian,KhloeÃÅ Kardashian,Clothing & Outfits,Lifestyle,230.2M,230200000,United States,991.1K,991100,1.2M,1200000
kiaraaliaadvani,KIARA,Cinema & Actors/actresses,,22.1M,22100000,India,828.8K,828800,939.3K,939300
kiernanshipka,Kiernan Shipka,Cinema & Actors/actresses,,8.1M,8100000,Brazil,207.3K,207300,335.8K,335800
kimberly.loaiza,KIM LOAIZA üñ§,Clothing & Outfits,Lifestyle,33.9M,33900000,Mexico,995K,995000,1.2M,1200000
kimjuncotton,SUHO,Lifestyle,,9.7M,9700000,Indonesia,1.4M,1400000,1.7M,1700000
kimkardashian,Kim Kardashian,Fashion,Beauty,296.4M,296400000,United States,2M,2000000,2.9M,2900000
kimshantal,Kim Shantal üåπ,Music,,11.6M,11600000,Mexico,203.3K,203300,237.8K,237800
kingarturo23oficial,Arturo Vidal,Sports with a ball,,16.7M,16700000,Italy,120.8K,120800,194.8K,194800
kingbach,King Bach,Music,Art/Artists,22.1M,22100000,United States,120.6K,120600,242K,242000
kingjames,üëë,Sports with a ball,,116.6M,116600000,United States,952.9K,952900,1.6M,1600000
kingryan,Ryan Garcia,Fitness & Gym,,8.7M,8700000,United States,209.5K,209500,316.6K,316600
kittychicha,NANNO | KITTYCHICHA AMATAYAKUL,Lifestyle,,4.2M,4200000,Philippines,678.8K,678800,823.4K,823400
kjapa,KJ Apa,Cinema & Actors/actresses,,19M,19000000,United States,1M,1000000,1.5M,1500000
kkvsh,üáØüá≤ü¶Çüá∏üáª,Lifestyle,,8.2M,8200000,United States,198.8K,198800,336.6K,336600
klaythompson,Klay Thompson,Sports with a ball,Lifestyle,11.6M,11600000,United States,202.3K,202300,294.7K,294700
kourtneykardash,Kourtney ‚ù§Ô∏è,Lifestyle,,166.4M,166400000,United States,674.5K,674500,961.2K,961200
krisjenner,Kris Jenner,Shows,Beauty,46.6M,46600000,United States,119.6K,119600,183.4K,183400
kritisanon,Kriti,Modeling,,47.3M,47300000,India,565.5K,565500,658.2K,658200
ksi,KSI,Music,,11.2M,11200000,United Kingdom,611.7K,611700,857.5K,857500
kun11xd,KUN,Lifestyle,,6.5M,6500000,Indonesia,802.4K,802400,1M,1000000
kunaguero,Sergio Leonel AguÃàero,Sports with a ball,,22.4M,22400000,Argentina,458.4K,458400,794.5K,794500
kyliejenner,Kylie ü§ç,Fashion,Modeling,323.3M,323300000,United States,7.6M,7600000,12.3M,12300000
kyo1122,Song hyekyo,Cinema & Actors/actresses,,12.9M,12900000,Indonesia,636.2K,636200,810.5K,810500
kyrieirving,K.A.I H√©l√†,Sports with a ball,,16.2M,16200000,United States,142.7K,142700,216.8K,216800
l7nnon,L7,Lifestyle,Shows,6.3M,6300000,Brazil,214K,214000,507.9K,507900
la_segura,LA SEGURA ‚ôõ ‚ô•,Cinema & Actors/actresses,,8.2M,8200000,Colombia,335.2K,335200,411.3K,411300
lacikaysomers,Laci Kay Somers,Music,Modeling,11.8M,11800000,United States,147.5K,147500,253.7K,253700
ladivaza,‚ú®LA DIVAZA‚ú®,Music,Modeling,6.8M,6800000,Mexico,388.9K,388900,474.5K,474500
ladygaga,Lady Gaga,Music,Cinema & Actors/actresses,51.9M,51900000,United States,498.3K,498300,700K,700000
lakers,Los Angeles Lakers,Sports with a ball,,19.3M,19300000,United States,85.8K,85800,132.4K,132400
lalalalisa_m,LISA,Music,,75.7M,75700000,Indonesia,7.5M,7500000,8.6M,8600000
lamborghini,Lamborghini,Luxury,Cars & Motorbikes,31.6M,31600000,India,174.4K,174400,240.5K,240500
lanacondor,,Cinema & Actors/actresses,,10.9M,10900000,Brazil,283K,283000,385.7K,385700
larasilva,Lara Silva üí¶,Shows,Adult content,16.8M,16800000,Brazil,789K,789000,1.2M,1200000
larissamanoela,Larissa Manoela,Cinema & Actors/actresses,,44.8M,44800000,Brazil,192.1K,192100,320.4K,320400
larray,larri,Lifestyle,Modeling,6.7M,6700000,United States,357K,357000,521.5K,521500
laurenlondon,Lauren London,Cinema & Actors/actresses,Modeling,9.7M,9700000,United States,217.7K,217700,371.6K,371600
ldh_sky,·Ñã·Öµ·ÑÉ·Ö©·Ñí·Öß·Ü´,,,5.5M,5500000,Indonesia,978.4K,978400,1.3M,1300000
leaelui,Lea Elui G,Modeling,Lifestyle,11.7M,11700000,India,428.4K,428400,719.5K,719500
leedongwook_official,Ïù¥ÎèôÏö± (Official_Instagram),Cinema & Actors/actresses,,14.1M,14100000,Indonesia,1M,1000000,1.4M,1400000
leeyoum262,·Ñã·Öµ·Ñã·Ö≤·ÑÜ·Öµ,Photography,Humor & Fun & Happiness,8.1M,8100000,South Korea,562.7K,562700,688.8K,688800
leighannepinnock,Leigh-Anne Pinnock,Music,,8.5M,8500000,Brazil,279.1K,279100,398K,398000
lelepons,Lele Pons,Music,,47.7M,47700000,Mexico,724.3K,724300,1.1M,1100000
leomessi,Leo Messi,Sports with a ball,Family,315.4M,315400000,Argentina,4M,4000000,5.3M,5300000
leonardodicaprio,Leonardo DiCaprio,Cinema & Actors/actresses,,52.8M,52800000,United States,132K,132000,166.2K,166200
ler_chek,–í–∞–ª–µ—Ä–∏—è –ß–µ–∫–∞–ª–∏–Ω–∞,Lifestyle,Beauty,10.5M,10500000,Russia,713K,713000,923.3K,923300
lestykejora,Lestikejora,Music,,24.9M,24900000,Indonesia,372.9K,372900,484K,484000
letthelordbewithyou,Scott Disick,Lifestyle,Family,26.5M,26500000,United States,61.5K,61500,92.2K,92200
lewishamilton,Lewis Hamilton,Racing Sports,,27.5M,27500000,Brazil,819.9K,819900,1.2M,1200000
lexibrookerivera,Lexi Rivera,Shows,Humor & Fun & Happiness,8.4M,8400000,United States,778K,778000,975.4K,975400
liampayne,Liam Payne,Music,,24.1M,24100000,United States,420.4K,420400,585.5K,585500
lilbaby,WHAM,Music,,18.8M,18800000,United States,475.4K,475400,876.5K,876500
lildurk,DURKIOOO,Music,Art/Artists,13M,13000000,United States,162.1K,162100,458.2K,458200
lilireinhart,Lili Reinhart,Cinema & Actors/actresses,,29M,29000000,Brazil,1.5M,1500000,2.2M,2200000
lilnasx,MONTERO,Music,,12.2M,12200000,United States,815.5K,815500,1.4M,1400000
liluzivert,,Music,,15.8M,15800000,United States,1.1M,1100000,2M,2000000
lilyjcollins,Lily Collins,Cinema & Actors/actresses,,26.9M,26900000,United States,314.3K,314300,467.3K,467300
linatejeiro,Lina Tejeiro.,Cinema & Actors/actresses,,9.2M,9200000,Colombia,237.7K,237700,287K,287000
lisakudrow,Lisa Kudrow,Cinema & Actors/actresses,,8.5M,8500000,India,356.6K,356600,475.7K,475700
litkillah,MAWZüí¨,Music,,7.2M,7200000,Argentina,438.7K,438700,578.4K,578400
littlebodybigheart,Melanie Martinez,Music,,11.1M,11100000,Brazil,913.1K,913100,1.2M,1200000
littlemix,Little Mix,Music,,15.4M,15400000,Brazil,172.1K,172100,232K,232000
liverpoolfc,Liverpool Football Club,Sports with a ball,,36.7M,36700000,United Kingdom,100.2K,100200,138.2K,138200
lizakoshy,Liza Koshy,Cinema & Actors/actresses,,19.6M,19600000,United States,156.3K,156300,208.8K,208800
lizasoberano,Liza Soberano,Beauty,Cinema & Actors/actresses,16.9M,16900000,Philippines,243.1K,243100,289.9K,289900
lizgillz,Elizabeth Gillies,Music,Cinema & Actors/actresses,13.9M,13900000,Mexico,563K,563000,816.3K,816300
lizzobeeating,Lizzo,Music,Lifestyle,12.1M,12100000,United States,213.1K,213100,298.3K,298300
loganpaul,Logan Paul,Fitness & Gym,,22.5M,22500000,United States,549.4K,549400,733.8K,733800
lomon991111,Lomon 991111,,,5.7M,5700000,N/A,0,0,1.7M,1700000
loren,loren gray,Fashion,Modeling,22.5M,22500000,United States,137.3K,137300,227.3K,227300
loud_babi,BaÃÅrbara Passos,Lifestyle,,9.2M,9200000,Brazil,200.1K,200100,323.5K,323500
loud_victor,Victor Augusto,Lifestyle,Sports with a ball,10.4M,10400000,Brazil,511.2K,511200,652.3K,652300
louist91,Louis Tomlinson,Music,,18.2M,18200000,Brazil,1.1M,1100000,1.5M,1500000
louisvuitton,Louis Vuitton,Fashion,Clothing & Outfits,47.7M,47700000,Brazil,46.2K,46200,59.7K,59700
lucas_lira,Lucas Lira,Humor & Fun & Happiness,Lifestyle,5.8M,5800000,Brazil,296.5K,296500,434.3K,434300
lucasranngel,LUCAS RANGEL,Lifestyle,,19.2M,19200000,Brazil,186.8K,186800,412.3K,412300
lucyhale,Lucy Hale,Cinema & Actors/actresses,,24.3M,24300000,United States,183.5K,183500,240.4K,240400
ludmilla,Ludmilla,Music,,26.5M,26500000,Brazil,143.5K,143500,212.6K,212600
luisafernandaw,Luisa Fernanda W,Lifestyle,Beauty,16.9M,16900000,Colombia,106.3K,106300,162.1K,162100
luisasonza,LU√çSA SONZA,Music,Lifestyle,28.2M,28200000,Brazil,125.1K,125100,198.9K,198900
luisitocomunica,Luisillo El Pillo,Humor & Fun & Happiness,Clothing & Outfits,31.7M,31700000,Mexico,939.8K,939800,1.2M,1200000
luissuarez9,Luis Suarez,Sports with a ball,,43M,43000000,Brazil,238.8K,238800,356.5K,356500
lukamodric10,Luka Modric,Sports with a ball,,21.6M,21600000,Spain,419.8K,419800,616.3K,616300
lunay,EL NINÃÉO üë∂üèª,Music,,10.3M,10300000,Mexico,202.6K,202600,296.6K,296600
luvadepedreiro,Iran Ferreira,,,9.5M,9500000,Brazil,910.4K,910400,2.1M,2100000
lynaritaa,Lyna Perez,,,8.6M,8600000,United States,227.1K,227100,299.4K,299400
m_kayoung,MUN KA YOUNG,Cinema & Actors/actresses,,7.9M,7900000,Indonesia,1.1M,1100000,1.5M,1500000
m10_official,Mesut OÃàzil,Sports with a ball,,24M,24000000,Turkey,526.6K,526600,738.3K,738300
machinegunkelly,the Blonde Don,Music,,9.6M,9600000,United States,284K,284000,457.5K,457500
maddieziegler,maddie,Cinema & Actors/actresses,Modeling,13.9M,13900000,United States,533.4K,533400,799.9K,799900
madelame,Madelaine Petsch,Cinema & Actors/actresses,,25.3M,25300000,Russia,1.3M,1300000,1.8M,1800000
madelyncline,Maddie,,,12.4M,12400000,United States,1.6M,1600000,2.3M,2300000
madhuridixitnene,Madhuri Dixit,Music,Cinema & Actors/actresses,30.6M,30600000,India,297.2K,297200,343.1K,343100
madisonbaileybabe,Maddie Baby,Lifestyle,,6.7M,6700000,United States,416.4K,416400,779.3K,779300
madisonbeer,Madison Beer,Music,,30.6M,30600000,United States,630.2K,630200,940.9K,940900
mahnaz_afshar,Mahe Man,Cinema & Actors/actresses,Lifestyle,15.7M,15700000,Iran,154.3K,154300,212.9K,212900
maisa,#NAME?,Music,,42M,42000000,Brazil,343.7K,343700,468K,468000
maluma,MALUMA,Music,,61.6M,61600000,Italy,329.2K,329200,507.6K,507600
malutrevejo,MaluÃÅ ü¶ã 222üé§,Music,,11.2M,11200000,United States,277.2K,277200,496.8K,496800
manchesterunited,Manchester United,Sports with a ball,,56.5M,56500000,United Kingdom,116.6K,116600,188.8K,188800
manelyk_oficial,Manelyk Gonzalez,Music,,14.1M,14100000,Mexico,179.5K,179500,240.4K,240400
maneskinofficial,MaÃäneskin,Lifestyle,,6M,6000000,Italy,519.4K,519400,733.5K,733500
manurios,manu rios,Shows,,9.9M,9900000,Mexico,572.7K,572700,966K,966000
marcelotwelve,Marcelo Vieira,Sports with a ball,,53M,53000000,Spain,413.5K,413500,622.2K,622200
marcmarquez93,Marc MaÃÅrquez,Racing Sports,,6.6M,6600000,Indonesia,478.2K,478200,634.5K,634500
marcoasensio10,Marco Asensio,Sports with a ball,,13.6M,13600000,Spain,194.3K,194300,298.3K,298300
marcusrashford,Marcus Rashford MBE,Sports with a ball,,12.7M,12700000,United Kingdom,401.9K,401900,635.5K,635500
mariaalice,Maria Alice,,,6.8M,6800000,Brazil,673.4K,673400,1.4M,1400000
mariabecerra,Maria Becerra,Music,,8.6M,8600000,Argentina,332.3K,332300,785K,785000
mariapedraza_,MariÃÅa Pedraza,Cinema & Actors/actresses,,12M,12000000,Spain,279.6K,279600,369K,369000
marimaria,Mari Maria,Beauty,,19.9M,19900000,Brazil,126.6K,126600,242.7K,242700
marinaruybarbosa,Marina Ruy Barbosa,Cinema & Actors/actresses,,39.8M,39800000,Brazil,86.6K,86600,130.1K,130100
markiplier,Markiplier,Shows,,9.8M,9800000,United States,406.5K,406500,463.3K,463300
markruffalo,Mark Ruffalo,Cinema & Actors/actresses,,20.5M,20500000,Brazil,194.3K,194300,244.2K,244200
marktuan,Mark Tuan,Music,Cinema & Actors/actresses,12.1M,12100000,Thailand,667.1K,667100,877.2K,877200
marshmellomusic,marshmello,Music,,29.2M,29200000,India,345.6K,345600,406.6K,406600
martingarrix,Martin Garrix,Music,,15.6M,15600000,Mexico,152.8K,152800,216.3K,216300
marvel,Marvel Entertainment,Cinema & Actors/actresses,Comics & sketches,62.7M,62700000,United States,180.1K,180100,212.5K,212500
marvelstudios,Marvel Studios,Cinema & Actors/actresses,Comics & sketches,36.1M,36100000,India,225.5K,225500,252.6K,252600
mathildtantot,Mathilde,Lifestyle,Modeling,10.3M,10300000,United States,310.2K,310200,470K,470000
matue30,MATU√ä,Lifestyle,,6.1M,6100000,Brazil,186K,186000,408.1K,408100
maudeapatow,Maude Apatow,Lifestyle,Cinema & Actors/actresses,4.8M,4800000,United States,577K,577000,955.1K,955100
maudyayunda,Maudy Ayunda,Music,,15.4M,15400000,Indonesia,110.9K,110900,163.5K,163500
maxverstappen1,Max Verstappen,Racing Sports,,8.2M,8200000,United States,398.7K,398700,524.4K,524400
meganfox,Megan Fox,Cinema & Actors/actresses,,19.9M,19900000,United States,2.1M,2100000,3.4M,3400000
mehraadjam,Mehraad Jam,Music,,4.7M,4700000,Iran,385K,385000,564.1K,564100
mejiwoo103,·Ñå·Öµ·Ñã·ÖÆ,,,11.1M,11100000,Indonesia,432.4K,432400,521.9K,521900
melissamelmaia,MEL MAIA üçØ,Music,,11.5M,11500000,Brazil,245.1K,245100,444.1K,444100
melo,LaMelo Ball,Sports with a ball,,8.3M,8300000,United States,298.1K,298100,605.6K,605600
memezar,Memezar ‚Ä¢ Comedy and Culture,Cinema & Actors/actresses,,23.7M,23700000,United States,325.6K,325600,484.7K,484700
memphisdepay,Memphis Depay,Sports with a ball,,14.2M,14200000,France,191.6K,191600,339.1K,339100
mercedesbenz,Mercedes-Benz,Cars & Motorbikes,Luxury,35.3M,35300000,Iran,75K,75000,106.8K,106800
miakhalifa,Mia K.,Fitness & Gym,Lifestyle,27.7M,27700000,India,1.5M,1500000,2.3M,2300000
michaelbjordan,Michael B. Jordan,Cinema & Actors/actresses,,18.4M,18400000,United States,452.9K,452900,751K,751000
michaelclifford,michael clifford,Music,,5.8M,5800000,United States,291.9K,291900,427.9K,427900
michelleobama,Michelle Obama,Finance & Economics,Business & Careers,49.1M,49100000,United States,132.3K,132300,150.2K,150200
miguel_bernardeau,Miguel Bernardeau,Cinema & Actors/actresses,,7M,7000000,Spain,260.8K,260800,384.5K,384500
miguel.g.herran,Miguel HerraÃÅn,Cinema & Actors/actresses,,14.2M,14200000,Brazil,998.2K,998200,1.5M,1500000
miketyson,Mike Tyson,Fitness & Gym,,18.1M,18100000,United States,122.8K,122800,157.3K,157300
mikhail_litvin,–ú–∏—Ö–∞–∏–ª –õ–∏—Ç–≤–∏–Ω,Shows,,14.6M,14600000,Russia,972K,972000,1.2M,1200000
milad_khahhh,Milad Ghasemikhah pargam,Lifestyle,,5.6M,5600000,Iran,365.1K,365100,512.7K,512700
mileycyrus,Miley Cyrus,Music,,163.8M,163800000,United States,439.7K,439700,594.9K,594900
milliebobbybrown,Millie Bobby Brown,Cinema & Actors/actresses,,48.2M,48200000,Brazil,2.1M,2100000,2.7M,2700000
mimikeene3,ùïÑ ùïÄ ùïÑ ùïÄ  ùïÇ ùîº ùîº ‚Ñï ùîº,Cinema & Actors/actresses,,4.3M,4300000,United Kingdom,765.8K,765800,1.4M,1400000
min9yu_k,ÍπÄÎØºÍ∑ú,Music,,6M,6000000,Indonesia,1.1M,1100000,1.3M,1300000
mingue.k,ÍπÄÎØºÍ∑ú,Shows,,3.3M,3300000,Indonesia,893.5K,893500,1.1M,1100000
mirandacosgrove,Miranda Cosgrove,Music,Cinema & Actors/actresses,9.8M,9800000,Brazil,213.5K,213500,333.6K,333600
mirella,BAD MI ‚ö°Ô∏è MC MIRELLA,Music,,26.6M,26600000,Brazil,230.4K,230400,486.7K,486700
missasinfonia,MissaSinfonia,,,4.6M,4600000,Mexico,656.8K,656800,752.9K,752900
mo.on_air,TAEIL,,,4.4M,4400000,Indonesia,1.2M,1200000,1.4M,1400000
mohamedramadanws,Mohamed Ramadan,Music,,20.1M,20100000,Egypt,93.9K,93900,129.9K,129900
mohanshakti,Shakti Mohan,Art/Artists,Cinema & Actors/actresses,14.9M,14900000,India,207K,207000,248K,248000
mont.pantoja,MONT,,,11.4M,11400000,Mexico,498.7K,498700,593.7K,593700
mosalah,Mohamed Salah,Sports with a ball,,49M,49000000,Egypt,1.2M,1200000,1.7M,1700000
mr_faisu_07,FAISAL SHAIKH,Modeling,Cinema & Actors/actresses,26.9M,26900000,India,362K,362000,462.1K,462100
mrbeast,MrBeast,Shows,Humor & Fun & Happiness,18M,18000000,United States,1.4M,1400000,1.8M,1800000
ms_puiyi,Siew Pui Yi ü§ç,Adult content,,17.2M,17200000,United States,384K,384000,491.9K,491900
mterstegen1,Marc ter Stegen,Sports with a ball,,13.3M,13300000,Spain,280K,280000,422K,422000
myketowers,MICHAEL,Music,,9.4M,9400000,Spain,207.9K,207900,376.1K,376100
na.jaemin0813,JAEMIN,,,8.8M,8800000,Indonesia,1.9M,1900000,2.4M,2400000
nabilla,Nabilla Vergara ‚ú®,Beauty,,7.2M,7200000,France,266.8K,266800,367.4K,367400
nadin_serovski,Nadin Serovski,Family,Lifestyle,9.4M,9400000,Russia,515.7K,515700,710.1K,710100
nadine,Â∞èÂÆÆÂ∏åÁæé ü§ç,Music,Shows,11.1M,11100000,Philippines,319.9K,319900,354.6K,354600
naileadevora,nai,Shows,,5M,5000000,United States,482.4K,482400,712.7K,712700
nameisnani,Nani,Sports with a ball,,4.8M,4800000,India,517.8K,517800,559K,559000
nancyajram,Nancy Ajram,Music,,32.4M,32400000,Iraq,140.3K,140300,179.5K,179500
narendramodi,Narendra Modi,Finance & Economics,Business & Careers,66.5M,66500000,India,1.5M,1500000,1.7M,1700000
narins_beauty,‚Ä¢‚Ä¢Narins Beauty‚Ä¢‚Ä¢,Lifestyle,,8.4M,8400000,Syria,351.6K,351600,429K,429000
nasa,NASA,Science,Photography,75.3M,75300000,India,564.5K,564500,653.2K,653200
natalee.007,Natalie Lee,Modeling,Music,6.9M,6900000,United States,286.6K,286600,366.1K,366100
natashawilona12,Natasha Wilona,Beauty,,37.5M,37500000,Indonesia,233.3K,233300,278.6K,278600
natgeo,National Geographic,Nature & landscapes,Science,214.6M,214600000,United States,124.7K,124700,145.5K,145500
natgeotravel,National Geographic Travel,Nature & landscapes,Photography,45.4M,45400000,United States,50.6K,50600,56.9K,56900
nattinatasha,NATTI NATASHA,Music,Cinema & Actors/actresses,35.4M,35400000,Mexico,281.1K,281100,338.3K,338300
navidmohammadzadeh,navid mohammadzadeh,Cinema & Actors/actresses,,8.2M,8200000,Iran,541.4K,541400,764K,764000
nazriyafahadh,Nazriya Nazim Fahadh,Lifestyle,,5.5M,5500000,India,371.8K,371800,497.8K,497800
nba,NBA,Sports with a ball,,65.8M,65800000,United States,40.6K,40600,68.2K,68200
ncentineo,Noah,Cinema & Actors/actresses,,17M,17000000,Brazil,200.3K,200300,333.6K,333600
nct,NCT Official Instagram,Music,,13.6M,13600000,Indonesia,624.9K,624900,819.9K,819900
nct_dream,NCT DREAM OFFICIAL,,,9.2M,9200000,Indonesia,576.3K,576300,642.9K,642900
nct127,NCT 127 Official Instagram,Music,,13.7M,13700000,Indonesia,787.2K,787200,972.3K,972300
nehakakkar,Neha Kakkar (Mrs. Singh),Music,,68.5M,68500000,India,664.8K,664800,774.4K,774400
nehasharmaofficial,Neha Sharma üí´,Cinema & Actors/actresses,,13.9M,13900000,India,232.8K,232800,267.6K,267600
neslihanatagul,Neslihan AtaguÃàl DogÃÜulu,Cinema & Actors/actresses,Modeling,13M,13000000,Turkey,670.6K,670600,842.6K,842600
nessabarrett,ness,,,6.6M,6600000,United States,340.2K,340200,461.3K,461300
netflix,Netflix US,Cinema & Actors/actresses,Shows,29.5M,29500000,Brazil,65K,65000,105.9K,105900
netflixbrasil,Netflix Brasil,Shows,Cinema & Actors/actresses,29.9M,29900000,Brazil,103.7K,103700,177.5K,177500
neymarjr,NJ üáßüá∑,Sports with a ball,,172M,172000000,Brazil,1.6M,1600000,2.3M,2300000
niallhoran,Niall Horan,Music,,29.4M,29400000,United States,1.2M,1200000,1.8M,1800000
nianaguerrero,Niana,Music,Kids & Toys,14M,14000000,Indonesia,410.6K,410600,514.8K,514800
nicki.nicole,,Music,,11.5M,11500000,Argentina,876.2K,876200,1.3M,1300000
nickiminaj,Barbie,Music,,181.6M,181600000,United States,393.7K,393700,615.2K,615200
nickjonas,Nick Jonas,Music,Art/Artists,32.3M,32300000,United States,164K,164000,233K,233000
nickyjam,NICKY JAM,Music,,42.7M,42700000,Colombia,290.9K,290900,347K,347000
nicolegarcia,NICOLE,Lifestyle,,5.3M,5300000,Mexico,384.9K,384900,503.4K,503400
nike,Nike,Fitness & Gym,Shopping & Retail,208.9M,208900000,United States,129.5K,129500,175.5K,175500
nikefootball,Nike Football (Soccer),Sports with a ball,Clothing & Outfits,44.3M,44300000,Brazil,74.8K,74800,117.4K,117400
nikitadragun,Nikita,Beauty,Modeling,9.1M,9100000,United States,368K,368000,562.1K,562100
nikkietutorials,NikkieTutorials,Beauty,,15.6M,15600000,United States,353.8K,353800,480.5K,480500
nina,Nina Dobrev,Cinema & Actors/actresses,,25.5M,25500000,Brazil,778.5K,778500,1.1M,1100000
nita_shilimkar,Nita Shilimkar,Fashion,Modeling,10.3M,10300000,India,351.1K,351100,464.9K,464900
noahbeck,Noah Beck,Sports with a ball,,9M,9000000,United States,317.3K,317300,523K,523000
noahschnapp,Noah Schnapp,Cinema & Actors/actresses,,20.1M,20100000,Brazil,1.3M,1300000,1.7M,1700000
nobru,Bruno Goes üé≠,,,13.2M,13200000,N/A,0,0,350.2K,350200
nobru,Bruno Goes üé≠,Machinery & Technologies,Computers & Gadgets,13.2M,13200000,N/A,0,0,350.1K,350100
nodal,Christian Nodal üá≤üáΩ üåµüíö,Music,,8.4M,8400000,Mexico,252.4K,252400,415.5K,415500
nolimitherbo,G HERBO,Music,Art/Artists,7.4M,7400000,United States,156.2K,156200,374.7K,374700
noorstars,ŸÜŸàÿ± ÿ≥ÿ™ÿßÿ±ÿ≤ | Noor Stars,Shows,,12.6M,12600000,Iraq,149.5K,149500,199.6K,199600
norafatehi,Nora Fatehi,Cinema & Actors/actresses,Music,38.6M,38600000,India,865.8K,865800,1.1M,1100000
normani,Normani,Lifestyle,,7M,7000000,United States,313.8K,313800,490.9K,490900
nusr_et,Nusr_et#Saltbae,Food & Cooking,,43.5M,43500000,Turkey,192.9K,192900,285.4K,285400
o.dembele7,Believe,Sports with a ball,,10.3M,10300000,Spain,468.6K,468600,804K,804000
obj,Odell Beckham Jr,Sports with a ball,,15.8M,15800000,United States,339.5K,339500,645.8K,645800
obx,Outer Banks,,,5.4M,5400000,United States,587.3K,587300,1.1M,1100000
officialslystallone,Sly Stallone,Art/Artists,Cinema & Actors/actresses,14.8M,14800000,United States,162.9K,162900,206.3K,206300
offsetyrn,OFFSET,Music,,19.7M,19700000,United States,313.3K,313300,559.8K,559800
oliviarodrigo,Olivia Rodrigo,Music,Cinema & Actors/actresses,22.9M,22900000,India,2.8M,2800000,3.5M,3500000
onwardwanna,"Javon ""Wanna"" Walton",Lifestyle,Cinema & Actors/actresses,5.1M,5100000,United States,1M,1000000,1.7M,1700000
onyourm__ark,Mark,,,8.3M,8300000,Indonesia,1.7M,1700000,2.1M,2100000
oohsehun,SEHUN,Music,,22.9M,22900000,Indonesia,1.9M,1900000,2.4M,2400000
ozuna,@ozutochi üîú #TemporadaDelOzo,Music,,22.2M,22200000,Spain,167.1K,167100,225.3K,225300
pablogavi,GAVI,,,3.3M,3300000,N/A,0,0,841.6K,841600
paollaoliveirareal,Paolla Oliveira,Cinema & Actors/actresses,Lifestyle,33.6M,33600000,Brazil,127.6K,127600,167.4K,167400
parineetichopra,Parineeti Chopra,Cinema & Actors/actresses,,35.2M,35200000,India,357.5K,357500,412.1K,412100
paulodybala,Paulo Dybala,Sports with a ball,,45.8M,45800000,Argentina,662.9K,662900,1.1M,1100000
paulolondra,Paulo londra,Music,,12.6M,12600000,Argentina,1.2M,1200000,1.9M,1900000
paulpogba,Paul Labile Pogba,Sports with a ball,,52.8M,52800000,Brazil,353.4K,353400,628.5K,628500
paulwalker,Paul Walker,Cinema & Actors/actresses,,14.6M,14600000,India,217.2K,217200,297.8K,297800
paulwesley,Paul Wesley,Cinema & Actors/actresses,,12.2M,12200000,Brazil,640K,640000,958K,958000
pefabiodemelo,Padre F√°bio de Melo,Lifestyle,,25.5M,25500000,Brazil,81.6K,81600,122.9K,122900
perrieedwards,Perrie Edwards üñ§,Modeling,,14.5M,14500000,Brazil,523.1K,523100,816.7K,816700
perspolis,P e r s e p o l i s,Sports with a ball,,7.6M,7600000,Iran,276.5K,276500,393.2K,393200
pewdiepie,PewDiePie,Computers & Gadgets,,21.9M,21900000,United States,1.2M,1200000,1.4M,1400000
peytonlist,Peyton List,Cinema & Actors/actresses,,19.7M,19700000,United States,360K,360000,541.5K,541500
pharrell,ùêíùêéùêç ùêéùêÖ ùêÄ ùêèùêáùêÄùêëùêÄùêéùêá,Music,,13.5M,13500000,United States,126.4K,126400,181.1K,181100
phil.coutinho,Philippe Coutinho,Sports with a ball,,24.5M,24500000,Brazil,456.2K,456200,740.9K,740900
phoebejtonkin,Phoebe Tonkin,Beauty,Cinema & Actors/actresses,8.2M,8200000,United States,236.8K,236800,338.6K,338600
phs1116,Î∞ïÌòïÏãù / PARKHYUNGSIK,Business & Careers,,9.5M,9500000,Indonesia,2M,2000000,2.6M,2600000
playboicarti,,Music,,8M,8000000,United States,1.2M,1200000,2.1M,2100000
playstation,PlayStation,Computers & Gadgets,Machinery & Technologies,28.9M,28900000,United States,80.5K,80500,99.3K,99300
pokimanelol,pokimane ‚ù§,Lifestyle,Shows,6M,6000000,United States,526.7K,526700,694.8K,694800
pokrov90,–ê–ù–Ø –ü–û–ö–†–û–í - –ê–ù–¢–ò–ì–†–£–°–¢–ò–ùü•ë‚ù§Ô∏è,Shows,,7.3M,7300000,Russia,350.3K,350300,408.1K,408100
polo.capalot,Polo.Güêê,Music,Lifestyle,10.2M,10200000,United States,416.9K,416900,685.7K,685700
pooorblack,Pooorblack,,,4M,4000000,Iran,530K,530000,687.4K,687400
porsche,Porsche,Cars & Motorbikes,,26.4M,26400000,United States,97.1K,97100,124.4K,124400
postmalone,twelve carat toothache,Music,,22.3M,22300000,United States,407.3K,407300,623.1K,623100
prattprattpratt,Chris Pratt,Cinema & Actors/actresses,,35.5M,35500000,United States,193K,193000,250.9K,250900
premierleague,Premier League,Sports with a ball,,55.4M,55400000,United Kingdom,49.5K,49500,69.5K,69500
prideofgypsies,Jason Momoa,Cinema & Actors/actresses,,16.8M,16800000,United States,141K,141000,181.3K,181300
prillylatuconsina96,Prilly Latuconsina,Cinema & Actors/actresses,Music,46.6M,46600000,Indonesia,56.4K,56400,81.6K,81600
priyankachopra,Priyanka,Cinema & Actors/actresses,,75.7M,75700000,India,643K,643000,778.2K,778200
psg,Paris Saint-Germain,Sports with a ball,,58M,58000000,Brazil,295.8K,295800,495K,495000
pubity,Pubity,Humor & Fun & Happiness,,31.6M,31600000,United States,214.5K,214500,313.3K,313300
pugachevmark,Mark Pugachev,Cars & Motorbikes,Luxury,10M,10000000,Russia,358.1K,358100,525.9K,525900
quackity,quackity,,,3.2M,3200000,United States,666.4K,666400,819.1K,819100
quavohuncho,QuavoHuncho,Music,,20.8M,20800000,United States,103K,103000,170.1K,170100
raashiikhanna,Raashii Khanna,Cinema & Actors/actresses,Music,8.1M,8100000,India,256.6K,256600,305.9K,305900
rachel_mypark,·Ñá·Ö°·Ü®·ÑÜ·Öµ·Ü´·Ñã·Öß·Üº Minyoung Park,Cinema & Actors/actresses,,9.7M,9700000,Indonesia,784.6K,784600,977.1K,977100
rachelvennya,Rachel Vennya Roland,Kids & Toys,Family,6.7M,6700000,Indonesia,176.4K,176400,372.5K,372500
rafaelnadal,Rafa Nadal,Sports with a ball,,14M,14000000,Spain,228.7K,228700,286.3K,286300
rafaeluccman,Rafael Uccman,Lifestyle,Modeling,8.6M,8600000,Brazil,227.1K,227100,472.9K,472900
rafakalimann,RAFA KALIMANN,Modeling,,22.8M,22800000,Brazil,90.9K,90900,163.3K,163300
raffinagita1717,Raffi Ahmad and Nagita Slavina,Shows,,60.6M,60600000,Indonesia,37.4K,37400,52.5K,52500
rahulkl,KL Rahulüëë,Sports with a ball,,11.9M,11900000,India,676.9K,676900,788.5K,788500
raisa6690,,Music,,30.4M,30400000,Indonesia,60.6K,60600,94K,94000
rakulpreet,Rakul Singh,Cinema & Actors/actresses,Modeling,19.2M,19200000,India,334.1K,334100,392.5K,392500
ranveersingh,Ranveer Singh,Cinema & Actors/actresses,Modeling,38.9M,38900000,India,314.7K,314700,408.4K,408400
raphaelvarane,Raphael Varane,Sports with a ball,,18.4M,18400000,Spain,200.8K,200800,301.4K,301400
rashmika_mandanna,Rashmika Mandanna,Beauty,Art/Artists,30M,30000000,India,1.7M,1700000,2M,2000000
ratantata,Ratan Tata,Business & Careers,,5.9M,5900000,India,952.2K,952200,1.1M,1100000
rauwalejandro,RA‚Äô RAUW,Music,,13.7M,13700000,Spain,382.4K,382400,553K,553000
realbarbarapalvin,Barbara Palvin,Modeling,Fashion,17.5M,17500000,Russia,480.2K,480200,649K,649000
realhinakhan,HK,Cinema & Actors/actresses,,16.7M,16700000,India,189.5K,189500,233.6K,233600
realmadrid,Real Madrid C.F.,Sports with a ball,,113M,113000000,Spain,407.2K,407200,563.1K,563100
realshadmehr,Shadmehr Aghili,Music,,7.6M,7600000,Iran,330.2K,330200,460.8K,460800
realstraykids,Stray Kids,Music,,20.1M,20100000,Indonesia,1.7M,1700000,2M,2000000
redvelvet.smtown,Red Velvet Official,Music,Beauty,11.4M,11400000,Indonesia,327.9K,327900,398.9K,398900
reesewitherspoon,Reese Witherspoon,Cinema & Actors/actresses,,27.6M,27600000,United States,152.5K,152500,183.7K,183700
regejean,RegeÃÅ-Jean Page,,,5.5M,5500000,Brazil,473.6K,473600,750.3K,750300
renebaebae,IRENE,Lifestyle,Modeling,9.9M,9900000,Indonesia,1.4M,1400000,1.7M,1700000
residente,ReneÃÅ PeÃÅrez Joglar,Music,,8.7M,8700000,Colombia,480.4K,480400,743.9K,743900
reynmen,reyn,Music,Cinema & Actors/actresses,7M,7000000,Turkey,418K,418000,531.5K,531500
rezagolzar,Mohammad Reza Golzar,Cinema & Actors/actresses,,11.7M,11700000,Iran,178.5K,178500,263.1K,263100
riaricis1795,RICIS,Lifestyle,,30.3M,30300000,Indonesia,868.2K,868200,1.1M,1100000
ricky_martin,Ricky Martin,Music,,16.7M,16700000,Argentina,141.2K,141200,190.4K,190400
rishabpant,Rishabh Pant,Sports with a ball,,6.1M,6100000,India,496.5K,496500,589.6K,589600
riteishd,Riteish Deshmukh,Art/Artists,Cinema & Actors/actresses,13.8M,13800000,India,282.2K,282200,328.9K,328900
riyadmahrez26.7,RM26,Sports with a ball,,8.5M,8500000,Algeria,333.9K,333900,429.9K,429900
riyaz.14,Riyaz Aly,Lifestyle,Art/Artists,26.1M,26100000,India,399.8K,399800,519.5K,519500
rizkybillar,Muhammad Rizky Billar,Shows,Beauty,12.6M,12600000,Indonesia,322.1K,322100,414.8K,414800
rizkyfbian,Salah,,,12.3M,12300000,Indonesia,133.1K,133100,203.6K,203600
rkive,RM,,,31.3M,31300000,N/A,8.6M,8600000,8.6M,8600000
robertdowneyjr,Robert Downey Jr. Official,Cinema & Actors/actresses,,51.9M,51900000,India,1.6M,1600000,2.1M,2100000
roberto_firmino,ROBERTO FIRMINO,Sports with a ball,,13.2M,13200000,Brazil,144.6K,144600,214.9K,214900
rockstargames,Rockstar Games,Computers & Gadgets,,22.3M,22300000,United States,108.5K,108500,135.2K,135200
rogerfederer,Roger Federer,Sports with a ball,,9.2M,9200000,Spain,484.7K,484700,627.9K,627900
rohitsharma45,Rohit Sharma,Sports with a ball,Lifestyle,23.3M,23300000,India,1.1M,1100000,1.2M,1200000
rohittt_09_,ùêëùê®ùê°ùê¢ùê≠ ùêôùê¢ùêßùê£ùêÆùê´ùê§ùêû ~ ùê´ùêûùêöùêúùê≠ùê¢ùê®ùêßùêõùê®ùê¢ üí´,Shows,Lifestyle,21.2M,21200000,India,788.7K,788700,1.1M,1100000
romanreigns,Joe Anoai aka ‚ÄúRoman Reigns‚Äù,,,6M,6000000,India,383.1K,383100,497.4K,497400
romeosantos,Romeo Santos,Music,,19M,19000000,United States,225K,225000,277.9K,277900
ronaldinho,Ronaldo de Assis Moreira,Sports with a ball,,65.1M,65100000,Brazil,183.8K,183800,317K,317000
rosalia.vt,LA ROSALIÃÅA,Music,,19.5M,19500000,Spain,737K,737000,967.1K,967100
roses_are_rosie,ROSEÃÅ,Music,,57.5M,57500000,Indonesia,4.8M,4800000,5.5M,5500000
ross_lynch,Ross Shor Lynch,Music,Cinema & Actors/actresses,10M,10000000,United States,348.3K,348300,695.5K,695500
ruben_onsu,Ruben Onsu,Cinema & Actors/actresses,Shows,37.9M,37900000,Indonesia,64.2K,64200,79.5K,79500
rubyrose,Ruby Rose,Modeling,,18.8M,18800000,United States,171.3K,171300,225.7K,225700
rupertgrint,Rupert Grint,,,4.7M,4700000,Brazil,579K,579000,821.5K,821500
sabrinacarpenter,Sabrina Carpenter,Music,,27.1M,27100000,Brazil,1.1M,1100000,1.3M,1300000
sachintendulkar,Sachin Tendulkar,Sports with a ball,Lifestyle,33.5M,33500000,India,333.4K,333400,399.9K,399900
sadiesink_,Sadie Sink,Modeling,Lifestyle,15.3M,15300000,Brazil,1.2M,1200000,1.7M,1700000
sadiomaneofficiel,Sadio Mane,Sports with a ball,,10.4M,10400000,United Kingdom,350.7K,350700,500.3K,500300
saharghoreyshiofficialpage,ÿ≥ÿ≠ÿ± ŸÇÿ±Ÿäÿ¥Ÿâ Sahar Ghoreyshi,Lifestyle,,10.7M,10700000,Iran,193.8K,193800,283.9K,283900
saipallavi.senthamarai,Sai Pallavi,,,5.3M,5300000,India,819.5K,819500,939.3K,939300
salmahayek,Salma Hayek Pinault,Cinema & Actors/actresses,,20.9M,20900000,United States,212.1K,212100,262.5K,262500
samantharuthprabhuoffl,Samantha,Beauty,Modeling,22.9M,22900000,India,584.9K,584900,701.5K,701500
samoylovaoxana,Samoylova Oxana,Family,Lifestyle,15.2M,15200000,Russia,897.6K,897600,1.2M,1200000
samsmith,Sam Smith,Music,Fashion,14.6M,14600000,United States,223.9K,223900,328.4K,328400
sanchooo10,Jadon Sancho,Sports with a ball,,8.3M,8300000,United Kingdom,411.4K,411400,719.6K,719600
sandrinna_11,Drinna,Lifestyle,,10.4M,10400000,Indonesia,252.2K,252200,321.6K,321600
saraalikhan95,Sara Ali Khan,Cinema & Actors/actresses,,39.7M,39700000,India,247.9K,247900,302K,302000
sarahhyland,Sarah Hyland,Cinema & Actors/actresses,Lifestyle,9.1M,9100000,United States,223K,223000,278.9K,278900
sarwendah29,Sarwendah29,Music,Lifestyle,30.8M,30800000,Indonesia,75.4K,75400,89.2K,89200
sav.labrant,Savannah Rose LaBrant,Family,Lifestyle,7M,7000000,United States,597.1K,597100,798.4K,798400
saweetie,icy bae üå∏‚ú®üå±‚ùÑÔ∏è,Cinema & Actors/actresses,,13.1M,13100000,United States,144.7K,144700,336.2K,336200
sebastianyatra,Sebastian Yatra,Music,Art/Artists,29.3M,29300000,Argentina,219.3K,219300,305.6K,305600
selenagomez,Selena Gomez,Music,Lifestyle,308.2M,308200000,United States,3.3M,3300000,4.4M,4400000
sergioramos,Sergio Ramos,Sports with a ball,,49.7M,49700000,Spain,606.9K,606900,930.3K,930300
serna_amini,Serna Amini,,,7.6M,7600000,Iran,1.3M,1300000,1.8M,1800000
shahidkapoor,Shahid Kapoor,Cinema & Actors/actresses,,33.5M,33500000,India,506.7K,506700,574.1K,574100
shakira,Shakira,Music,,71.9M,71900000,India,691.1K,691100,947.2K,947200
shawnmendes,Shawn Mendes,Music,,67.4M,67400000,Brazil,809.3K,809300,1.2M,1200000
shaymitchell,Shay Mitchell,Beauty,Family,32.6M,32600000,United States,304.8K,304800,426.3K,426300
shehnaazgill,Shehnaaz Gill,Cinema & Actors/actresses,Music,11.3M,11300000,India,396.8K,396800,496.3K,496300
shikhardofficial,Shikhar Dhawan,Sports with a ball,,10.8M,10800000,India,261K,261000,298.4K,298400
shraddhakapoor,Shraddha ‚ú∂,Cinema & Actors/actresses,,70.5M,70500000,India,1.1M,1100000,1.3M,1300000
shreyaghoshal,shreyaghoshal,Music,,23.7M,23700000,India,127.7K,127700,142.5K,142500
shreyas41,Shreyas Iyer,Sports with a ball,Lifestyle,5.9M,5900000,India,461.7K,461700,575.7K,575700
shxxbi131,B.I,,,3.7M,3700000,Indonesia,585.1K,585100,687.3K,687300
sidhu_moosewala,Sidhu Moosewala (‡®Æ‡©Ç‡®∏‡©á ‡®Ü‡®≤‡®æ),,,6.9M,6900000,India,366.6K,366600,445.1K,445100
sidmalhotra,Sidharth Malhotra,Cinema & Actors/actresses,Modeling,18.7M,18700000,India,602.4K,602400,750K,750000
simaria,Simaria Mendes,Music,,27.6M,27600000,Brazil,223.5K,223500,326.2K,326200
simoneses,Simone Mendes,Music,,33.7M,33700000,Brazil,327.8K,327800,412.2K,412200
sinavaliollah,Sina Valiollah,Shows,,6.8M,6800000,Iran,376.4K,376400,474.7K,474700
sincerooficial,Sincero Oficial,Humor & Fun & Happiness,,21.1M,21100000,Brazil,109.5K,109500,212.6K,212600
sivakarthikeyan,Sivakarthikeyan Doss,,,4.5M,4500000,India,470.6K,470600,554.6K,554600
skawngur,·ÑÇ·Ö°·Ü∑·Ñå·ÖÆ·Ñí·Öß·Ü®,Cinema & Actors/actresses,,17.8M,17800000,Indonesia,1.8M,1800000,2.5M,2500000
skuukzky,·Ñâ·ÖÆ·ÜΩ·Ñã·Öµ  üíÑüíÖüë°üë†üéÄüëôüåÇüëóüåÇüéÄüíãüíå,Clothing & Outfits,Music,17.5M,17500000,Indonesia,871.4K,871400,1.1M,1100000
smriti_mandhana,Smriti Mandhana,Sports with a ball,,5.9M,5900000,India,550.9K,550900,637.7K,637700
snoopdogg,snoopdogg,Lifestyle,Music,71.8M,71800000,United States,60.9K,60900,85.5K,85500
sofiaalcastro,‚ô°sofia castro,Shows,Cinema & Actors/actresses,8.5M,8500000,Colombia,427.4K,427400,582.7K,582700
sofiavergara,Sofia Vergara,Cinema & Actors/actresses,,24.8M,24800000,United States,109K,109000,143K,143000
sommerray,Sommer Ray,Modeling,,26.7M,26700000,United States,242.3K,242300,381.3K,381300
somsomi0309,ENNIK,Music,,13.9M,13900000,Indonesia,894.6K,894600,1.1M,1100000
sonamkapoor,Sonam Kapoor Ahuja,Fashion,Modeling,31.9M,31900000,India,145.8K,145800,173.5K,173500
songkang_b,·Ñâ·Ö©·Üº·ÑÄ·Ö°·Üº,,,13.6M,13600000,Mexico,2M,2000000,2.8M,2800000
sonu_sood,Sonu Sood,Cinema & Actors/actresses,,14.1M,14100000,India,321.3K,321300,367.6K,367600
soohyun_k216,·ÑÄ·Öµ·Ü∑·Ñâ·ÖÆ·Ñí·Öß·Ü´ Kim Soo Hyun ÈáëÁßÄË≥¢,,,13.3M,13300000,Indonesia,1.3M,1300000,1.6M,1600000
sooyaaa__,JISOOü§ç,Music,Beauty,58.6M,58600000,Indonesia,4.7M,4700000,5.4M,5400000
sooyoungchoi,Sooyoung Choi,Beauty,Lifestyle,6.9M,6900000,Indonesia,348.9K,348900,420.7K,420700
sophiedee,Sophie Dee,Adult content,,11.6M,11600000,United States,186.3K,186300,248K,248000
sophiet,S O P H I E T U R N E R,Cinema & Actors/actresses,,14.9M,14900000,United States,515.9K,515900,693.7K,693700
soueunavida,Sou Eu Na Vida,Humor & Fun & Happiness,,17.5M,17500000,Brazil,204.6K,204600,389.5K,389500
sound_of_coups,COUPS,,,3.3M,3300000,Indonesia,751.6K,751600,964.1K,964100
soydannyalfaro,Danny Alfaro,Beauty,,8M,8000000,Mexico,329.4K,329400,377.4K,377400
soyneiva,Neiva Mara,Adult content,,11.4M,11400000,Brazil,212.9K,212900,285.9K,285900
spacex,SpaceX,Science,Machinery & Technologies,13.3M,13300000,United States,201K,201000,244.9K,244900
sportscenter,SportsCenter,Sports with a ball,Shows,30M,30000000,United States,125.8K,125800,224.2K,224200
ssinz7,Î∞ïÏã†Ìòú/Shin Hye Park,Music,Cinema & Actors/actresses,13.5M,13500000,Indonesia,1.3M,1300000,1.6M,1600000
staceysolomon,Stacey Solomon,Family,,5.1M,5100000,United Kingdom,409.7K,409700,493.6K,493600
starwars,Star Wars,Cinema & Actors/actresses,,14.9M,14900000,United States,182K,182000,231.4K,231400
staskaranikolaou,Anastasia Karanikolaou,Lifestyle,,10.8M,10800000,United States,179.4K,179400,264.1K,264100
stephencurry30,Wardell Curry,Sports with a ball,Family,41.1M,41100000,United States,565.7K,565700,757.6K,757600
sthefanematos,STHE ‚öìÔ∏è,Lifestyle,,9.7M,9700000,Brazil,256.8K,256800,590.2K,590200
strangerthingstv,Stranger Things Netflix,Cinema & Actors/actresses,Shows,15.6M,15600000,Brazil,433.2K,433200,579.5K,579500
subo_m,Subhan Mamedov,Shows,,9M,9000000,Russia,294.2K,294200,360.4K,360400
suga_bighitentertainment,SUGA (·ÑÜ·Öµ·Ü´·Ñã·Ö≤·Ü´·ÑÄ·Öµ) Updates,Lifestyle,,7.9M,7900000,Indonesia,1.2M,1200000,1.4M,1400000
sunnyleone,Sunny Leone,Beauty,Cinema & Actors/actresses,51.5M,51500000,India,312.8K,312800,421.7K,421700
superstar_dewasi99,SUPERSTARDEWASI 99,,,8.7M,8700000,India,294.7K,294700,466.5K,466500
sureshraina3,Suresh Raina,Modeling,,19.1M,19100000,India,328.7K,328700,371.3K,371300
sydney_sweeney,Sydney Sweeney,Lifestyle,Cinema & Actors/actresses,11.8M,11800000,United States,1.8M,1800000,3.4M,3400000
syifahadjureal,Syifa Hadju,Modeling,,14.9M,14900000,Indonesia,295.7K,295700,365K,365000
sza,SZA,Music,,11.6M,11600000,United States,748.6K,748600,1.3M,1300000
t22felton,Tom Felton,Music,Cinema & Actors/actresses,11.9M,11900000,United States,223.4K,223400,289.4K,289400
taehyung.bighitentertainment,TAEHYUNG (ÍπÄÌÉúÌòï) Updates,Management & Marketing,Music,10.3M,10300000,Indonesia,2M,2000000,2.1M,2100000
taeoxo_nct,TAEYONG ÌÉúÏö©,,,8.8M,8800000,Indonesia,1.3M,1300000,1.8M,1800000
taeyeon_ss,TaeYeon,Music,,18.3M,18300000,South Korea,762K,762000,925.8K,925800
taina,TainaÃÅ Costa,Music,,15.6M,15600000,Brazil,478.3K,478300,998.9K,998900
tamannaahspeaks,Tamannaah Bhatia,Music,Cinema & Actors/actresses,15.9M,15900000,India,344.4K,344400,401.9K,401900
tamerhosny,Tamer Hosny,Music,Cinema & Actors/actresses,22M,22000000,Egypt,110.5K,110500,134.1K,134100
tatawerneck,Tata Werneck,Cinema & Actors/actresses,Family,52.1M,52100000,Brazil,80.8K,80800,123.5K,123500
taylor_hill,Taylor Hill,Art/Artists,Fashion,18.9M,18900000,United States,115.5K,115500,172.9K,172900
taylorswift,Taylor Swift,Music,,204.7M,204700000,Brazil,2.3M,2300000,3.1M,3100000
tchalamet,TimotheÃÅe Chalamet,Cinema & Actors/actresses,,17.5M,17500000,United States,2.3M,2300000,3.8M,3800000
teddysphotos,Ed Sheeran,Music,,37.7M,37700000,United States,161K,161000,219.8K,219800
tejasswiprakash,Tejasswi Prakash,Beauty,,5.5M,5500000,India,424.7K,424700,513.4K,513400
tenlee_1001,TEN_+‚Ä¢10,Music,,9.4M,9400000,Indonesia,1.1M,1100000,1.4M,1400000
teyanataylor,Jimmy Neutch- Shumpert,Music,,14.6M,14600000,United States,153.9K,153900,261.2K,261200
thariqhalilintar,thoriq halilintar,Shows,,6.5M,6500000,Indonesia,476.9K,476900,590.2K,590200
thebursin,Kerem BuÃàrsin,Cinema & Actors/actresses,,10.3M,10300000,Russia,891.2K,891200,1.2M,1200000
thedeverakonda,Vijay Deverakonda,Cinema & Actors/actresses,,14.8M,14800000,India,984.9K,984900,1.2M,1200000
theellenshow,Ellen DeGeneres,Shows,Cinema & Actors/actresses,116.8M,116800000,United States,29.2K,29200,33.3K,33300
theestallion,Megan Thee Stallion,Music,,28.2M,28200000,United States,504K,504000,879.9K,879900
thefatjewish,thefatjewish,Humor & Fun & Happiness,,10.1M,10100000,United States,186.9K,186900,244.4K,244400
thegirljt,JTü¶ã,Music,,5.1M,5100000,United States,234.4K,234400,641.8K,641800
thehughjackman,,Cinema & Actors/actresses,,30.3M,30300000,United States,107.1K,107100,122.4K,122400
thenameisyash,Yash,Cinema & Actors/actresses,,5.9M,5900000,India,813.1K,813100,964.9K,964900
thenewclassic,Iggy Azalea,Music,,15.8M,15800000,United States,233.6K,233600,378.2K,378200
thenotoriousmma,Conor McGregor Official,Fitness & Gym,,45M,45000000,United States,435.4K,435400,631.5K,631500
therealcalebmclaughlin,Caleb McLaughlin,Cinema & Actors/actresses,Lifestyle,11.1M,11100000,Brazil,278.7K,278700,398.6K,398600
therealjosephmorgan,Joseph Morgan,Cinema & Actors/actresses,Lifestyle,7.8M,7800000,Brazil,411.3K,411300,514.1K,514100
therock,therock,Cinema & Actors/actresses,Fitness & Gym,307M,307000000,India,303.4K,303400,396K,396000
theshilpashetty,Shilpa Shetty Kundra,Cinema & Actors/actresses,,24.8M,24800000,India,107.1K,107100,124K,124000
theweeknd,The Weeknd,Music,,37.5M,37500000,United States,725.8K,725800,983.9K,983900
thiagosilva,Thiago Silva,Sports with a ball,,18.9M,18900000,Brazil,122.8K,122800,207.2K,207200
thv,V,,,38.1M,38100000,N/A,12.2M,12200000,12.2M,12200000
tiagopzk,GOTTI A,Music,,4.3M,4300000,Argentina,333.4K,333400,761.6K,761600
tiffanyyoungofficial,tiffany young,Modeling,Fashion,11.6M,11600000,Indonesia,240.5K,240500,301.2K,301200
tigerjackieshroff,Tiger Shroff,Cinema & Actors/actresses,,33.8M,33800000,India,331.6K,331600,405K,405000
timatiofficial,13,Music,Fitness & Gym,18M,18000000,Russia,151.2K,151200,202.4K,202400
tinistoessel,tini,Music,,17.4M,17400000,Argentina,631.4K,631400,844.7K,844700
todayis_wendy,Wendy,,,6.3M,6300000,Indonesia,1.1M,1100000,1.3M,1300000
tombrady,Tom Brady,Sports with a ball,,11.8M,11800000,United States,458.6K,458600,847.9K,847900
tomcruise,Tom Cruise,Cinema & Actors/actresses,,6.2M,6200000,India,465K,465000,645.7K,645700
tommyinnit,TommyInnit,Lifestyle,,3.6M,3600000,France,724.8K,724800,817.4K,817400
toni.kr8s,Toni Kroos,Sports with a ball,,31.9M,31900000,Germany,178.8K,178800,244.1K,244100
travisscott,flame,Music,,44.8M,44800000,United States,1.4M,1400000,2.1M,2100000
trentarnold66,Trent Alexander-Arnold,Lifestyle,Sports with a ball,6.6M,6600000,United Kingdom,298.9K,298900,438.3K,438300
trippieredd,555,Music,,12.8M,12800000,United States,530.7K,530700,1M,1000000
troyesivan,troye sivan,Art/Artists,Fashion,12.6M,12600000,United States,157.2K,157200,225.6K,225600
trueno,TR1 ‚õà,Music,,6.7M,6700000,Argentina,479.2K,479200,745.7K,745700
twicetagram,TWICE,Music,Modeling,24.6M,24600000,Indonesia,1.3M,1300000,1.6M,1600000
txt_bighit,TOMORROW X TOGETHER OFFICIAL,,,11.7M,11700000,Indonesia,637.8K,637800,804.9K,804900
tyga,T-Raww,Music,,32.4M,32400000,United States,689.2K,689200,1M,1000000
tylerrjoseph,tyler j√∏seph,Music,Art/Artists,5.5M,5500000,United States,628.2K,628200,941.3K,941300
uarmyhope,jhope,,,32.2M,32200000,South Korea,8M,8000000,8M,8000000
urassayas,Urassaya Sperbund,Cinema & Actors/actresses,Modeling,11.4M,11400000,Thailand,181.6K,181600,220.8K,220800
urstrulymahesh,Mahesh Babu,Cinema & Actors/actresses,,8.1M,8100000,India,527.5K,527500,580.4K,580400
ursulolita,UÃÅrsula CorberoÃÅ ‚ú®,Cinema & Actors/actresses,Modeling,24.6M,24600000,Brazil,2M,2000000,2.9M,2900000
urvashirautela,URVASHI RAUTELA üáÆüá≥,Cinema & Actors/actresses,,46.4M,46400000,India,193.4K,193400,229.9K,229900
valentinazenere,Valentina Zenere,Modeling,Lifestyle,8.5M,8500000,Brazil,259K,259000,315.4K,315400
valeyellow46,Valentino Rossi,Racing Sports,,13.3M,13300000,Indonesia,310.5K,310500,405.3K,405300
vancityreynolds,Ryan Reynolds,Cinema & Actors/actresses,,42.4M,42400000,United States,325.2K,325200,422.4K,422400
vanessahudgens,üîÆVanessa HudgensüîÆ,Cinema & Actors/actresses,,44.8M,44800000,United States,161.1K,161100,262.3K,262300
vanessalopesr_,Vanessa Lopes,Lifestyle,,10.6M,10600000,Brazil,171.9K,171900,559.7K,559700
vanessamorgan,Vanessa Morgan,Music,Cinema & Actors/actresses,9.4M,9400000,United States,422.3K,422300,600.5K,600500
varundvn,VarunDhawan,Cinema & Actors/actresses,,40.9M,40900000,India,403.4K,403400,492.3K,492300
veradijkmans,DUTCHüá≥üá±,Adult content,,5.1M,5100000,United States,390.3K,390300,548.6K,548600
vickykaushal09,Vicky Kaushal,Cinema & Actors/actresses,,13.2M,13200000,India,1.3M,1300000,1.5M,1500000
victoriajustice,Victoria Justice,Music,Cinema & Actors/actresses,21.8M,21800000,United States,226.2K,226200,309.8K,309800
viihtube,Viih Tube,Cinema & Actors/actresses,,22.9M,22900000,Brazil,148K,148000,279.9K,279900
vindiesel,Vin Diesel,Cinema & Actors/actresses,,79M,79000000,Brazil,440.5K,440500,568.5K,568500
vinijr,Vinicius Jr. ‚ö°Ô∏èüáßüá∑,Sports with a ball,,15.8M,15800000,Brazil,909.4K,909400,1.5M,1500000
vinniehacker,‚Ä†,Lifestyle,,5.6M,5600000,United States,687K,687000,1.4M,1400000
violets.tv,Violet Summers,Adult content,,13.5M,13500000,Italy,221.3K,221300,303.5K,303500
virat.kohli,Virat Kohli,Sports with a ball,,188.1M,188100000,India,3.1M,3100000,3.4M,3400000
virgilvandijk,Virgil van Dijk,Sports with a ball,,11.5M,11500000,United Kingdom,235.4K,235400,333.6K,333600
virginia,Virginia Fonseca Costa,Shows,Lifestyle,35.8M,35800000,Brazil,1.4M,1400000,2.1M,2100000
vivi,Vivi Wanderley,Beauty,Lifestyle,13.1M,13100000,Brazil,200K,200000,328.4K,328400
vousmevoyez,KRYSTAL,Music,Cinema & Actors/actresses,10.1M,10100000,Indonesia,366.6K,366600,475.8K,475800
warriors,Golden State Warriors,Lifestyle,Sports with a ball,22.2M,22200000,United States,81.7K,81700,112.8K,112800
watanabenaomi703,Ê∏°Ëæ∫Áõ¥Áæé„ÄÄNaomi watanabe,Cinema & Actors/actresses,Humor & Fun & Happiness,9.7M,9700000,Japan,339K,339000,361K,361000
waynerooney,Wayne Rooney,Sports with a ball,Lifestyle,15.5M,15500000,United Kingdom,139.8K,139800,201.4K,201400
wdohwan,Ïö∞ÎèÑÌôò,Cinema & Actors/actresses,,4.4M,4400000,Indonesia,504.8K,504800,669K,669000
whinderssonnunes,Whindersson Nunes,Humor & Fun & Happiness,,57.9M,57900000,Brazil,988.3K,988300,1.5M,1500000
wi__wi__wi,·Ñã·Ö±·Ñí·Ö°·Ñå·ÖÆ·Ü´ Wi Ha Jun,,,10.2M,10200000,South Korea,1.1M,1100000,1.4M,1400000
wilbursoot,Wilbur Soot,Music,,3.2M,3200000,United States,687.5K,687500,883.1K,883100
willevy,William  Levy / Actor Producer,Shows,Cinema & Actors/actresses,10.2M,10200000,Brazil,382.9K,382900,514.4K,514400
willsmith,Will Smith,Cinema & Actors/actresses,Music,62.4M,62400000,United States,1.9M,1900000,2.4M,2400000
willyrex,Willyrex,Shows,,8.6M,8600000,Spain,324.1K,324100,385.1K,385100
winmetawin,Win Metawin O.,Lifestyle,,11.7M,11700000,Philippines,1.3M,1300000,1.5M,1500000
wizkidayo,BIG WIZü¶Ö,Music,,14.2M,14200000,Nigeria,243.3K,243300,473.4K,473400
wolfiecindy,Cindy Kimberly,Modeling,Lifestyle,6.9M,6900000,United States,226.5K,226500,376.7K,376700
wos.ds3,ValentiÃÅn Oliva,Music,,6.3M,6300000,Argentina,371.2K,371200,567.4K,567400
wwiinn_7,WINWIN,,,7M,7000000,Indonesia,1.3M,1300000,1.5M,1500000
xavi,Xavi HernaÃÅndez,Sports with a ball,,8.1M,8100000,Spain,419.4K,419400,629.1K,629100
xeesoxee,·Ñí·Ö°·Ü´·Ñâ·Ö©·Ñí·Ö¥,Lifestyle,,8.9M,8900000,Indonesia,1.3M,1300000,1.7M,1700000
xsqueezie,,Music,Lifestyle,7.6M,7600000,France,519.4K,519400,607.3K,607300
xuminghao_o,The8 ÎîîÏóêÏûá,Music,,4.3M,4300000,Indonesia,615.9K,615900,776.2K,776200
xxxibgdrgn,·ÑÄ·ÖØ·Ü´·Ñå·Öµ·Ñã·Ö≠·Üº(Ê¨äÂøóÈæç),Photography,Fashion,20.6M,20600000,Indonesia,785.3K,785300,999.1K,999100
xxxtentacion,MAKE OUT HILL,Music,,20.2M,20200000,United States,11.8M,11800000,20.8M,20800000
yailinlamasviralreal,Yailin la Mas Viral ‚ôãÔ∏èüßø,,,4.3M,4300000,N/A,0,0,859.6K,859600
yangyang_x2,YangYang ·Ñã·Ö£·Üº·Ñã·Ö£·Üº,,,6.1M,6100000,Indonesia,863.4K,863400,1.1M,1100000
yaocabrera,Yao Cabrera,,,12.2M,12200000,Argentina,256K,256000,556.1K,556100
yasminabdelaziz_,Yasmin Abdelaziz,Cinema & Actors/actresses,,15.4M,15400000,Egypt,185.7K,185700,219.9K,219900
yasmine_sabri,Yasmine Sabri,Cinema & Actors/actresses,Lifestyle,18.4M,18400000,Egypt,158.4K,158400,222.8K,222800
yastunes,YAS,Music,,8M,8000000,Iran,644K,644000,894K,894000
yawnzzn,YEONJUN,,,7.4M,7400000,N/A,0,0,4.3M,4300000
yefersoncossio,Yef,Lifestyle,,8.8M,8800000,Colombia,257K,257000,376.6K,376600
yejinhand,ÏÜêÏòàÏßÑ,Cinema & Actors/actresses,,6M,6000000,Indonesia,537.1K,537100,699K,699000
yellow_3to3,REN JUN,,,5.2M,5200000,Indonesia,1.6M,1600000,2M,2000000
yerimiese,Yeri,Lifestyle,,10.1M,10100000,Indonesia,620.3K,620300,768.1K,768100
yihyun_1208,·Ñå·Ö©·Ñã·Öµ·Ñí·Öß·Ü´ cho yihyun,,,5.4M,5400000,South Korea,1.3M,1300000,1.6M,1600000
ykaaar,Damiano David/MaÃäneskin,,,5.1M,5100000,Italy,968.1K,968100,1.3M,1300000
yoona__lim,,Cinema & Actors/actresses,,13.2M,13200000,Indonesia,571.6K,571600,683.2K,683200
yooncy1,Ïú§Ï∞¨ÏòÅ Yoon chanyoung,,,4.9M,4900000,South Korea,1.1M,1100000,1.3M,1300000
youngdae0302,·ÑÄ·Öµ·Ü∑·Ñã·Öß·Üº·ÑÉ·Ö¢,Music,,3.8M,3800000,Indonesia,561.4K,561400,741.4K,741400
yugyeom,KYUM,Music,Art/Artists,10.8M,10800000,Thailand,634.2K,634200,821.7K,821700
yungmiami305,Caresha ..üíóüíã,Lifestyle,,5.3M,5300000,United States,184.6K,184600,547.8K,547800
yuu_taa_1026,YUTA ÊÇ†Â§™,,,7.9M,7900000,Indonesia,1M,1000000,1.3M,1300000
yuyacst,ùì®ùíñùíöùíÇ,Modeling,,17.1M,17100000,Mexico,389.8K,389800,598.2K,598200
yuzi_chahal23,Yuzvendra Chahal,Lifestyle,Sports with a ball,7.5M,7500000,India,311.5K,311500,379.5K,379500
zacefron,Zac Efron,Cinema & Actors/actresses,,52.1M,52100000,United States,598.7K,598700,869.3K,869300
zachking,Zach King,Shows,Humor & Fun & Happiness,24.5M,24500000,Indonesia,413.9K,413900,637.7K,637700
zayn,Zayn Malik,Music,,44.9M,44900000,India,3.7M,3700000,5.8M,5800000
zefelipecantor,ZeÃÅ,Music,,23.1M,23100000,Brazil,278.1K,278100,487.8K,487800
zelenskiy_official,–í–æ–ª–æ–¥–∏–º–∏—Ä –ó–µ–ª–µ–Ω—Å—å–∫–∏–π,Cinema & Actors/actresses,Business & Careers,16.4M,16400000,Ukraine,174K,174000,208.1K,208100
zendaya,Zendaya,Cinema & Actors/actresses,Fashion,136.1M,136100000,United States,6.4M,6400000,8.6M,8600000
zidane,zidane,Sports with a ball,,31.2M,31200000,Spain,546K,546000,744.1K,744100
zkdlin,KAI,Music,,13.9M,13900000,Indonesia,1.3M,1300000,1.6M,1600000
zoeisabellakravitz,ZoeÃà Kravitz,Cinema & Actors/actresses,,8.2M,8200000,United States,583K,583000,885.5K,885500
zoesugg,ZoeÃà Sugg,Lifestyle,Business & Careers,9.4M,9400000,United Kingdom,208.7K,208700,289.3K,289300