s.no,Youtube channel,youtuber name,Category,Followers,Followers,Country,"
Views (Avg.)","
Views (Avg.)",Likes (Avg.),Likes (Avg.),Comments (Avg.),Comments (Avg.),Category-2
1,tseries,T-Series,Music & Dance,229.5M,229500000,India,103.8K,103800,2.8K,2800,158,158,
2,setindia,SET India,,147.2M,147200000,India,0,0,0,0,0,0,
3,checkgate,Cocomelon - Nursery Rhymes,Education,146.6M,146600000,,9.5M,9500000,48.3K,48300,0,0,
4,MrBeast,MrBeast,Video games,117M,117000000,United States,68.5M,68500000,2.9M,2900000,99.9K,99900,Humor
5,PewDiePie,PewDiePie,Animation,111.6M,111600000,United States,1.4M,1400000,110.7K,110700,7.8K,7800,
6,✿ Kids Diana Show,✿ Kids Diana Show,Animation,103.4M,103400000,,6.3M,6300000,20.7K,20700,0,0,Toys
7,Like Nastya,Like Nastya,Toys,102.4M,102400000,,4.4M,4400000,21.1K,21100,0,0,
8,WWEFanNation,WWE,Video games,91.8M,91800000,United States,144.9K,144900,5.1K,5100,207,207,
9,Vlad and Niki,Vlad and Niki,Animation,90.5M,90500000,,7M,7000000,27.4K,27400,0,0,Toys
10,zeemusiccompany,Zee Music Company,Music & Dance,89.7M,89700000,India,89.6K,89600,2.4K,2400,91,91,
11,BLACKPINK,BLACKPINK,Music & Dance,82.8M,82800000,United States,1.8M,1800000,297.3K,297300,4.5K,4500,
12,GoldminesTelefilms,Goldmines,,79.5M,79500000,India,53.5K,53500,673,673,27,27,
13,5-Minute Crafts,5-Minute Crafts,,77.9M,77900000,India,236.2K,236200,1.5K,1500,57,57,
14,sabtv,Sony SAB,Movies,73.9M,73900000,India,45.6K,45600,757,757,18,18,Animation
15,BANGTANTV,BANGTANTV,Music & Dance,71.7M,71700000,India,1.7M,1700000,398.8K,398800,8.8K,8800,
16,ibighit,HYBE LABELS,Music & Dance,68.8M,68800000,United States,2.9M,2900000,179.6K,179600,3.9K,3900,
17,KondZilla,Canal KondZilla,Music & Dance,66.3M,66300000,Brazil,39.2K,39200,1.7K,1700,247,247,
18,zeetv,Zee TV,,64.2M,64200000,India,8.9K,8900,80,80,2,2,
19,filmigaane,Shemaroo Filmi Gaane,Music & Dance,62.6M,62600000,India,15.2K,15200,172,172,7,7,
20,SmartBooksMedia,Pinkfong Baby Shark - Kids' Songs & Stories,Animation,62.3M,62300000,,350.1K,350100,924,924,0,0,Toys
21,ChuChu TV Nursery Rhymes & Kids Songs,ChuChu TV Nursery Rhymes & Kids Songs,Toys,59.7M,59700000,,147K,147000,855,855,0,0,
22,dudeperfect,Dude Perfect,Video games,58.6M,58600000,United States,7.1M,7100000,207.6K,207600,6.7K,6700,
23,movieclips,Movieclips,Movies,58.1M,58100000,United States,9.2K,9200,142,142,13,13,Animation
24,colorstv,Colors TV,,57.6M,57600000,India,6.7K,6700,73,73,2,2,
25,Marshmello,Marshmello,Music & Dance,56.1M,56100000,United States,1.7M,1700000,88.5K,88500,4.5K,4500,
26,tseriesbhakti,T-Series Bhakti Sagar,Music & Dance,56M,56000000,India,20.7K,20700,458,458,44,44,
27,tipsofficial,Tips Official,Music & Dance,55.3M,55300000,India,336.6K,336600,2.3K,2300,84,84,
28,BHOJPURIWAVE,Wave Music,Music & Dance,54.9M,54900000,,60.1K,60100,1.4K,1400,106,106,
29,aajtak,Aaj Tak,News & Politics,54.9M,54900000,India,3.2K,3200,45,45,5,5,
30,sonymusicindiaSME,Sony Music India,Music & Dance,54.6M,54600000,India,861.6K,861600,22.2K,22200,286,286,
31,ReinoMariaElenaWalsh,El Reino Infantil,Music & Dance,53.5M,53500000,,43.5K,43500,255,255,0,0,
32,EdSheeran,Ed Sheeran,Music & Dance,52.6M,52600000,United States,222.6K,222600,11.1K,11100,790,790,
33,LooLooKids,LooLoo Kids - Nursery Rhymes and Children's Songs,Music & Dance,51.2M,51200000,United States,332K,332000,5.5K,5500,0,0,
34,taylorswift,Taylor Swift,Music & Dance,49.6M,49600000,United States,3.5M,3500000,102.1K,102100,1.7K,1700,
35,yrf,YRF,Music & Dance,49.1M,49100000,India,58.9K,58900,3.2K,3200,29,29,Movies
36,BillionSurpriseToys - English Kids Songs & Cartoon,BillionSurpriseToys - English Kids Songs & Cartoon,Toys,47.9M,47900000,,191K,191000,0,0,0,0,
37,infobellshindirhymes,Infobells - Hindi,Education,47.6M,47600000,,187.7K,187700,841,841,0,0,
38,JuegaGerman,JuegaGerman,Movies,46.6M,46600000,Mexico,874K,874000,85.9K,85900,3K,3000,Animation
39,Badabun,Badabun,,46M,46000000,Mexico,8.5K,8500,394,394,7,7,
40,felipeneto,Felipe Neto,,44.7M,44700000,Brazil,884.9K,884900,107K,107000,1.7K,1700,
41,BRIGHT SIDE,BRIGHT SIDE,Animation,44.2M,44200000,United States,43.1K,43100,1.1K,1100,77,77,
42,vcsabiavideos,Você Sabia?,,44.1M,44100000,Brazil,530.7K,530700,54K,54000,874,874,
43,sonymusicindiaVEVO,SonyMusicIndiaVEVO,Music & Dance,43.9M,43900000,India,59.4K,59400,1.5K,1500,51,51,
44,KatyPerryMusic,Katy Perry,Music & Dance,43.5M,43500000,,84.4K,84400,8.2K,8200,871,871,
45,getmovies,Get Movies,,43.2M,43200000,,69.9K,69900,366,366,0,0,
46,DjWalkzz,Alan Walker,Music & Dance,42.7M,42700000,United States,104.5K,104500,9.9K,9900,477,477,Movies
47,A4,A4,Animation,42.5M,42500000,Russia,11.2M,11200000,404.5K,404500,27.1K,27100,Humor
48,ShemarooEnt,Shemaroo,,42.3M,42300000,India,47.4K,47400,439,439,13,13,
49,Like Nastya Show,Like Nastya Show,Animation,41.8M,41800000,,94K,94000,453,453,0,0,Toys
50,ABSCBNOnline,ABS-CBN Entertainment,,41.5M,41500000,Philippines,1.4K,1400,19,19,1,1,
51,Voot Kids,Voot Kids,Movies,41.5M,41500000,,523.7K,523700,4.8K,4800,0,0,Animation
52,speedrecordss,Speed Records,Music & Dance,41.5M,41500000,India,23.5K,23500,1.2K,1200,57,57,
53,LittleBabyBum,Little Baby Bum - Nursery Rhymes & Kids Songs,Animation,40.1M,40100000,,88K,88000,175,175,0,0,Toys
54,LuisitoComunicaa,Luisito Comunica,,39.8M,39800000,Mexico,2.7M,2700000,93K,93000,2.9K,2900,
55,MashaMedvedTV,Маша и Медведь,Education,39.7M,39700000,,1.6M,1600000,9K,9000,0,0,
56,Shakira,Shakira,,39.3M,39300000,United States,207K,207000,9.4K,9400,829,829,
57,KimberlyLoaiza,Kimberly Loaiza,Daily vlogs,39M,39000000,Mexico,11.6M,11600000,524.3K,524300,16.9K,16900,
58,venus,Ishtar Music,Music & Dance,38.7M,38700000,India,35.7K,35700,941,941,13,13,
59,luccasneto,LUCCAS NETO - LUCCAS TOON,Movies,38.4M,38400000,Brazil,419.5K,419500,6.6K,6600,0,0,Animation
60,TheEllenShow,TheEllenShow,,38.3M,38300000,United States,7.7K,7700,229,229,18,18,
61,gr6explode,GR6 EXPLODE,Music & Dance,38.2M,38200000,Brazil,944.9K,944900,42K,42000,821,821,
62,XXXTENTACION,XXXTENTACION,Music & Dance,38.1M,38100000,United States,812.5K,812500,103.3K,103300,8.1K,8100,
63,toysandcolors,Toys and Colors,Movies,38M,38000000,,1M,1000000,1.1K,1100,0,0,Toys
64,WorkpointOfficial,WorkpointOfficial,,37.7M,37700000,Thailand,8.4K,8400,116,116,5,5,
65,MashaBearEN,Masha and The Bear,Animation,37.7M,37700000,,893.3K,893300,4.2K,4200,0,0,Toys
66,ARY Digital HD,ARY Digital HD,,37.4M,37400000,Pakistan,12K,12000,93,93,4,4,
67,AddictedA1,CarryMinati,Movies,37.3M,37300000,India,14.7M,14700000,2.7M,2700000,110K,110000,Humor
68,DaddyYankeeOFFTV,Daddy Yankee,Music & Dance,37.3M,37300000,Colombia,60.9K,60900,5.1K,5100,97,97,
69,shfa2 - شفا,shfa2 - شفا,Daily vlogs,37M,37000000,,593.8K,593800,3.9K,3900,0,0,
70,TEDxTalks,TEDx Talks,,36.8M,36800000,United States,199.5,199.5,4,4,0,0,
71,shfa,shfa,Daily vlogs,36.7M,36700000,France,2.3M,2300000,31.8K,31800,0,0,
72,SuperSimpleSongs,Super Simple Songs - Kids Songs,Music & Dance,36.5M,36500000,,946.9K,946900,2K,2000,0,0,
73,Jkk Entertainment,Jkk Entertainment,,36.5M,36500000,India,14.5M,14500000,105.6K,105600,1.2K,1200,
74,Mikecrack,Mikecrack,Movies,35.7M,35700000,Mexico,932.8K,932800,76.6K,76600,1.5K,1500,Animation
75,Ozuna,Ozuna,Music & Dance,35.6M,35600000,United States,24.6M,24600000,141.7K,141700,2.4K,2400,
76,Goldmines Gaane Sune Ansune,Goldmines Gaane Sune Ansune,Music & Dance,35.6M,35600000,India,31.1K,31100,243,243,11,11,
77,gmmonetv,ช่อง one31,,35.5M,35500000,Thailand,4.3K,4300,97,97,1,1,
78,Like Nastya ESP,Like Nastya ESP,,35M,35000000,,304.5K,304500,1.2K,1200,0,0,
79,UltraHindi,Ultra Bollywood,,34.6M,34600000,India,70.6K,70600,429,429,12,12,
80,harpalgeo,HAR PAL GEO,,34.6M,34600000,Pakistan,10.3K,10300,88,88,1,1,
81,Maria Clara & JP,Maria Clara & JP,,34.5M,34500000,,2.6M,2600000,13.9K,13900,0,0,
82,abpnewstv,ABP NEWS,News & Politics,34.3M,34300000,India,1.9K,1900,20,20,2,2,
83,sonypalindia,Sony PAL,,34.3M,34300000,India,8.9K,8900,108,108,8,8,
84,TotalGaming093,Total Gaming,,34.1M,34100000,India,477K,477000,48.8K,48800,3K,3000,
85,YouTube,YouTube,,34M,34000000,United States,11.8M,11800000,1.2M,1200000,61.4K,61400,
86,markiplierGAME,Markiplier,Animation,34M,34000000,United States,2.6M,2600000,164.6K,164600,9.2K,9200,Video games
87,Ryan's World,Ryan's World,Animation,33.7M,33700000,,457.3K,457300,1.9K,1900,0,0,Toys
88,vegetta777,VEGETTA777,Video games,33.6M,33600000,Mexico,223.4K,223400,22.2K,22200,356,356,
89,Geet MP3,Geet MP3,Music & Dance,33.4M,33400000,India,3.8M,3800000,78K,78000,7.6K,7600,
90,tseriesapnapunjab,T-Series Apna Punjab,Music & Dance,33.2M,33200000,India,20.7K,20700,897,897,33,33,
91,LaGranjaDeZenon,La Granja de Zenón,Music & Dance,33.1M,33100000,,498.9K,498900,1.9K,1900,0,0,Animation
92,NoCopyrightSounds,NoCopyrightSounds,Music & Dance,33M,33000000,United States,336.4K,336400,12.9K,12900,786,786,
93,IndiaTV,IndiaTV,News & Politics,33M,33000000,India,9.5K,9500,167,167,10,10,
94,SSSniperWolf,SSSniperWolf,Humor,33M,33000000,United States,2.7M,2700000,76.7K,76700,4.6K,4600,
95,KHANDESHI MOVIES,KHANDESHI MOVIES,,32.8M,32800000,India,893.1K,893100,9.3K,9300,178,178,
96,Ch3Thailand,Ch3Thailand,,32.5M,32500000,Thailand,96.8K,96800,980,980,20,20,
97,Vlad và Nikita,Vlad và Nikita,Movies,32.1M,32100000,,1.8M,1800000,5.5K,5500,0,0,Humor
98,selenagomez,Selena Gomez,,32M,32000000,United States,1.6M,1600000,139.3K,139300,5.8K,5800,
99,tseriesoldisgold,Bollywood Classics,Music & Dance,31.9M,31900000,India,178.5K,178500,1.6K,1600,37,37,
100,erosentertainment,Eros Now Music,,31.9M,31900000,India,21.9K,21900,347,347,23,23,
101,GENIAL,GENIAL,Animation,31.6M,31600000,Mexico,33K,33000,1.1K,1100,37,37,
102,PowerKidstv,PowerKids TV,Movies,31.4M,31400000,India,205.9K,205900,0,0,0,0,Animation
103,rajshri,Rajshri,,31.3M,31300000,India,24.6K,24600,282,282,10,10,
104,SongsOfIndianCinema,Saregama Music,Music & Dance,31.3M,31300000,India,13.7K,13700,358,358,20,20,
105,MrBean,Mr Bean,,31.2M,31200000,India,134.8K,134800,2K,2000,68,68,
106,SMTOWN,SMTOWN,Music & Dance,31M,31000000,United States,359.1K,359100,36.5K,36500,1.1K,1100,
107,babybus,BabyBus - Kids Songs and Cartoons,Animation,30.8M,30800000,,1M,1000000,1.7K,1700,0,0,Toys
108,DisneyMusicVEVO,DisneyMusicVEVO,Music & Dance,30.8M,30800000,United States,125.5K,125500,4.7K,4700,245,245,Movies
109,Ricis Official,Ricis Official,Music & Dance,30.6M,30600000,Indonesia,556.7K,556700,24.9K,24900,726,726,Movies
110,AllTrapNation,Trap Nation,Music & Dance,30.6M,30600000,United States,45K,45000,1.9K,1900,77,77,
111,latenight,The Tonight Show Starring Jimmy Fallon,Movies,30.4M,30400000,United States,126.2K,126200,2.3K,2300,190,190,Humor
112,rezendeevil,rezendeevil,Movies,30.2M,30200000,Brazil,274.9K,274900,17.7K,17700,416,416,Humor
113,AttaHalilintar,AH,Music & Dance,30.1M,30100000,Indonesia,767.7K,767700,27.4K,27400,1.9K,1900,Movies
114,Techno Gamerz,Techno Gamerz,,30M,30000000,India,6.7M,6700000,349K,349000,19.8K,19800,
115,WWRBhojpuri,Worldwide Records Bhojpuri,Music & Dance,29.9M,29900000,India,78.7K,78700,2.1K,2100,91,91,
116,SpinninRec,Spinnin' Records,Music & Dance,29.8M,29800000,United States,33.6K,33600,1.7K,1700,53,53,
117,ImagineDragons,ImagineDragons,Music & Dance,29.4M,29400000,United States,85.8K,85800,9.3K,9300,119,119,
118,theofficialpeppa,Peppa Pig - Official Channel,Toys,29.3M,29300000,,318.8K,318800,1.1K,1100,0,0,
119,MR. INDIAN HACKER,MR. INDIAN HACKER,,29.1M,29100000,India,8.2M,8200000,640.4K,640400,25.3K,25300,
120,Wow Kidz,Wow Kidz,Animation,29M,29000000,,129.8K,129800,1.3K,1300,0,0,Humor
121,UltraRecords,Ultra Records,Music & Dance,29M,29000000,United States,18.1K,18100,703,703,25,25,
122,Maluma,Maluma,Music & Dance,29M,29000000,Colombia,3.9M,3900000,97.1K,97100,3K,3000,
123,Genevieve's Playhouse - Learning Videos for Kids,Genevieve's Playhouse - Learning Videos for Kids,Toys,28.9M,28900000,,3.4M,3400000,3.6K,3600,0,0,
124,jacksepticeye,jacksepticeye,Video games,28.8M,28800000,United States,1.2M,1200000,68.4K,68400,3.9K,3900,
125,GMANETWORK,GMANetwork,,28.8M,28800000,Philippines,3.5K,3500,97,97,1,1,
126,toyoraljanahtv,قناة طيور الجنة | toyoraljanahtv,Music & Dance,28.8M,28800000,,110.6K,110600,0,0,0,0,
127,DONA 도나,DONA 도나,,28.8M,28800000,United States,1.1M,1100000,7.6K,7600,183,183,
128,Karolgmusic,KAROL G,Music & Dance,28.7M,28700000,Colombia,45.9M,45900000,988.6K,988600,48.2K,48200,
129,TalkingTomCat,Talking Tom,,28.6M,28600000,United States,166.8K,166800,875,875,119,119,
130,Little Angel: Nursery Rhymes & Kids Songs,Little Angel: Nursery Rhymes & Kids Songs,Toys,28.4M,28400000,,527.2K,527200,2K,2000,0,0,
131,zeenews,Zee News,News & Politics,28.3M,28300000,India,6.7K,6700,83,83,12,12,
132,Diana and Roma ESP,Diana and Roma ESP,Animation,28.1M,28100000,,1.5M,1500000,5.6K,5600,0,0,
133,TheLateLateShow,The Late Late Show with James Corden,Animation,28M,28000000,United States,43.2K,43200,817,817,63,63,Humor
134,व्लाद और निकिता,व्लाद और निकिता,,28M,28000000,,218.4K,218400,1.3K,1300,0,0,
135,TwiNboTzVids,Lucas and Marcus,Animation,27.8M,27800000,United States,656.9K,656900,18.4K,18400,1.1K,1100,Humor
136,TheDonato,TheDonato,,27.8M,27800000,Mexico,731.5K,731500,49.2K,49200,1K,1000,
137,infobellstamil,infobells - Tamil,Education,27.4M,27400000,,335.1K,335100,1.4K,1400,0,0,
138,AboFlah,AboFlah,Animation,27.2M,27200000,Iraq,2.6M,2600000,371.8K,371800,11.1K,11100,Video games
139,adityamusic,Aditya Music,Music & Dance,27.1M,27100000,India,20.1K,20100,371,371,20,20,
140,taylorgangent,Wiz Khalifa,Music & Dance,26.9M,26900000,United States,1.1M,1100000,58.3K,58300,1.8K,1800,
141,Bounce Patrol - Kids Songs,Bounce Patrol - Kids Songs,Music & Dance,26.8M,26800000,,205.5K,205500,832,832,0,0,
142,michaeljackson,Michael Jackson,Music & Dance,26.8M,26800000,United States,115.1K,115100,7.6K,7600,657,657,
143,infobellstelugu,infobells - Telugu,Education,26.6M,26600000,,70.9K,70900,288,288,0,0,
144,enchufetv,enchufetv,,26.6M,26600000,Ecuador,231.9K,231900,14.2K,14200,235,235,
145,TheDiamondMinecart,DanTDM,Video games,26.3M,26300000,United States,466.6K,466600,25.1K,25100,2.5K,2500,
146,toycantando,toycantando,Music & Dance,26.3M,26300000,,73.2K,73200,679,679,0,0,Animation
147,Sandeep Maheshwari,Sandeep Maheshwari,Daily vlogs,26.2M,26200000,India,1.7M,1700000,111.4K,111400,6.9K,6900,
148,WorldStarHipHopTV,WORLDSTARHIPHOP,Music & Dance,26.1M,26100000,United States,18.5K,18500,551,551,39,39,
149,jypentertainment,JYP Entertainment,Music & Dance,25.9M,25900000,United States,904.2K,904200,110.2K,110200,3.9K,3900,
150,xSkyHeLLxx,Renato Garcia,Movies,25.9M,25900000,Brazil,685.9K,685900,66K,66000,1.2K,1200,Animation
151,VanossGaming,VanossGaming,Animation,25.8M,25800000,United States,1.2M,1200000,54.4K,54400,1.4K,1400,Video games
152,nickelodeonjuniorfr,Nick Jr.,Animation,25.8M,25800000,,73.6K,73600,170,170,0,0,Toys
153,Goldmines Dishoom,Goldmines Dishoom,,25.8M,25800000,,25.5K,25500,253,253,0,0,
154,1MILLION Dance Studio,1MILLION Dance Studio,,25.7M,25700000,India,35.7K,35700,2.1K,2100,27,27,
155,LosPolinesios,LosPolinesios,Music & Dance,25.7M,25700000,Mexico,840.7K,840700,37.7K,37700,1.7K,1700,Movies
156,adityamovies,Aditya Movies,,25.6M,25600000,India,27.6K,27600,909,909,28,28,
157,mariliamendoncareal,Marília Mendonça,Music & Dance,25.4M,25400000,Brazil,2.4M,2400000,51K,51000,1.9K,1900,
158,beyonce,Beyoncé,,25.4M,25400000,United States,0,0,0,0,0,0,
159,MashaOso,Masha y el Oso,Animation,25.3M,25300000,,323.5K,323500,2.1K,2100,0,0,
160,Raffy Tulfo in Action,Raffy Tulfo in Action,News & Politics,25.3M,25300000,Philippines,669.2K,669200,9.7K,9700,1.3K,1300,
161,RihannaVEVO,RihannaVEVO,Music & Dance,25.3M,25300000,United States,2M,2000000,101K,101000,3.5K,3500,
162,NewOnNetflix,Netflix,Movies,25.1M,25100000,United States,96.4K,96400,1.6K,1600,151,151,Animation
163,Jess No Limit,Jess No Limit,Movies,25.1M,25100000,Indonesia,406.6K,406600,10.8K,10800,797,797,Animation
164,RatitasPandilleras,Las Ratitas,,25M,25000000,,318.1K,318100,5.3K,5300,0,0,
165,smosh,Smosh,Movies,24.9M,24900000,United States,127.6K,127600,10.4K,10400,334,334,Humor
166,WatchMojo,WatchMojo.com,Movies,24.9M,24900000,United States,63K,63000,2K,2000,235,235,
167,Crazy XYZ,Crazy XYZ,,24.7M,24700000,India,4.2M,4200000,322.4K,322400,11.1K,11100,
168,postmalone,Post Malone,Music & Dance,24.7M,24700000,United States,118.3K,118300,11.6K,11600,458,458,
169,davidguettavevo,David Guetta,Music & Dance,24.7M,24700000,Brazil,81K,81000,3.6K,3600,184,184,
170,shemaroomovies,Shemaroo Movies,,24.6M,24600000,India,44.9K,44900,464,464,12,12,
171,Rans Entertainment,Rans Entertainment,Music & Dance,24.5M,24500000,Indonesia,584.2K,584200,19.2K,19200,502,502,Humor
172,Amit Bhadana,Amit Bhadana,Humor,24.4M,24400000,India,9.3M,9300000,610.3K,610300,137.7K,137700,
173,LOENENT,1theK (원더케이),,24.3M,24300000,Indonesia,7.4K,7400,625,625,24,24,
174,Chloe Ting,Chloe Ting,Fitness,24.3M,24300000,United States,303.4K,303400,11.5K,11500,439,439,Health & Self Help
175,TheEnaldinhO,Enaldinho,Movies,24.2M,24200000,Brazil,2M,2000000,59.2K,59200,1.3K,1300,
176,ColdplayVEVO,Coldplay,Music & Dance,24.2M,24200000,United States,243.5K,243500,14.9K,14900,834,834,
177,Diana and Roma HIN,Diana and Roma HIN,,24.1M,24100000,,96.2K,96200,569,569,0,0,
178,ChrisBrownTV,Chris Brown,Music & Dance,24.1M,24100000,United States,20.4M,20400000,773.2K,773200,36.2K,36200,
179,TRANS7indonesia,TRANS7 OFFICIAL,Food & Drinks,24M,24000000,Indonesia,4.4K,4400,43,43,5,5,
180,Goldmines Bollywood,Goldmines Bollywood,,23.9M,23900000,India,19.3K,19300,105,105,3,3,
181,NinjasHyper,Ninja,Animation,23.9M,23900000,United States,243.5K,243500,11.9K,11900,607,607,Video games
182,ABPLIVE,ABPLIVE,News & Politics,23.9M,23900000,India,2.2K,2200,47,47,1,1,
183,JamesCharles,James Charles,Beauty,23.8M,23800000,United States,1M,1000000,51.9K,51900,1.9K,1900,Fashion
184,HumNetwork,HUM TV,,23.7M,23700000,Pakistan,2.7K,2700,16,16,0,0,
185,Logan Paul,Logan Paul,Video games,23.6M,23600000,United States,4.3M,4300000,252.9K,252900,11.5K,11500,Humor
186,Happy Lives,Happy Lives,,23.4M,23400000,,12.8K,12800,37,37,0,0,
187,EnriqueIglesiasPlay,Enrique Iglesias,Music & Dance,23.4M,23400000,United States,103.8K,103800,4K,4000,507,507,
188,Troom Troom,Troom Troom,Animation,23.3M,23300000,,178.6K,178600,1.6K,1600,82,82,Toys
189,NickyJamTV,NickyJamTV,Music & Dance,23.3M,23300000,Colombia,30.8K,30800,2K,2000,76,76,Movies
190,netdmuzikk,netd müzik,Music & Dance,23.3M,23300000,Turkey,8.5K,8500,232,232,44,44,
191,Mister Max,Mister Max,DIY & Life Hacks,23.3M,23300000,Russia,481.5K,481500,12.7K,12700,896,896,
192,WB Kids,WB Kids,Movies,23.2M,23200000,,61.4K,61400,672,672,0,0,Animation
193,mildicasdemulher,Tina Pontes,,23.2M,23200000,Brazil,71.2K,71200,872,872,0,0,
194,JellyYT,Jelly,Video games,23.1M,23100000,United States,180.8K,180800,8.9K,8900,1K,1000,
195,Anuel AA,Anuel AA,Music & Dance,23.1M,23100000,Colombia,2.3M,2300000,152K,152000,7.5K,7500,Animation
196,SesameStreet,Sesame Street,,23.1M,23100000,,106.6K,106600,280,280,0,0,
197,The Lallantop,The Lallantop,News & Politics,23.1M,23100000,India,24.3K,24300,640,640,76,76,
198,likenastyaae,Like Nastya AE,,23M,23000000,,552.1K,552100,2.7K,2700,0,0,
199,Frost Diamond,Frost Diamond,Music & Dance,23M,23000000,Indonesia,396.9K,396900,22.1K,22100,837,837,Video games
200,MrBeast en Español,MrBeast en Español,,23M,23000000,Mexico,7.2M,7200000,294.1K,294100,9.1K,9100,
201,D Billions,D Billions,,22.9M,22900000,,1.3M,1300000,987,987,0,0,
202,onemeeeliondollars,Mark Rober,Science & Technology,22.9M,22900000,United States,5.4M,5400000,408.8K,408800,27.6K,27600,
203,VenusMovies,Venus Movies,,22.8M,22800000,India,58.8K,58800,631,631,10,10,
204,Miss Katy,Miss Katy,Video games,22.7M,22700000,Russia,674.8K,674800,14.5K,14500,736,736,
205,DrossRotzank,DrossRotzank,,22.7M,22700000,Mexico,1.8M,1800000,146.7K,146700,5.9K,5900,
206,AmericasGotTalent,America's Got Talent,Music & Dance,22.7M,22700000,United States,243K,243000,4.8K,4800,126,126,Movies
207,Technical Guruji,Technical Guruji,,22.7M,22700000,India,491.1K,491100,30.2K,30200,1.8K,1800,
208,Diana and Roma ARA,Diana and Roma ARA,,22.5M,22500000,,612.4K,612400,3.2K,3200,0,0,
209,gmmgrammyofficial,GMM GRAMMY OFFICIAL,Music & Dance,22.5M,22500000,Thailand,4.8K,4800,169,169,3,3,
210,Smile Family,Smile Family,Movies,22.3M,22300000,,55K,55000,285,285,0,0,Toys
211,goldmineshindi,Goldmines Movies,,22.3M,22300000,India,8.5K,8500,96,96,7,7,
212,TED,TED,,22.3M,22300000,United States,20.5K,20500,417,417,66,66,
213,PeppaLatinoAmericano,Peppa Pig Español Latino - Canal Oficial,Toys,22.3M,22300000,,285.2K,285200,1.7K,1700,0,0,
214,mmoshaya,mmoshaya,,22.3M,22300000,Saudi Arabia,1.7M,1700000,17.6K,17600,775,775,
215,WHBBP,White Hill Music,Music & Dance,22.2M,22200000,India,16K,16000,829,829,41,41,
216,WaveMusicBhojpuri,Wave Music Bhojpuri,Music & Dance,22.2M,22200000,India,7.7K,7700,91,91,7,7,
217,sia,Sia,Music & Dance,22.2M,22200000,United States,0,0,0,0,0,0,
218,PenIndiaPvtLimited,Pen Movies,Movies,22.1M,22100000,India,173.5K,173500,5.5K,5500,184,184,Animation
219,Brent Rivera,Brent Rivera,Video games,22.1M,22100000,United States,3.2M,3200000,194.5K,194500,7.3K,7300,Humor
220,oRugrat,FaZe Rug,Video games,22.1M,22100000,United States,2.6M,2600000,99.4K,99400,7.6K,7600,Humor
221,Paulo Londra,Paulo Londra,Music & Dance,22.1M,22100000,Argentina,1.3M,1300000,82.8K,82800,2.3K,2300,
222,starplus,StarPlus,,21.9M,21900000,India,26.1K,26100,437,437,10,10,
223,PrestonPlayz,Preston,Animation,21.9M,21900000,United States,1M,1000000,28.4K,28400,1.1K,1100,Video games
224,BabyBus - Canciones Infantiles & Videos para Niños,BabyBus - Canciones Infantiles & Videos para Niños,Movies,21.8M,21800000,,112.7K,112700,458,458,0,0,Animation
225,Juan De Dios Pantoja,Juan De Dios Pantoja,Daily vlogs,21.7M,21700000,Mexico,6.2M,6200000,355.7K,355700,5.3K,5300,
226,shfa show India,shfa show India,Daily vlogs,21.6M,21600000,,1.1M,1100000,7.4K,7400,0,0,
227,Like Nastya PRT,Like Nastya PRT,,21.6M,21600000,,413K,413000,1.9K,1900,0,0,
228,CharliesVlogs,Charlie Puth,Music & Dance,21.6M,21600000,United States,99.5K,99500,8.6K,8600,528,528,
229,SSundee,SSundee,Video games,21.5M,21500000,United States,1.3M,1300000,68.5K,68500,3.6K,3600,
230,★ Kids Roma Show,★ Kids Roma Show,Animation,21.4M,21400000,,986K,986000,3.6K,3600,0,0,Toys
231,Goldmines Cineplex,Goldmines Cineplex,,21.4M,21400000,India,6.9K,6900,58,58,3,3,
232,LankyBox,LankyBox,Video games,21.3M,21300000,United States,262.3K,262300,4.1K,4100,181,181,
233,FGTeeV,FGTeeV,Animation,21.3M,21300000,United States,608.4K,608400,8.3K,8300,1.1K,1100,Video games
234,Tasty,Tasty,Food & Drinks,21.1M,21100000,United States,60K,60000,3.4K,3400,33,33,
235,UltraMovieParlour,Ultra Movie Parlour,,20.9M,20900000,India,34.6K,34600,358,358,11,11,
236,NationalGeographic,National Geographic,,20.9M,20900000,United States,30.7K,30700,723,723,25,25,
237,5-Minute Crafts DIY,5-Minute Crafts DIY,Music & Dance,20.9M,20900000,India,11.1K,11100,240,240,7,7,Humor
238,Baim Paula,Baim Paula,Music & Dance,20.9M,20900000,Indonesia,862.5K,862500,50.7K,50700,11.5K,11500,Movies
239,Kids TV - Nursery Rhymes And Baby Songs,Kids TV - Nursery Rhymes And Baby Songs,Toys,20.9M,20900000,,23.2K,23200,64,64,0,0,
240,CanalCanalha,Canal Canalha,Sports,20.7M,20700000,Brazil,1.4M,1400000,160.3K,160300,3.9K,3900,
241,DisneyChannelLA,Disney Latinoamérica,,20.7M,20700000,,19.3K,19300,207,207,0,0,
242,BeastReacts,Beast Reacts,,20.6M,20600000,United States,8.2M,8200000,228.4K,228400,3.9K,3900,
243,Brave Wilderness,Brave Wilderness,,20.6M,20600000,United States,287.6K,287600,9.1K,9100,1K,1000,
244,RotanaAudio,Rotana,Music & Dance,20.5M,20500000,Saudi Arabia,16.8K,16800,390,390,25,25,
245,Vlad and Niki Arabic,Vlad and Niki Arabic,,20.5M,20500000,,443K,443000,1.9K,1900,0,0,
246,Zhong,Zhong,,20.5M,20500000,United States,1.4M,1400000,76.8K,76800,3.6K,3600,
247,Alan Becker,Alan Becker,Animation,20.5M,20500000,United States,808.5K,808500,80.8K,80800,2.8K,2800,Video games
248,JakePaulProductions,Jake Paul,Fitness,20.4M,20400000,United States,1.3M,1300000,50.7K,50700,1.9K,1900,
249,TheElenaYa,Diana and Roma EN,Animation,20.4M,20400000,,2.2M,2200000,5.3K,5300,0,0,Toys
250,toyorbabytv,toyorbabytv,Music & Dance,20.3M,20300000,,125.2K,125200,0,0,0,0,
251,BuzzFeedVideo,BuzzFeedVideo,Food & Drinks,20.3M,20300000,United States,26.9K,26900,537,537,23,23,
252,TelenovelaTelevisa,Tlnovelas,,20.3M,20300000,Mexico,12.1K,12100,241,241,11,11,
253,LazarBeam,LazarBeam,Animation,20.3M,20300000,United States,1.6M,1600000,98.2K,98200,6.9K,6900,Video games
254,gmapublicaffairs,GMA Public Affairs,News & Politics,20.2M,20200000,Philippines,3.7K,3700,39,39,4,4,
255,MrVivekBindra,Dr. Vivek Bindra: Motivational Speaker,Education,20.2M,20200000,India,320.8K,320800,20.1K,20100,836,836,
256,Kinder Spielzeug Kanal,Kinder Spielzeug Kanal,Animation,20.2M,20200000,,67K,67000,164,164,0,0,Toys
257,NetflixIndiaOfficial,Netflix India,,20.2M,20200000,India,57.3K,57300,1.4K,1400,89,89,
258,AuthenticGames,AuthenticGames,Movies,20.2M,20200000,Brazil,16.7K,16700,1.5K,1500,176,176,Video games
259,SlivkiChanel,SlivkiShow,Video games,20.1M,20100000,Russia,2.1M,2100000,121.5K,121500,3.5K,3500,
260,Totoy kids - Português,Totoy kids - Português,Animation,20.1M,20100000,,69.4K,69400,872,872,0,0,
261,5-Minute Crafts PLAY,5-Minute Crafts PLAY,,20.1M,20100000,India,29.9K,29900,216,216,12,12,
262,TheFineBros,REACT,Humor,20.1M,20100000,United States,94.1K,94100,4K,4000,227,227,
263,VEVO,Vevo,Music & Dance,20.1M,20100000,United States,51.9K,51900,552,552,19,19,
264,HaerteTest,HaerteTest,,20M,20000000,India,24.6K,24600,122,122,14,14,
265,pencilmation,Pencilmation,Animation,20M,20000000,United States,101.6K,101600,1.2K,1200,47,47,Humor
266,romeo,Romeo Santos,Music & Dance,19.9M,19900000,United States,69.4K,69400,6.5K,6500,325,325,
267,Mnet,Mnet K-POP,Music & Dance,19.9M,19900000,United States,45.5K,45500,2.8K,2800,177,177,Animation
268,PTXofficial,Pentatonix,Music & Dance,19.9M,19900000,United States,350.5K,350500,18.9K,18900,959,959,
269,Sun TV,Sun TV,,19.9M,19900000,India,62.5K,62500,1.4K,1400,12,12,
270,MARVEL,Marvel Entertainment,Movies,19.9M,19900000,United States,142.1K,142100,8.2K,8200,367,367,Animation
271,Eva Bravo Play,Eva Bravo Play,,19.8M,19800000,,399.8K,399800,2.3K,2300,0,0,
272,fatosdesconhecidos,Fatos Desconhecidos,Science & Technology,19.8M,19800000,Brazil,108.7K,108700,12.3K,12300,528,528,
273,corbuzier,Deddy Corbuzier,,19.7M,19700000,Indonesia,1.4M,1400000,30.6K,30600,3.4K,3400,
274,Noor Stars,Noor Stars,Movies,19.7M,19700000,Iraq,1M,1000000,90.9K,90900,5K,5000,Humor
275,gottalentglobal,Got Talent Global,,19.7M,19700000,United States,43.1K,43100,778,778,28,28,
276,Infinite,Infinite,Video games,19.7M,19700000,United States,630.7K,630700,15.4K,15400,695,695,Humor
277,Kurzgesagt,Kurzgesagt – In a Nutshell,Education,19.7M,19700000,United States,4.4M,4400000,211.8K,211800,6.3K,6300,
278,Dushyant kukreja,Dushyant kukreja,,19.6M,19600000,India,2.1M,2100000,139.7K,139700,353,353,
279,invictorgs3,invictor,Animation,19.6M,19600000,Mexico,523.7K,523700,35.9K,35900,794,794,Video games
280,gordonramsay,Gordon Ramsay,Food & Drinks,19.5M,19500000,United States,96K,96000,3.1K,3100,273,273,Health & Self Help
281,Gusttavo Lima Oficial,Gusttavo Lima Oficial,Music & Dance,19.5M,19500000,Brazil,6.5M,6500000,49.3K,49300,1.4K,1400,
282,Vania Mania Kids,Vania Mania Kids,Animation,19.5M,19500000,,787.1K,787100,2.7K,2700,0,0,Toys
283,RobinHoodGamer1,Robin Hood Gamer,Animation,19.5M,19500000,Brazil,739.9K,739900,51.3K,51300,748,748,Video games
284,NBA,NBA,Sports,19.5M,19500000,United States,39.8K,39800,1.5K,1500,59,59,
285,TroomTroom_Es,Troom Troom Es,,19.4M,19400000,Mexico,67K,67000,1K,1000,56,56,
286,AlejoIgoa,Alejo Igoa,DIY & Life Hacks,19.3M,19300000,Argentina,7.6M,7600000,131.1K,131100,17.9K,17900,
287,OfficialClashOfClans,Clash of Clans,Movies,19.3M,19300000,United States,354.6K,354600,29.7K,29700,767,767,Animation
288,The Royalty Family,The Royalty Family,Humor,19.2M,19200000,United States,3.7M,3700000,95.1K,95100,0,0,
289,Kids Channel India - Hindi Rhymes and Baby Songs,Kids Channel India - Hindi Rhymes and Baby Songs,Education,19.2M,19200000,,45.5K,45500,301,301,0,0,
290,DLSNews,DLS News,News & Politics,19.2M,19200000,India,64.1K,64100,1.8K,1800,155,155,
291,BabyBus - Cerita & Lagu Anak-anak,BabyBus - Cerita & Lagu Anak-anak,Movies,19.1M,19100000,,262.4K,262400,816,816,0,0,Humor
292,AS Gaming,AS Gaming,,19.1M,19100000,India,454.7K,454700,38.3K,38300,904,904,
293,Crafty Panda,Crafty Panda,Music & Dance,19.1M,19100000,India,50.7K,50700,278,278,8,8,
294,greengoldtv,Green Gold TV - Official Channel,,19.1M,19100000,,234.3K,234300,1.9K,1900,0,0,
295,Maya and Mary,Maya and Mary,Toys,19.1M,19100000,,10.5K,10500,0,0,0,0,Education
296,BritainsGotTalent09,Britain's Got Talent,Music & Dance,19M,19000000,United Kingdom,185K,185000,633,633,34,34,Movies
297,TRT Originals Urdu,TRT Originals Urdu,,19M,19000000,Pakistan,220.3K,220300,9.2K,9200,196,196,
298,YOLO AVENTURAS,YOLO AVENTURAS,,19M,19000000,Mexico,812.5K,812500,73K,73000,325,325,
299,JimmyKimmelLive,Jimmy Kimmel Live,Movies,18.9M,18900000,United States,207.2K,207200,3.3K,3300,300,300,
300,NichLmao,NichLmao,Daily vlogs,18.9M,18900000,United States,844.5K,844500,45.2K,45200,6.7K,6700,
301,sonotekvideo,Sonotek,Music & Dance,18.8M,18800000,India,28.7K,28700,933,933,111,111,Animation
302,Heidi & Zidane बच्चों की कहानियाँ,Heidi & Zidane बच्चों की कहानियाँ,Daily vlogs,18.7M,18700000,,24.3K,24300,137,137,0,0,
303,The ACE Family,The ACE Family,Humor,18.7M,18700000,United States,914.2K,914200,39K,39000,3.3K,3300,
304,Junya Official Channel,Junya Official Channel,,18.7M,18700000,Japan,411.6K,411600,1.7K,1700,36,36,
305,PinkPanther,Official Pink Panther,Movies,18.7M,18700000,,708.1K,708100,5.4K,5400,0,0,Animation
306,CookieSwirlC,CookieSwirlC,Video games,18.7M,18700000,United States,101.2K,101200,1.6K,1600,371,371,
307,MiawAug,MiawAug,Video games,18.7M,18700000,Indonesia,492.6K,492600,25.3K,25300,1.4K,1400,
308,Sourav Joshi Vlogs,Sourav Joshi Vlogs,Daily vlogs,18.6M,18600000,India,5.6M,5600000,469.8K,469800,10.7K,10700,
309,Emiway Bantai,Emiway Bantai,Music & Dance,18.6M,18600000,India,1.5M,1500000,174.4K,174400,18.6K,18600,
310,TheWillyrex,TheWillyrex,,18.5M,18500000,Spain,14.1K,14100,921,921,303,303,
311,ElTrollino,ElTrollino,Animation,18.5M,18500000,Mexico,680.9K,680900,28K,28000,212,212,Video games
312,Village Cooking Channel,Village Cooking Channel,,18.5M,18500000,India,3.2M,3200000,146.2K,146200,2.6K,2600,
313,TheOdd1sOut,TheOdd1sOut,Movies,18.5M,18500000,United States,908.2K,908200,71.7K,71700,1K,1000,Animation
314,HiBestMan,HiMan,Video games,18.5M,18500000,Russia,924.6K,924600,62K,62000,2.4K,2400,
315,kbsworld,KBS WORLD TV,,18.5M,18500000,Indonesia,4.6K,4600,115,115,6,6,
316,turmadamonicaTV,Turma da Mônica,,18.5M,18500000,,155.2K,155200,1K,1000,0,0,
317,Vlad and Niki IDN,Vlad and Niki IDN,Music & Dance,18.4M,18400000,,207K,207000,775,775,0,0,Movies
318,DanielSaboya,Dan-Sa / Daniel Saboya,Music & Dance,18.4M,18400000,Brazil,35K,35000,778,778,39,39,Animation
319,SCTVIndonesia,SCTV,Music & Dance,18.3M,18300000,Indonesia,14.4K,14400,272,272,23,23,Movies
320,PDKFilms,PDK Films,Movies,18.3M,18300000,United States,534.8K,534800,17.2K,17200,1.1K,1100,Animation
321,farrukotv,Farruko,Music & Dance,18.3M,18300000,United States,4.1M,4100000,86.7K,86700,3.4K,3400,
322,Rafa & Luiz,Rafa & Luiz,Video games,18.3M,18300000,Brazil,590.9K,590900,31.8K,31800,812,812,
323,Unbox Therapy,Unbox Therapy,Science & Technology,18.3M,18300000,United States,1.2M,1200000,4.5K,4500,377,377,
324,Vsauce,Vsauce,Science & Technology,18.2M,18200000,United States,2M,2000000,177.8K,177800,8.7K,8700,
325,DUDUeCAROL,DUDU e CAROL,,18.2M,18200000,Brazil,2.1M,2100000,87.9K,87900,390,390,
326,INCRÍVEL,INCRÍVEL,Animation,18.2M,18200000,,15.9K,15900,719,719,31,31,
327,GEN HALILINTAR,GEN HALILINTAR,Music & Dance,18.2M,18200000,Indonesia,241.1K,241100,8K,8000,197,197,Humor
328,etvteluguindia,etvteluguindia,,18.1M,18100000,India,19.5K,19500,216,216,4,4,
329,Like Nastya Vlog,Like Nastya Vlog,Daily vlogs,18.1M,18100000,,491.4K,491400,1.3K,1300,0,0,
330,Naisa Alifia Yuriza (N.A.Y),Naisa Alifia Yuriza (N.A.Y),Music & Dance,18M,18000000,Indonesia,169K,169000,9.2K,9200,140,140,Movies
331,STARVIJAY,Vijay Television,,18M,18000000,India,14.3K,14300,244,244,8,8,
332,dj47maryn,Marmok,Animation,18M,18000000,Russia,3.9M,3900000,310.9K,310900,8.2K,8200,Video games
333,rsiammusic,RsiamMusic : อาร์สยาม,Music & Dance,18M,18000000,Thailand,7.7K,7700,145,145,10,10,
334,Kiddiestv Hindi - Nursery Rhymes & Kids Songs,Kiddiestv Hindi - Nursery Rhymes & Kids Songs,Education,17.9M,17900000,,12.4K,12400,65,65,0,0,
335,ThePoznavatel,Познаватель,Toys,17.9M,17900000,Russia,1.1M,1100000,41.9K,41900,1.8K,1800,DIY & Life Hacks
336,rhettandlink2,Good Mythical Morning,Food & Drinks,17.9M,17900000,United States,959.7K,959700,34K,34000,1.4K,1400,
337,Little Angel Español - Canciones Infantiles,Little Angel Español - Canciones Infantiles,Animation,17.9M,17900000,,413.5K,413500,2.4K,2400,0,0,
338,Matroix,Ali-A,Video games,17.9M,17900000,United States,511.2K,511200,19.3K,19300,3K,3000,
339,TEDEducation,TED-Ed,Science & Technology,17.9M,17900000,United States,344.7K,344700,14.8K,14800,642,642,
340,7clouds,7clouds,Music & Dance,17.8M,17800000,United States,156K,156000,2.2K,2200,111,111,
341,TheGrefg,TheGrefg,Animation,17.7M,17700000,Spain,1.1M,1100000,80.4K,80400,1.4K,1400,Video games
342,SockeyeMedia,Mother Goose Club Playhouse,Music & Dance,17.7M,17700000,,8.5K,8500,52,52,0,0,
343,SebastianYatra,Sebastián Yatra,Music & Dance,17.7M,17700000,Colombia,14.3K,14300,1.4K,1400,112,112,
344,JFlaMusic,JFlaMusic,Music & Dance,17.7M,17700000,United States,76.9K,76900,5.6K,5600,181,181,
345,Masha e o Urso,Masha e o Urso,,17.7M,17700000,,321K,321000,2.1K,2100,0,0,
346,aMOODIEsqueezie,SQUEEZIE,,17.6M,17600000,France,6.1M,6100000,398.7K,398700,6.5K,6500,
347,FactTechz,FactTechz,Education,17.6M,17600000,India,615.1K,615100,38.1K,38100,1.4K,1400,
348,SOMOY TV,SOMOY TV,Daily vlogs,17.6M,17600000,Bangladesh,7.5K,7500,145,145,15,15,
349,SUPER SLICK SLIME SAM,SUPER SLICK SLIME SAM,,17.6M,17600000,Mexico,191.2K,191200,6.4K,6400,116,116,
350,RobleisIUTU,RobleisIUTU,Movies,17.6M,17600000,Argentina,733.6K,733600,53.9K,53900,1.3K,1300,Animation
351,grammygoldofficia,Grammy Gold Official,Music & Dance,17.6M,17600000,Thailand,10.1K,10100,396,396,10,10,
352,portadosfundos,Porta dos Fundos,Movies,17.5M,17500000,Brazil,799.2K,799200,70.5K,70500,1K,1000,Animation
353,rkddigital,RKD Studios,,17.5M,17500000,India,563.9K,563900,13K,13000,173,173,
354,Sony AATH,Sony AATH,,17.5M,17500000,Bangladesh,172.1K,172100,1.7K,1700,38,38,
355,Stubborn Facts,Stubborn Facts,News & Politics,17.5M,17500000,India,458.8K,458800,6.1K,6100,151,151,
356,alanalan9635,Stokes Twins,Video games,17.4M,17400000,United States,11.9M,11900000,312.4K,312400,26.5K,26500,Humor
357,ArabGamesNetwork,شبكة العاب العرب | Arab Games Network,,17.4M,17400000,Algeria,178K,178000,18.8K,18800,806,806,
358,iberethenorio,Manual do Mundo,Science & Technology,17.3M,17300000,Brazil,343.3K,343300,39K,39000,773,773,
359,Dhar Mann,Dhar Mann,Health & Self Help,17.3M,17300000,United States,5M,5000000,82K,82000,4.9K,4900,
360,triggeredinsaan,Triggered Insaan,Humor,17.3M,17300000,India,7.8M,7800000,665.8K,665800,13.8K,13800,
361,indiancomedy,Shemaroo Comedy,,17.3M,17300000,India,62.9K,62900,596,596,12,12,
362,Willyrex,Willyrex,Video games,17.2M,17200000,Mexico,76.2K,76200,6.4K,6400,101,101,
363,Sidemen,Sidemen,Video games,17.2M,17200000,United Kingdom,9.7M,9700000,583.7K,583700,17.5K,17500,Humor
364,Goldmines Great Indian Comedy,Goldmines Great Indian Comedy,,17.2M,17200000,India,8.2K,8200,102,102,4,4,
365,fedevigevani,Fede Vigevani,,17.2M,17200000,Mexico,3M,3000000,170.7K,170700,6.7K,6700,
366,EeOneGuy,EeOneGuy,Music & Dance,17.1M,17100000,Russia,269.2K,269200,9.1K,9100,6.5K,6500,
367,Jane ASMR 제인,Jane ASMR 제인,Daily vlogs,17.1M,17100000,Indonesia,300.4K,300400,4.7K,4700,265,265,
368,musicalrmastv,الـريماس - Al-Remas,Music & Dance,17M,17000000,Iraq,80.4K,80400,2.5K,2500,235,235,
369,IGNentertainment,IGN,,17M,17000000,United States,49K,49000,1.2K,1200,150,150,
370,JasonDerulo,Jason Derulo,Music & Dance,17M,17000000,United States,54.5K,54500,2.9K,2900,44,44,
371,SonyMusicSouthVEVO,SonyMusicSouthVEVO,Music & Dance,17M,17000000,,9.5K,9500,147,147,5,5,
372,aynakoitsroi,Guava Juice,,17M,17000000,United States,94.8K,94800,2K,2000,305,305,
373,AnittaOficial,Anitta,Music & Dance,16.9M,16900000,Brazil,616.5K,616500,44.3K,44300,2.5K,2500,
374,tanboykun,tanboy kun,Music & Dance,16.9M,16900000,Indonesia,1.8M,1800000,38.9K,38900,1.8K,1800,
375,Zuni and Family,Zuni and Family,Daily vlogs,16.9M,16900000,,79.9K,79900,433,433,0,0,
376,zbingzbing,zbing z.,Animation,16.9M,16900000,Thailand,325.6K,325600,10.8K,10800,439,439,Video games
377,Smile Family Spanish,Smile Family Spanish,,16.8M,16800000,,381.4K,381400,1.4K,1400,0,0,
378,Apple,Apple,Music & Dance,16.8M,16800000,,702.6K,702600,20K,20000,0,0,Animation
379,TheBrianMaps,TheBrianMaps,Video games,16.8M,16800000,Russia,1.3M,1300000,195.1K,195100,11.8K,11800,Humor
380,Tu COSMOPOLIS,Tu COSMOPOLIS,News & Politics,16.8M,16800000,Mexico,75.5K,75500,5.9K,5900,481,481,
381,Dangal TV Channel,Dangal TV Channel,,16.8M,16800000,India,89.4K,89400,792,792,5,5,
382,Katie Angel,Katie Angel,,16.7M,16700000,Mexico,191.8K,191800,11.4K,11400,1.4K,1400,
383,LIV Crime,LIV Crime,Daily vlogs,16.7M,16700000,India,93.6K,93600,1.1K,1100,29,29,
384,Prajapati News,Prajapati News,,16.7M,16700000,India,17.8K,17800,1.1K,1100,55,55,
385,Blippi - Educational Videos for Kids,Blippi - Educational Videos for Kids,Education,16.6M,16600000,,869.5K,869500,3K,3000,0,0,Toys
386,jquintanac5,DeToxoMoroxo,Movies,16.6M,16600000,Mexico,194.3K,194300,14.8K,14800,3.6K,3600,Animation
387,Bizarrap,Bizarrap,Music & Dance,16.6M,16600000,Argentina,43.4M,43400000,2.6M,2600000,134.9K,134900,Movies
388,queenofficial,Queen Official,Music & Dance,16.6M,16600000,United States,162.8K,162800,16.5K,16500,1.1K,1100,Movies
389,IDEAS EN 5 MINUTOS,IDEAS EN 5 MINUTOS,,16.6M,16600000,Mexico,40.1K,40100,270,270,7,7,
390,News24page,News24,News & Politics,16.5M,16500000,India,2.1K,2100,36,36,6,6,
391,GameTheory,The Game Theorists,Science & Technology,16.4M,16400000,United States,1.9M,1900000,98.8K,98800,5.3K,5300,
392,VICE,VICE,News & Politics,16.4M,16400000,United States,337K,337000,8K,8000,1.3K,1300,
393,TRANSTVofficial,TRANS TV Official,Music & Dance,16.4M,16400000,Indonesia,1.1K,1100,15,15,2,2,
394,lescopaque,Les' Copaque Production,,16.4M,16400000,Indonesia,1.2M,1200000,13.9K,13900,241,241,
395,Sandra Cires Art,Sandra Cires Art,,16.4M,16400000,Colombia,484.5K,484500,30.7K,30700,1.6K,1600,
396,ppextras,ExtraPolinesios,Daily vlogs,16.4M,16400000,Mexico,51.9K,51900,3.4K,3400,679,679,
397,marquesbrownlee,Marques Brownlee,Science & Technology,16.4M,16400000,United States,2.6M,2600000,100K,100000,5.3K,5300,
398,El Reino a Jugar,El Reino a Jugar,Education,16.4M,16400000,,73.6K,73600,316,316,0,0,Toys
399,AMARINTV : อมรินทร์ทีวี,AMARINTV : อมรินทร์ทีวี,News & Politics,16.3M,16300000,Thailand,10.3K,10300,124,124,17,17,
400,Jason Vlogs,Jason Vlogs,Animation,16.3M,16300000,,785.7K,785700,3K,3000,0,0,Toys
401,Kaykai Salaider,Kaykai Salaider,Movies,16.3M,16300000,Thailand,358.9K,358900,26.8K,26800,1.1K,1100,Humor
402,And TV,And TV,,16.2M,16200000,India,2K,2000,15,15,1,1,
403,failarmy,FailArmy,Animation,16.2M,16200000,United States,1.5M,1500000,19.8K,19800,1K,1000,Humor
404,Aayu and Pihu Show,Aayu and Pihu Show,Movies,16.2M,16200000,India,2.9M,2900000,70.9K,70900,5.9K,5900,Humor
405,KSIOlajidebtHD,JJ Olatunji,,16.2M,16200000,United States,2.3M,2300000,164.8K,164800,4.8K,4800,
406,Zappy Toons - Hindi Nursery Rhymes and Stories,Zappy Toons - Hindi Nursery Rhymes and Stories,Education,16.2M,16200000,,51.8K,51800,258,258,0,0,
407,IvanaAlawi,Ivana Alawi,Daily vlogs,16.2M,16200000,Philippines,2.4M,2400000,96.2K,96200,5.7K,5700,
408,boyceavenue,Boyce Avenue,Music & Dance,16.1M,16100000,Brazil,410.6K,410600,10.5K,10500,266,266,
409,AlanChikinChow,Alan Chikin Chow,,16.1M,16100000,India,129.1K,129100,1.2K,1200,81,81,
410,Like Nastya VNM,Like Nastya VNM,,16M,16000000,,310.9K,310900,0,0,0,0,
411,popchartbusters,Pop Chartbusters,Music & Dance,16M,16000000,India,6.8K,6800,114,114,10,10,
412,MegatoadStonie,Matt Stonie,Food & Drinks,16M,16000000,United States,2.4M,2400000,125.9K,125900,1.8K,1800,
413,PitbullMusic,Pitbull,Music & Dance,16M,16000000,United States,15K,15000,817,817,22,22,
414,DopeLyrics,DopeLyrics,Music & Dance,16M,16000000,United States,10.6K,10600,256,256,34,34,
415,JenniferLopez,Jennifer Lopez,Music & Dance,16M,16000000,,0,0,0,0,0,0,Movies
416,Kids Play,Kids Play,,16M,16000000,,136.9K,136900,611,611,0,0,
417,FunFunMiniWorld,FunFun Toy Doll TV,,16M,16000000,United States,35.7K,35700,508,508,0,0,
418,Wow Kidz Action,Wow Kidz Action,,15.9M,15900000,,41.5K,41500,407,407,0,0,
419,Enes Batur,Enes Batur,Video games,15.9M,15900000,Turkey,2.2M,2200000,166.9K,166900,8.3K,8300,Humor
420,AdMe,AdMe,Animation,15.8M,15800000,Russia,39.3K,39300,1.1K,1100,57,57,
421,OGatoGalactico,Gato Galactico | GALÁXIA,Animation,15.8M,15800000,Brazil,171.8K,171800,8.2K,8200,123,123,
422,Busy Fun Ltd,Busy Fun Ltd,,15.8M,15800000,India,1.8M,1800000,10K,10000,327,327,
423,movieclipsTRAILERS,Rotten Tomatoes Trailers,Movies,15.8M,15800000,United States,40.9K,40900,760,760,86,86,Animation
424,RCTI - LAYAR DRAMA INDONESIA,RCTI - LAYAR DRAMA INDONESIA,Music & Dance,15.8M,15800000,Indonesia,16K,16000,260,260,14,14,Movies
425,FitDanceTV,FitDance,Music & Dance,15.8M,15800000,,32.4K,32400,715,715,17,17,
426,Like Nastya IDN,Like Nastya IDN,Music & Dance,15.8M,15800000,,280.2K,280200,0,0,0,0,Movies
427,Dyland PROS,Dyland PROS,Movies,15.7M,15700000,Indonesia,31.2K,31200,1.7K,1700,111,111,Animation
428,wifistudy,wifistudy,Education,15.7M,15700000,India,8.9K,8900,741,741,26,26,
429,With Kids[위드키즈],With Kids[위드키즈],,15.7M,15700000,United States,145.5K,145500,0,0,0,0,
430,laharimusic,Lahari Music | T-Series,Music & Dance,15.7M,15700000,India,7.3K,7300,147,147,7,7,
431,SriBalajiMovies,SriBalajiMovies,,15.6M,15600000,India,17.3K,17300,123,123,2,2,
432,Zach Choi ASMR,Zach Choi ASMR,Daily vlogs,15.6M,15600000,United States,2.1M,2100000,207K,207000,830,830,
433,SAM SMITH,SAM SMITH,,15.6M,15600000,United States,108.3K,108300,6.9K,6900,252,252,
434,RomanAtwoodVlogs,Roman Atwood Vlogs,Movies,15.6M,15600000,United States,619.3K,619300,27.6K,27600,1.3K,1300,Humor
435,T3DDYgames,T3ddy,Daily vlogs,15.6M,15600000,Brazil,504.5K,504500,53.5K,53500,1.6K,1600,
436,Vlad and Niki ESP,Vlad and Niki ESP,,15.5M,15500000,,1.1M,1100000,6.2K,6200,0,0,
437,Fun For Kids TV - Hindi Rhymes,Fun For Kids TV - Hindi Rhymes,,15.5M,15500000,,0,0,0,0,0,0,
438,gmmtv,GMMTV OFFICIAL​​,Music & Dance,15.5M,15500000,Thailand,42.4K,42400,801,801,17,17,Movies
439,news18India,News18 India,News & Politics,15.4M,15400000,India,1.2K,1200,15,15,1,1,
440,bbtvch7,Ch7HD,,15.4M,15400000,Thailand,7.7K,7700,202,202,3,3,
441,elcanaldePlimPlim,Plim Plim - Kids Songs & Episodes - Spanish,Music & Dance,15.4M,15400000,,461.2K,461200,2.1K,2100,0,0,
442,popskids,POPS Kids,Animation,15.4M,15400000,Indonesia,2.8K,2800,20,20,0,0,
443,LOKESH GAMER,LOKESH GAMER,,15.4M,15400000,India,208K,208000,23.9K,23900,864,864,
444,Kerajinan 5-Menit,Kerajinan 5-Menit,Music & Dance,15.4M,15400000,Indonesia,15.1K,15100,121,121,5,5,
445,LEGO,LEGO,Animation,15.3M,15300000,United States,23.7K,23700,444,444,0,0,
446,SelenaGomezVEVO,SelenaGomezVEVO,Music & Dance,15.3M,15300000,United States,1.9M,1900000,149.4K,149400,6.1K,6100,
447,bbchindi,BBC News Hindi,News & Politics,15.3M,15300000,India,133.4K,133400,0,0,258,258,
448,ndtvindia,NDTV India,News & Politics,15.3M,15300000,India,7.4K,7400,164,164,24,24,
449,La Rosa de Guadalupe,La Rosa de Guadalupe,,15.3M,15300000,Mexico,208.8K,208800,1.6K,1600,42,42,
450,narendramodionline,NMF News,News & Politics,15.3M,15300000,India,9.3K,9300,190,190,19,19,
451,hejproducao,Henrique e Juliano,Music & Dance,15.2M,15200000,Brazil,41.9K,41900,2.6K,2600,34,34,
452,5-Minute Crafts FAMILY,5-Minute Crafts FAMILY,,15.2M,15200000,India,13K,13000,128,128,5,5,
453,Oyuncak Avı,Oyuncak Avı,,15.2M,15200000,,39.1K,39100,0,0,2,2,
454,sagawa,Sagawa /さがわ,,15.2M,15200000,United States,200.8K,200800,1.3K,1300,36,36,
455,newvolgavideo,Volga Video,,15.2M,15200000,India,3.2K,3200,27,27,1,1,
456,mkmusicnews,MK MUSIC,Music & Dance,15.2M,15200000,Brazil,19.8K,19800,1.8K,1800,35,35,
457,TheRichest,TheRichest,News & Politics,15.2M,15200000,United States,11.4K,11400,419,419,55,55,
458,Super Senya,Super Senya,Animation,15.2M,15200000,,65K,65000,374,374,0,0,Toys
459,TalkingFriends,Talking Tom & Friends,Animation,15.2M,15200000,United States,191.1K,191100,1.7K,1700,0,0,Humor
460,حِرف إبداعية في 5 دقائق,حِرف إبداعية في 5 دقائق,,15.2M,15200000,Egypt,31.5K,31500,244,244,9,9,
461,thairathonline,Thairath Online,News & Politics,15.1M,15100000,Thailand,10.6K,10600,139,139,20,20,
462,Makiman131,Makiman131,Movies,15.1M,15100000,Spain,409K,409000,35.7K,35700,744,744,Animation
463,LinusTechTips,Linus Tech Tips,Science & Technology,15.1M,15100000,United States,1.5M,1500000,60.2K,60200,3.3K,3300,
464,nianaguerrero,Niana Guerrero,Music & Dance,15M,15000000,Philippines,473.8K,473800,19K,19000,779,779,Humor
465,mariale,Mariale,,15M,15000000,Mexico,155.7K,155700,3.8K,3800,183,183,
466,ranziscool,Ranz Kyle,Humor,15M,15000000,Philippines,520.8K,520800,14.9K,14900,311,311,
467,pognalishow,Дима Масленников,Video games,15M,15000000,Russia,4.8M,4800000,408.6K,408600,18.5K,18500,
468,TWICE,TWICE,Music & Dance,15M,15000000,Philippines,545.5K,545500,64.9K,64900,843,843,Movies
469,RiotGamesInc,League of Legends,Movies,15M,15000000,United States,1.4M,1400000,48.2K,48200,3.4K,3400,Animation
470,TeamFilmsBhojpuri,Team Films Bhojpuri,Music & Dance,15M,15000000,India,12.9K,12900,300,300,50,50,Movies
471,BollywoodClassics,Bollywood Classics,Music & Dance,15M,15000000,India,22.4K,22400,165,165,7,7,
472,ChallengeAcceptedInc,Aphmau,Animation,14.9M,14900000,United States,2.1M,2100000,50.4K,50400,3.6K,3600,Video games
473,Zach King,Zach King,Movies,14.9M,14900000,United States,2.6M,2600000,20.6K,20600,951,951,Humor
474,Dave and Ava - Nursery Rhymes and Baby Songs,Dave and Ava - Nursery Rhymes and Baby Songs,Education,14.9M,14900000,,169.1K,169100,523,523,0,0,
475,PragatiVermaaShorts,Pragati Verma Shorts,,14.9M,14900000,India,2.6M,2600000,213.9K,213900,670,670,
476,Daftar Populer,Daftar Populer,News & Politics,14.9M,14900000,Indonesia,51K,51000,1.2K,1200,113,113,
477,CraftBattleDuty,Lachlan,Video games,14.9M,14900000,United States,535.3K,535300,18.7K,18700,749,749,
478,Unspeakable,Unspeakable,Video games,14.9M,14900000,United States,2.8M,2800000,41.1K,41100,3.8K,3800,Humor
479,zncoficial,Zé Neto e Cristiano,,14.8M,14800000,Brazil,18.9K,18900,1.6K,1600,21,21,
480,ERB,ERB,Music & Dance,14.8M,14800000,United States,2.4M,2400000,167.2K,167200,20.9K,20900,Animation
481,kwebbelkop,Kwebbelkop,Animation,14.8M,14800000,United States,68.3K,68300,1.6K,1600,188,188,Video games
482,MobileLegends5v5MOBA,Mobile Legends: Bang Bang Official,Movies,14.8M,14800000,Indonesia,269.9K,269900,4K,4000,369,369,Animation
483,Arif muhammad,Arif muhammad,Music & Dance,14.8M,14800000,Indonesia,2.6M,2600000,53.7K,53700,1.6K,1600,Movies
484,Johny FamilyShow,Johny FamilyShow,Music & Dance,14.8M,14800000,,50K,50000,128,128,0,0,Toys
485,Totoy kids - Español,Totoy kids - Español,Toys,14.8M,14800000,,50.4K,50400,1.3K,1300,0,0,
486,jemproducoes,Jorge & Mateus Oficial,Music & Dance,14.8M,14800000,Brazil,16.6K,16600,921,921,34,34,
487,iTownGamePlay,iTownGamePlay *Terror&Diversión*,News & Politics,14.8M,14800000,Mexico,65.8K,65800,4.4K,4400,178,178,
488,It's Mamix,It's Mamix,DIY & Life Hacks,14.8M,14800000,Russia,3.9M,3900000,230.1K,230100,8.6K,8600,
489,majorlazer,Major Lazer Official,Music & Dance,14.8M,14800000,United States,13.3K,13300,574,574,13,13,Movies
490,Planeta das Gêmeas,Planeta das Gêmeas,Toys,14.7M,14700000,,281.4K,281400,11.8K,11800,30,30,
491,MSA previously My Story Animated,MSA previously My Story Animated,Animation,14.7M,14700000,United States,6.4M,6400000,164.1K,164100,5K,5000,Humor
492,BlippiEspanol,Blippi Español,Toys,14.7M,14700000,,368.6K,368600,1K,1000,0,0,Education
493,LEGENDA FUNK,LEGENDA FUNK,Music & Dance,14.7M,14700000,Brazil,7.7K,7700,273,273,7,7,Animation
494,XpressTV,XpressTV,Science & Technology,14.7M,14700000,Mexico,1.2M,1200000,35.8K,35800,405,405,
495,حقائق وأسرار,حقائق وأسرار,,14.7M,14700000,Egypt,32.8K,32800,1.1K,1100,69,69,
496,IDEIAS INCRÍVEIS,IDEIAS INCRÍVEIS,,14.6M,14600000,Brazil,11.5K,11500,182,182,5,5,
497,FueledByRamen,Fueled By Ramen,,14.6M,14600000,United States,82.4K,82400,1.8K,1800,119,119,
498,Taarak Mehta Ka Ooltah Chashmah,Taarak Mehta Ka Ooltah Chashmah,,14.6M,14600000,India,161.8K,161800,2.9K,2900,48,48,
499,MattyBRaps,MattyBRaps,Music & Dance,14.6M,14600000,United States,27.5K,27500,735,735,0,0,Movies
500,collegehumor,CollegeHumor,Movies,14.6M,14600000,United States,251.1K,251100,17.2K,17200,600,600,Humor
501,IISuperwomanII,Lilly Singh,Animation,14.6M,14600000,United States,43K,43000,2.4K,2400,71,71,Humor
502,zeefilmimusic,Zee Music Classic,,14.6M,14600000,India,3.5K,3500,55,55,2,2,
503,PlayStation,PlayStation,,14.6M,14600000,United States,33.3K,33300,1.2K,1200,112,112,
504,CNN,CNN,Music & Dance,14.6M,14600000,United States,259.5K,259500,3.6K,3600,1.8K,1800,Animation
505,UFC,UFC - Ultimate Fighting Championship,Sports,14.6M,14600000,United States,63.2K,63200,1.4K,1400,239,239,
506,Genierock,Genierock,Music & Dance,14.6M,14600000,Thailand,327.6K,327600,8.3K,8300,315,315,
507,Canal Nostalgia,Canal Nostalgia,Science & Technology,14.6M,14600000,,44.9K,44900,6.1K,6100,155,155,
508,Drawblogs,Drawblogs,Movies,14.5M,14500000,Mexico,15K,15000,793,793,59,59,Animation
509,TheABSCBNNews,ABS-CBN News,News & Politics,14.5M,14500000,Philippines,2.7K,2700,24,24,4,4,
510,Ajay Sharma,Ajay Sharma,,14.5M,14500000,India,409.8K,409800,30.7K,30700,56,56,
511,Gyan Gamingㅤ,Gyan Gamingㅤ,,14.5M,14500000,India,103.3K,103300,11.1K,11100,424,424,
512,Daily Dose Of Internet,Daily Dose Of Internet,Animals & Pets,14.5M,14500000,United States,4.4M,4400000,222.9K,222900,6.5K,6500,
513,انصالة فاميلي I أنس و أصالة,انصالة فاميلي I أنس و أصالة,,14.4M,14400000,Egypt,2.2M,2200000,135.4K,135400,3.5K,3500,
514,Boram Tube ToysReview [보람튜브 토이리뷰],Boram Tube ToysReview [보람튜브 토이리뷰],Daily vlogs,14.4M,14400000,,43.9K,43900,228,228,0,0,
515,Super Polina,Super Polina,,14.4M,14400000,Russia,3.7K,3700,28,28,0,0,
516,chadwildclay,Chad Wild Clay,Movies,14.4M,14400000,United States,1.1M,1100000,24.8K,24800,4.4K,4400,Humor
517,MartinGarrix,Martin Garrix,Music & Dance,14.4M,14400000,United States,35.2K,35200,3.3K,3300,73,73,
518,MY FAMILY,MY FAMILY,,14.4M,14400000,India,615.8K,615800,3.5K,3500,74,74,
519,Kuplinov ► Play,Kuplinov ► Play,Video games,14.4M,14400000,Russia,1.9M,1900000,118.9K,118900,2.6K,2600,
520,O Canal do Joãozinho - Little Angel Português,O Canal do Joãozinho - Little Angel Português,Animation,14.4M,14400000,,514.7K,514700,2.9K,2900,0,0,
521,CH8vdo,ช่อง8 : Thai Ch8,,14.4M,14400000,Thailand,974.5,974.5,9,9,0,0,
522,A2 Motivation by Arvind Arora,A2 Motivation by Arvind Arora,,14.4M,14400000,India,54.6K,54600,8K,8000,106,106,
523,EdisonPts,EdisonPts,Video games,14.3M,14300000,Russia,2M,2000000,126.9K,126900,5.3K,5300,
524,Hongyu ASMR 홍유,Hongyu ASMR 홍유,ASMR,14.3M,14300000,United States,700.7K,700700,10.4K,10400,283,283,
525,TroomTroomRu,Трум Трум,Humor,14.2M,14200000,,179.8K,179800,2K,2000,178,178,Toys
526,fcbarcelona,FC Barcelona,Sports,14.2M,14200000,United States,103.3K,103300,7.7K,7700,243,243,
527,inventonahoratv,Invento na Hora,Animation,14.2M,14200000,Brazil,827.2K,827200,111.5K,111500,1.7K,1700,Humor
528,DM - Desi Melodies,DM - Desi Melodies,Music & Dance,14.2M,14200000,India,54.2K,54200,2.3K,2300,108,108,
529,camilaloures,Camila Loures,Movies,14.2M,14200000,Brazil,186.4K,186400,17K,17000,297,297,Humor
530,Vlad and Niki ARA,Vlad and Niki ARA,,14.2M,14200000,,82.2K,82200,858,858,0,0,
531,SrtaLynaV,Lyna,Movies,14.2M,14200000,Mexico,401K,401000,17.7K,17700,1.1K,1100,Animation
532,crashcourse,CrashCourse,Science & Technology,14.2M,14200000,United States,40.8K,40800,2.4K,2400,165,165,
533,OfficialTrapCity,Trap City,Music & Dance,14.2M,14200000,United States,22.6K,22600,1.2K,1200,46,46,
534,MazhavilManorama,Mazhavil Manorama,,14.2M,14200000,India,26.2K,26200,299,299,8,8,
535,MasterskayaNastroeny,Мастерская Настроения,Movies,14.2M,14200000,Russia,294K,294000,6.5K,6500,143,143,Video games
536,Doc Tops,Doc Tops,Animation,14.2M,14200000,Mexico,403K,403000,22.9K,22900,448,448,
537,whoisjimmy,How Ridiculous,Video games,14.2M,14200000,United States,359.1K,359100,13.8K,13800,89,89,
538,#Refugio Mental,#Refugio Mental,Movies,14.2M,14200000,Argentina,226.6K,226600,3.6K,3600,51,51,
539,5-Minute Crafts Recycle,5-Minute Crafts Recycle,,14.1M,14100000,India,36K,36000,225,225,7,7,
540,MNCTVOfficial,MNCTV OFFICIAL,Music & Dance,14.1M,14100000,Indonesia,2.3K,2300,46,46,3,3,
541,Dear Sir,Dear Sir,Education,14.1M,14100000,India,116.6K,116600,8.4K,8400,722,722,
542,mispastelitosyoutub,Mis Pastelitos,Food & Drinks,14.1M,14100000,Mexico,331.3K,331300,14.4K,14400,920,920,
543,Auron,Auron,Video games,14M,14000000,Mexico,1.4M,1400000,86.2K,86200,1.4K,1400,
544,bomberball,Bie The Ska,,14M,14000000,Thailand,310.7K,310700,11K,11000,468,468,
545,AM3NlC,AM3NlC,Food & Drinks,14M,14000000,Brazil,228.3K,228300,26.6K,26600,354,354,
546,F2Freestylers,F2Freestylers - Ultimate Soccer Skills Channel,Sports,14M,14000000,United Kingdom,408.5K,408500,17.5K,17500,381,381,
547,NikkieTutorials,NikkieTutorials,Design/art,14M,14000000,United States,353.8K,353800,20.5K,20500,491,491,Beauty
548,RosannaPansino,Rosanna Pansino,DIY & Life Hacks,14M,14000000,United States,81.6K,81600,5.7K,5700,67,67,
549,Aadishakti Films,Aadishakti Films,Music & Dance,14M,14000000,,16.3K,16300,565,565,82,82,
550,dangmattsmith,DangMattSmith,Animation,14M,14000000,,186.5K,186500,6.8K,6800,771,771,Humor
551,gmmchannel,GMM25Thailand,,13.9M,13900000,Thailand,1.3K,1300,17,17,1,1,
552,ABCNews,ABC News,News & Politics,13.9M,13900000,United States,9.2K,9200,84,84,87,87,
553,Zig & Sharko,Zig & Sharko,,13.9M,13900000,,248.6K,248600,1.5K,1500,0,0,
554,The MriDul,The MriDul,,13.9M,13900000,India,8.5M,8500000,275.3K,275300,13.8K,13800,
555,Yoeslan,Yoeslan,,13.9M,13900000,India,662.4K,662400,12.9K,12900,37,37,
556,SRKASSAMESE,SRK MUSIC,Music & Dance,13.9M,13900000,India,120.4K,120400,4.4K,4400,140,140,
557,GLENTYOUTUBE,ГЛЕНТ,Video games,13.9M,13900000,Russia,1.9M,1900000,144.3K,144300,5.3K,5300,
558,vetealaversha,Darkar Company Studios,Animation,13.9M,13900000,Mexico,86.5K,86500,7.2K,7200,223,223,Video games
559,NOBRU,NOBRU,Video games,13.8M,13800000,Brazil,101.8K,101800,9.8K,9800,373,373,Toys
560,katakit_baby,Katakit Baby TV,Music & Dance,13.8M,13800000,Saudi Arabia,110.4K,110400,1.1K,1100,0,0,
561,TazerCraft,TazerCraft,Movies,13.8M,13800000,Brazil,211.1K,211100,15.9K,15900,859,859,Animation
562,MAIKI021,MAIKI021,Movies,13.8M,13800000,Brazil,17.8K,17800,2.4K,2400,70,70,Animation
563,telemundotv,Telemundo,,13.8M,13800000,Argentina,7.7K,7700,346,346,13,13,
564,Like Nastya Stories,Like Nastya Stories,,13.8M,13800000,,131.3K,131300,698,698,0,0,
565,Wish 107.5,Wish 107.5,Music & Dance,13.7M,13700000,Philippines,66K,66000,1.7K,1700,223,223,
566,ZEE5,ZEE5,,13.7M,13700000,India,344,344,2,2,0,0,
567,Bispo Bruno Leonardo,Bispo Bruno Leonardo,Music & Dance,13.7M,13700000,Brazil,707.2K,707200,232K,232000,184.8K,184800,
568,WWWengie,Wengie,DIY & Life Hacks,13.7M,13700000,United States,0,0,0,0,0,0,
569,Coke Studio,Coke Studio,Music & Dance,13.7M,13700000,Pakistan,44.7K,44700,1.3K,1300,74,74,Movies
570,hamaarbhojpuri,T-Series Hamaar Bhojpuri,Music & Dance,13.7M,13700000,India,11.8K,11800,311,311,33,33,
571,bandagarotasafada,Wesley Safadão,Music & Dance,13.7M,13700000,Brazil,949.5K,949500,13K,13000,270,270,
572,boplayhard,PlayHard,,13.7M,13700000,Brazil,90.2K,90200,7.7K,7700,78,78,
573,KompasTVNews,KOMPASTV,News & Politics,13.6M,13600000,Indonesia,4.5K,4500,44,44,13,13,
574,Infobells Bangla,Infobells Bangla,Education,13.6M,13600000,,42.3K,42300,162,162,0,0,
575,Narins Beauty,Narins Beauty,,13.6M,13600000,Iraq,1.9M,1900000,132K,132000,10.3K,10300,
576,TV Ana Emilia,TV Ana Emilia,,13.6M,13600000,Mexico,187.2K,187200,9.1K,9100,337,337,
577,jordanmatter,Jordan Matter,Music & Dance,13.6M,13600000,United States,4.9M,4900000,80.8K,80800,7.8K,7800,Humor
578,OReinho,O Reino Infantil,Music & Dance,13.6M,13600000,,30.1K,30100,239,239,0,0,
579,FAPtivi,FAPTV,Animation,13.6M,13600000,United States,2.4M,2400000,41.8K,41800,719,719,Humor
580,PrestonPlayz,PrestonPlayz,Animation,13.6M,13600000,United States,1.7M,1700000,41.9K,41900,1.7K,1700,Video games
581,lindseystomp,Lindsey Stirling,Music & Dance,13.5M,13500000,United States,373.6K,373600,21.5K,21500,1.1K,1100,Movies
582,The World Adventures हिन्दी,The World Adventures हिन्दी,Daily vlogs,13.5M,13500000,,9.5K,9500,628,628,28,28,
583,123 GO! Spanish,123 GO! Spanish,Animation,13.5M,13500000,Mexico,212.9K,212900,1.9K,1900,55,55,
584,bbcnews,BBC News,News & Politics,13.5M,13500000,United States,120.2K,120200,1.7K,1700,891,891,
585,disneyjunior,Disney Junior,Music & Dance,13.5M,13500000,,78.2K,78200,238,238,0,0,
586,Online Job,Online Job,,13.5M,13500000,India,5.1K,5100,154,154,30,30,
587,ETV Jabardasth,ETV Jabardasth,,13.5M,13500000,India,86.2K,86200,1.3K,1300,21,21,
588,MyMissAnand,MyMissAnand,Movies,13.4M,13400000,India,1.2M,1200000,25.8K,25800,0,0,Humor
589,AzzyLand,AzzyLand,Animation,13.4M,13400000,United States,58.3K,58300,4K,4000,654,654,
590,Ben Azelart,Ben Azelart,Video games,13.4M,13400000,United States,4.7M,4700000,118.2K,118200,8.4K,8400,Humor
591,Sony Music South,Sony Music South,Movies,13.4M,13400000,India,17.8K,17800,395,395,20,20,Animation
592,PowerfulJRE,PowerfulJRE,Daily vlogs,13.4M,13400000,United States,1.2M,1200000,22K,22000,4.8K,4800,
593,iloveindianmakeup,Anaysa,Movies,13.3M,13300000,India,935.2K,935200,25.7K,25700,560,560,Humor
594,H2ODelirious,H2ODelirious,Animation,13.3M,13300000,United States,81.4K,81400,4.4K,4400,237,237,Video games
595,Desi Gamers,Desi Gamers,,13.3M,13300000,India,518.9K,518900,76K,76000,2.3K,2300,
596,Juliana Baltar,Juliana Baltar,Movies,13.3M,13300000,Brazil,288.4K,288400,12.7K,12700,443,443,Humor
597,Zeinab Harake,Zeinab Harake,Daily vlogs,13.3M,13300000,Philippines,1.5M,1500000,80.3K,80300,1.3K,1300,
598,StudyIQ IAS,StudyIQ IAS,Education,13.3M,13300000,India,13.3K,13300,608,608,17,17,
599,Narendra Modi,Narendra Modi,Science & Technology,13.3M,13300000,India,13.6K,13600,783,783,64,64,News & Politics
600,TheQ_original,The Q,,13.2M,13200000,United States,243.2K,243200,7.7K,7700,446,446,
601,theRadBrad,theRadBrad,Video games,13.2M,13200000,United States,129K,129000,7.7K,7700,781,781,
602,PozzitifonShow,Поззи,Video games,13.2M,13200000,Russia,602.7K,602700,22.3K,22300,1.5K,1500,
603,skillzaisherebooya,Conor Maynard,Music & Dance,13.2M,13200000,United States,594.1K,594100,30.7K,30700,1.2K,1200,
604,NishaMadhulika,NishaMadhulika,Food & Drinks,13.2M,13200000,India,210.2K,210200,4K,4000,621,621,
605,LeoNata Family,LeoNata Family,,13.2M,13200000,United States,46.2K,46200,226,226,8,8,
606,tseriesregional,T-Series Regional,Music & Dance,13.2M,13200000,India,3.9K,3900,68,68,8,8,
607,The LaBrant Fam,The LaBrant Fam,Music & Dance,13.2M,13200000,United States,814.7K,814700,25.2K,25200,0,0,Humor
608,SaturdayNightLive,Saturday Night Live,Movies,13.2M,13200000,United States,115.5K,115500,4.2K,4200,165,165,Humor
609,rebeccazamolo1,Rebecca Zamolo,Video games,13.1M,13100000,United States,3M,3000000,53.1K,53100,3.8K,3800,Humor
610,Alex Gonzaga Official,Alex Gonzaga Official,Music & Dance,13.1M,13100000,Philippines,2.1M,2100000,64.5K,64500,2.3K,2300,Humor
611,jazzghost1,Jazzghost,Animation,13.1M,13100000,Brazil,965.4K,965400,55.2K,55200,3K,3000,Video games
612,djzoi0,Everson Zoio,Movies,13.1M,13100000,Brazil,220.7K,220700,29.1K,29100,2.5K,2500,Animation
613,zeetvtelugu,Zee Telugu,,13M,13000000,India,9K,9000,124,124,2,2,
614,أترو/Atro,أترو/Atro,,13M,13000000,Iraq,355.5K,355500,56K,56000,5.2K,5200,
615,BBC,BBC,Movies,13M,13000000,United Kingdom,27.2K,27200,685,685,22,22,
616,MattSDance,Matt Steffanina,Music & Dance,13M,13000000,United States,99.7K,99700,4.7K,4700,96,96,Movies
617,JDCav24,ATHLEAN-X™,Fitness,13M,13000000,United States,210.3K,210300,11.4K,11400,1.1K,1100,Health & Self Help
618,ماشا و الدب,ماشا و الدب,,13M,13000000,,683.3K,683300,5.8K,5800,0,0,
619,typicalgamer,Typical Gamer,Video games,13M,13000000,United States,275K,275000,9.2K,9200,396,396,
620,redetv,RedeTV,News & Politics,13M,13000000,Brazil,2K,2000,54,54,2,2,
621,Lady Diana,Lady Diana,Music & Dance,13M,13000000,Russia,2M,2000000,55.5K,55500,2.4K,2400,
622,Crescendo com Luluca,Crescendo com Luluca,Toys,13M,13000000,Brazil,508.7K,508700,31.5K,31500,2.3K,2300,
623,O Que Não Dizer Oficial,O Que Não Dizer Oficial,Movies,13M,13000000,Brazil,49.2K,49200,5.2K,5200,33,33,Animation
624,VexTrex,VexTrex,,13M,13000000,,60K,60000,0,0,0,0,
625,einerdtv,Ei Nerd,Movies,13M,13000000,Brazil,286.9K,286900,42.3K,42300,1.2K,1200,Animation
626,MstrJames,Hacksmith,Video games,12.9M,12900000,United States,0,0,0,0,0,0,
627,JOJO TV - Hindi Stories,JOJO TV - Hindi Stories,,12.9M,12900000,India,48.1K,48100,306,306,0,0,
628,karameeshchannel,karameeshchannel,Music & Dance,12.9M,12900000,Jordan,259.1K,259100,1.5K,1500,0,0,
629,Brawl Stars,Brawl Stars,Animation,12.9M,12900000,United States,15M,15000000,422.4K,422400,55.1K,55100,
630,JamunaTVbd,Jamuna TV,News & Politics,12.9M,12900000,Bangladesh,21.6K,21600,627,627,43,43,
631,MrSuicideSheep,MrSuicideSheep,,12.9M,12900000,United States,55.9K,55900,2.6K,2600,59,59,
632,Meghan Trainor,Meghan Trainor,Music & Dance,12.9M,12900000,United States,2.1M,2100000,102K,102000,550,550,
633,Danny Fitt,Danny Fitt,,12.9M,12900000,Mexico,552K,552000,16.1K,16100,1.4K,1400,
634,DJ Khaled,DJ Khaled,Music & Dance,12.9M,12900000,United States,112.2K,112200,7.6K,7600,0,0,
635,thinkmusicindia,Think Music India,Music & Dance,12.9M,12900000,India,243.9K,243900,2K,2000,48,48,
636,BUDI01 GAMING,BUDI01 GAMING,Movies,12.8M,12800000,Indonesia,272.2K,272200,17.7K,17700,2.8K,2800,Animation
637,ComePlayWithMe,Come Play With Me,Toys,12.8M,12800000,,1.2M,1200000,0,0,0,0,
638,MusicTalentNow,Top Viral Talent,,12.8M,12800000,United States,18.9K,18900,322,322,10,10,
639,GoldClassics,Goldmines Premiere,,12.8M,12800000,,17.5K,17500,201,201,0,0,
640,#Refúgio Mental,#Refúgio Mental,Movies,12.8M,12800000,Brazil,142.1K,142100,4.9K,4900,52,52,Animation
641,gymvirtual,gymvirtual,Music & Dance,12.8M,12800000,Mexico,87K,87000,3.4K,3400,54,54,
642,storybots,Netflix Jr.,Animation,12.8M,12800000,,16.8K,16800,105,105,0,0,Humor
643,zeebangla,Zee Bangla,,12.8M,12800000,India,5.1K,5100,56,56,0,0,
644,awakeningrecords,Awakening Music,Music & Dance,12.8M,12800000,Indonesia,14.2K,14200,1.5K,1500,45,45,
645,BIBO와 장난감,BIBO와 장난감,,12.8M,12800000,,33.3K,33300,0,0,0,0,
646,KabitasKitchen,Kabita's Kitchen,,12.7M,12700000,India,152.4K,152400,3.2K,3200,353,353,
647,sonyliv,Sony LIV,,12.7M,12700000,India,43.8K,43800,181,181,7,7,
648,Knowledge Tv हिन्दी,Knowledge Tv हिन्दी,Education,12.7M,12700000,India,43.6K,43600,1.6K,1600,63,63,
649,Mythpat,Mythpat,,12.7M,12700000,India,2.1M,2100000,187.1K,187100,7.6K,7600,
650,PeppaPigPortuguesOficial,Peppa Pig em Português Brasil - Canal Oficial,Movies,12.7M,12700000,,170.9K,170900,1.2K,1200,0,0,Animation
651,Health Time,Health Time,Daily vlogs,12.7M,12700000,India,4.9K,4900,191,191,8,8,
652,Blockbuster Movies,Blockbuster Movies,Daily vlogs,12.7M,12700000,India,29.3K,29300,272,272,7,7,
653,JesseAndMike,JesseAndMike,,12.7M,12700000,United States,173.9K,173900,1.5K,1500,521,521,
654,DeGoBooM,DeGoBooM,Movies,12.7M,12700000,Mexico,380K,380000,12.2K,12200,367,367,Animation
655,Blossom,Blossom,,12.7M,12700000,United States,12.7K,12700,214,214,9,9,
656,My Mate Nate,My Mate Nate,,12.7M,12700000,Thailand,1.1M,1100000,43.4K,43400,891,891,
657,Mrwhosetheboss,Mrwhosetheboss,Science & Technology,12.6M,12600000,United States,3.4M,3400000,152.8K,152800,8.5K,8500,
658,gmanews,GMA News,News & Politics,12.6M,12600000,Philippines,2.5K,2500,27,27,5,5,
659,Codiscos,Codiscos,Music & Dance,12.6M,12600000,,20.8K,20800,189,189,9,9,
660,kidstvindia,Kids TV India Hindi Nursery Rhymes,Education,12.6M,12600000,,112.1K,112100,604,604,0,0,
661,Melon City Show - برنامج ولاية بطيخ,Melon City Show - برنامج ولاية بطيخ,,12.6M,12600000,Iraq,217.6K,217600,13.7K,13700,183,183,
662,RS1313Shorts,RS 1313 SHORTS,,12.6M,12600000,India,3.8K,3800,50,50,6,6,
663,AdexeOficial,Adexe & Nau,Music & Dance,12.6M,12600000,Mexico,23.3K,23300,2.4K,2400,147,147,
664,TheDodoSite,The Dodo,Animals & Pets,12.6M,12600000,United States,256.2K,256200,13.5K,13500,608,608,
665,1032010814,TKOR,DIY & Life Hacks,12.6M,12600000,United States,40.4K,40400,1.2K,1200,74,74,
666,Trakin Tech,Trakin Tech,News & Politics,12.6M,12600000,India,325.5K,325500,22.7K,22700,1.4K,1400,
667,FIFATV,FIFA,Sports,12.6M,12600000,United States,21.2K,21200,1K,1000,45,45,
668,TheInfographicsShow,The Infographics Show,Education,12.6M,12600000,United States,307.5K,307500,12.7K,12700,661,661,
669,caseyneistat,CaseyNeistat,Daily vlogs,12.6M,12600000,United States,1.4M,1400000,87.4K,87400,5.3K,5300,
670,TastyCompot,Compot,Video games,12.6M,12600000,Russia,1.2M,1200000,48.4K,48400,2.1K,2100,
671,KidsLineKOYA,KOYA with,Toys,12.6M,12600000,,25.8K,25800,63,63,0,0,Education
672,Piuzinho,Piuzinho,Animation,12.5M,12500000,Brazil,155.9K,155900,25.3K,25300,711,711,Humor
673,KapilComedyNights,Colors Rishtey,,12.5M,12500000,India,4K,4000,36,36,2,2,
674,parafernalha,Parafernalha,,12.5M,12500000,Brazil,46.1K,46100,3.7K,3700,34,34,
675,Troom Troom India,Troom Troom India,,12.5M,12500000,India,171.5K,171500,1.5K,1500,32,32,
676,geonews,Geo News,News & Politics,12.5M,12500000,Pakistan,4.8K,4800,60,60,6,6,
677,htbhakti,Sonotek Bhakti,Music & Dance,12.5M,12500000,India,71.4K,71400,870,870,49,49,
678,E-MasterSensei,E-MasterSensei,Movies,12.5M,12500000,Mexico,777.3K,777300,38.2K,38200,818,818,Video games
679,elliegoulding,elliegoulding,Music & Dance,12.5M,12500000,United States,16.9K,16900,1.1K,1100,49,49,
680,RaptorGamer,RaptorGamer,Animation,12.5M,12500000,Mexico,590.5K,590500,32.3K,32300,968,968,Video games
681,Vlad and Niki PRT,Vlad and Niki PRT,,12.5M,12500000,,524.1K,524100,0,0,0,0,
682,LOUD,LOUD,,12.5M,12500000,Brazil,163.6K,163600,11.8K,11800,205,205,
683,TV9 Bharatvarsh,TV9 Bharatvarsh,News & Politics,12.5M,12500000,India,2.1K,2100,39,39,2,2,
684,TalkingAngelaCat,Talking Angela,,12.5M,12500000,United States,34.1K,34100,267,267,0,0,
685,TechnologyGyan,Technology Gyan,,12.5M,12500000,India,887.6K,887600,56.5K,56500,2.1K,2100,
686,Yudist Ardhana,Yudist Ardhana,Movies,12.5M,12500000,Indonesia,226.4K,226400,5.1K,5100,311,311,
687,TroomTroom_Pt,Troom Troom PT,Toys,12.5M,12500000,Brazil,116.8K,116800,1.6K,1600,47,47,
688,Gibby :),Gibby :),Movies,12.4M,12400000,Mexico,52.1K,52100,3.6K,3600,307,307,
689,LittleBabyBumEspanol,Little Baby Bum en Español,Education,12.4M,12400000,,12.6K,12600,42,42,0,0,
690,React,People Vs Food,Food & Drinks,12.4M,12400000,United States,372.5K,372500,15.4K,15400,916,916,
691,Indore Physical Academy,Indore Physical Academy,,12.4M,12400000,India,38.3K,38300,2.6K,2600,140,140,
692,officialfuturevideos,Future,Music & Dance,12.4M,12400000,United States,1.6M,1600000,80.5K,80500,2.5K,2500,
693,HZHtube Kids Fun,HZHtube Kids Fun,Animation,12.4M,12400000,,75.1K,75100,377,377,0,0,Toys
694,JustForLaughsTV,Just For Laughs Gags,,12.4M,12400000,United States,33K,33000,619,619,20,20,
695,Americanvogue,Vogue,Fashion,12.4M,12400000,United States,662.4K,662400,10.4K,10400,234,234,
696,officialjassrecords,Jass Records,Music & Dance,12.4M,12400000,India,146.7K,146700,2.5K,2500,139,139,
697,DisneyChannelUK,DisneyChannelUK,Movies,12.4M,12400000,,22.7K,22700,542,542,0,0,Humor
698,user-ik9wu8di9o,WiederDude,,12.3M,12300000,United States,4.5M,4500000,13.2K,13200,436,436,
699,ndtv,NDTV,News & Politics,12.3M,12300000,India,2.1K,2100,17,17,7,7,
700,Más SKabeche,Más SKabeche,,12.3M,12300000,Mexico,1.1M,1100000,48K,48000,728,728,
701,Republic Bharat,Republic Bharat,News & Politics,12.3M,12300000,India,3.1K,3100,0,0,5,5,
702,Rauw Alejandro,Rauw Alejandro,Music & Dance,12.3M,12300000,Peru,838.7K,838700,25.1K,25100,1.2K,1200,
703,CHHOTU KI MASTI,CHHOTU KI MASTI,,12.3M,12300000,India,1.2M,1200000,11.5K,11500,153,153,
704,Луномосик,Луномосик,Video games,12.3M,12300000,Russia,2.6M,2600000,49.2K,49200,2.1K,2100,
705,Bela Bagunça,Bela Bagunça,Movies,12.3M,12300000,Brazil,148.9K,148900,4.8K,4800,224,224,Animation
706,WaveMusicBhakti,Wave Music Bhakti,Music & Dance,12.2M,12200000,,5K,5000,93,93,8,8,
707,N1Noobtubers,웃웃TwinsFromRussia,Daily vlogs,12.2M,12200000,United States,46.9K,46900,2.1K,2100,9,9,
708,Akon,Akon,Music & Dance,12.2M,12200000,Brazil,135K,135000,9.8K,9800,563,563,
709,BanderitaX,BanderitaX,Animation,12.2M,12200000,Saudi Arabia,611.6K,611600,55.3K,55300,2.3K,2300,Video games
710,dednahype,dednahype,,12.2M,12200000,United States,35.4K,35400,262,262,17,17,
711,TheDaniRep,DaniRep | +6 Vídeos Diarios De GTA 5 Online!,Animation,12.2M,12200000,Mexico,60.3K,60300,6.6K,6600,26,26,Video games
712,lucygerardi43,Luli Pampín,Music & Dance,12.2M,12200000,,1.5M,1500000,4.1K,4100,0,0,Animation
713,AvrilLavigne,Avril Lavigne,Music & Dance,12.2M,12200000,United States,134.9K,134900,8.8K,8800,459,459,
714,Troom Troom Indonesia,Troom Troom Indonesia,Music & Dance,12.2M,12200000,Indonesia,101.2K,101200,877,877,42,42,Movies
715,Panda.,Panda,Animation,12.1M,12100000,India,379.7K,379700,36.7K,36700,897,897,Toys
716,IceCreamRolls,Ice Cream Rolls,,12.1M,12100000,United States,52.9K,52900,1.5K,1500,103,103,
717,YairAuriazul,Yair17,Movies,12.1M,12100000,Mexico,290.6K,290600,23.9K,23900,393,393,Animation
718,123 GO!,123 GO!,DIY & Life Hacks,12.1M,12100000,United States,309.3K,309300,2.2K,2200,76,76,
719,Planet Earth INDIA,Planet Earth INDIA,Daily vlogs,12.1M,12100000,India,776.8K,776800,4.4K,4400,230,230,
720,Lulu99,Lulu99,,12.1M,12100000,Colombia,744.8K,744800,34.2K,34200,2.3K,2300,
721,YoungBoy Never Broke Again,YoungBoy Never Broke Again,Music & Dance,12.1M,12100000,United States,780.6K,780600,37.9K,37900,3.3K,3300,
722,MrTimbaVk,Timba Vk,Animation,12.1M,12100000,Mexico,1.3M,1300000,40.6K,40600,743,743,Video games
723,Влад и Никита,Влад и Никита,Toys,12M,12000000,,557K,557000,2.6K,2600,0,0,
724,TiempodeSol,Duo Tiempo De Sol,Music & Dance,12M,12000000,,67.2K,67200,388,388,0,0,Animation
725,infobellskannada,infobells - Kannada,Education,12M,12000000,,167.1K,167100,711,711,0,0,
726,colinfurze,colinfurze,Video games,12M,12000000,United States,466.6K,466600,15K,15000,421,421,
727,Natti Natasha,Natti Natasha,Music & Dance,12M,12000000,United States,24.4K,24400,2.1K,2100,35,35,
728,emma chamberlain,emma chamberlain,Food & Drinks,12M,12000000,United States,2.4M,2400000,156K,156000,4.8K,4800,
729,Nat and Essie,Nat and Essie,Toys,12M,12000000,United States,42.2K,42200,1K,1000,4,4,
730,Mor Haryanvi,Mor Haryanvi,Music & Dance,12M,12000000,India,2.5M,2500000,41.2K,41200,15.6K,15600,
731,eltreceok,El Trece,News & Politics,11.9M,11900000,,3.2K,3200,27,27,6,6,
732,TsMadaan,TsMadaan,Education,11.9M,11900000,India,11K,11000,446,446,46,46,
733,KaKa Kids TV - Nursery Rhymes Kids Animated Songs,KaKa Kids TV - Nursery Rhymes Kids Animated Songs,,11.9M,11900000,,1.5K,1500,8,8,0,0,
734,CNCO,CNCO,Music & Dance,11.9M,11900000,Mexico,68.4K,68400,10.8K,10800,808,808,
735,Koo Koo TV - Hindi,Koo Koo TV - Hindi,,11.9M,11900000,India,131.3K,131300,1.3K,1300,25,25,
736,Kluna Tik,Kluna Tik,,11.9M,11900000,United States,99.6K,99600,1.6K,1600,162,162,
737,blackeyedpeasvideo,Black Eyed Peas,Music & Dance,11.9M,11900000,United States,81K,81000,2.9K,2900,116,116,
738,elrubius,Rubius Z,Movies,11.9M,11900000,Mexico,1.1M,1100000,91.9K,91900,1.4K,1400,Animation
739,Hero Movies 2022,Hero Movies 2022,Daily vlogs,11.8M,11800000,India,54K,54000,422,422,7,7,
740,MBCMASR,MBC مصر,,11.8M,11800000,Egypt,6.9K,6900,61,61,4,4,
741,EU FICO LOKO,EU FICO LOKO,,11.8M,11800000,Brazil,8.3K,8300,853,853,34,34,
742,MrGear,MrGear,,11.8M,11800000,United States,8.6K,8600,191,191,28,28,
743,TTfue,Tfue,Animation,11.8M,11800000,United States,116.5K,116500,5.1K,5100,150,150,Video games
744,MC Divertida,MC Divertida,Music & Dance,11.8M,11800000,,201.9K,201900,1.5K,1500,0,0,Movies
745,FirstWeFeast,First We Feast,Food & Drinks,11.8M,11800000,United States,122K,122000,6K,6000,262,262,
746,MORGENSHTERN,MORGENSHTERN,Music & Dance,11.8M,11800000,Russia,1.5M,1500000,145.5K,145500,7.2K,7200,Movies
747,QuantumTech,Quantum Tech HD,,11.8M,11800000,United States,3M,3000000,8.6K,8600,178,178,
748,Heidi y Zidane,Heidi y Zidane,Daily vlogs,11.8M,11800000,,181.4K,181400,890,890,0,0,
749,prantoniojunior,Pastor Antônio Júnior,Music & Dance,11.8M,11800000,Brazil,335.1K,335100,61.9K,61900,6.2K,6200,
750,Free Fire India Official,Free Fire India Official,,11.8M,11800000,India,44.7K,44700,4.4K,4400,279,279,
751,PinkVideoVault,P!NK,Music & Dance,11.8M,11800000,United States,52.1K,52100,5.2K,5200,174,174,
752,SBTonline,SBT,,11.8M,11800000,Brazil,2.8K,2800,167,167,3,3,
753,MashaBearUkraine,Маша та Ведмідь,Education,11.8M,11800000,,195.7K,195700,868,868,0,0,
754,Acenix,Acenix,Video games,11.8M,11800000,Mexico,987.1K,987100,69.9K,69900,646,646,
755,GoldminesAction,GoldminesAction,,11.8M,11800000,,9.1K,9100,123,123,0,0,
756,FrontaL Gaming,FrontaL Gaming,Movies,11.8M,11800000,,105.8K,105800,7.8K,7800,462,462,Animation
757,WildNOut,Wild 'N Out,Music & Dance,11.7M,11700000,United States,197.6K,197600,4.5K,4500,186,186,Humor
758,Garena Free Fire LATAM,Garena Free Fire LATAM,,11.7M,11700000,Mexico,21.6K,21600,1.8K,1800,144,144,
759,francoescamilla,Franco Escamilla,,11.7M,11700000,Mexico,203.7K,203700,13.9K,13900,194,194,
760,penguinz0,penguinz0,Animation,11.7M,11700000,United States,1.9M,1900000,92.7K,92700,6.3K,6300,Video games
761,Diana and Roma IND,Diana and Roma IND,,11.7M,11700000,,221.8K,221800,853,853,0,0,
762,hawkrecord,Single Track Studio,Music & Dance,11.7M,11700000,India,0,0,0,0,0,0,
763,Pari's Lifestyle,Pari's Lifestyle,,11.7M,11700000,India,697.6K,697600,6.9K,6900,202,202,
764,TWO SIDE GAMERS,TWO SIDE GAMERS,,11.7M,11700000,India,407.7K,407700,31.7K,31700,1.5K,1500,
765,bharatzkitchen HINDI,bharatzkitchen HINDI,,11.7M,11700000,India,408.8K,408800,10K,10000,267,267,
766,AlArabiya,AlArabiya العربية,News & Politics,11.7M,11700000,Algeria,1.8K,1800,21,21,4,4,
767,الجانب المُشرق | Bright Side Arabic,الجانب المُشرق | Bright Side Arabic,,11.7M,11700000,Egypt,18K,18000,382,382,22,22,
768,YMWayneCarter,Lil Wayne,Music & Dance,11.7M,11700000,United States,104.6K,104600,6.6K,6600,463,463,
769,CrazyRussianHacker,CrazyRussianHacker,Animation,11.7M,11700000,United States,52.5K,52500,1.6K,1600,80,80,Toys
770,FlowersComedy,Flowers Comedy,,11.7M,11700000,India,164.8K,164800,1.7K,1700,167,167,
771,FelipeViktor,LipaoGamer,Movies,11.6M,11600000,Brazil,113.6K,113600,6.8K,6800,116,116,Animation
772,Lofi Girl,Lofi Girl,Music & Dance,11.6M,11600000,United States,43.4K,43400,1.9K,1900,88,88,
773,Biperysusamigos,Biper y sus Amigos,Music & Dance,11.6M,11600000,,351.7K,351700,0,0,0,0,Movies
774,pocoyotv,POCOYÓ en ESPAÑOL - Canal Oficial,,11.6M,11600000,,122.9K,122900,433,433,0,0,
775,Jaiden Animations,Jaiden Animations,,11.6M,11600000,United States,3.6M,3600000,288K,288000,13.4K,13400,
776,realannoyingorange,Annoying Orange,Movies,11.6M,11600000,United States,143K,143000,2.9K,2900,556,556,Animation
777,BBCEarth,BBC Earth,,11.6M,11600000,United States,42.8K,42800,1.8K,1800,44,44,
778,kendricklamar5461,Kendrick Lamar,Music & Dance,11.6M,11600000,United States,8M,8000000,413.1K,413100,15.1K,15100,
779,Morgz,Morgz,Video games,11.5M,11500000,,229.7K,229700,6.4K,6400,1.2K,1200,Humor
780,CarryisLive,CarryisLive,,11.5M,11500000,India,507.7K,507700,53.5K,53500,1.7K,1700,
781,VyQwaint,Vy Qwaint,Video games,11.5M,11500000,United States,1.6M,1600000,27.1K,27100,4.2K,4200,Humor
782,ExpCaseros,ExpCaseros,DIY & Life Hacks,11.5M,11500000,Spain,36K,36000,1.2K,1200,79,79,Food & Drinks
783,TheViralFeverVideos,The Viral Fever,Movies,11.5M,11500000,India,1.8M,1800000,83.9K,83900,2.7K,2700,Humor
784,Flamingo,Flamingo,Animation,11.5M,11500000,United States,1.4M,1400000,48K,48000,5K,5000,Video games
785,toysplay,ToysPlay,Animation,11.5M,11500000,,134.2K,134200,543,543,0,0,Toys
786,FilmTheorists,The Film Theorists,Movies,11.4M,11400000,United States,1.2M,1200000,79.2K,79200,4.7K,4700,
787,crackrockcandy,Maymo,,11.4M,11400000,United States,89K,89000,479,479,82,82,
788,hoiitsroi,Wassabi,Movies,11.4M,11400000,United States,75.7K,75700,4.5K,4500,132,132,Humor
789,Star Casablanca | نجوم الدار البيضاء,Star Casablanca | نجوم الدار البيضاء,Music & Dance,11.4M,11400000,Iraq,23.3K,23300,1.3K,1300,134,134,
790,UnspeakableGaming,UnspeakableReacts,Video games,11.4M,11400000,United States,322K,322000,6.7K,6700,405,405,
791,Taylor RS,Taylor RS,,11.4M,11400000,United States,95.6K,95600,611,611,11,11,
792,epicfortnite,Fortnite,Movies,11.4M,11400000,United States,177K,177000,9K,9000,377,377,Video games
793,قناة وناسة -  Wanasah TV,قناة وناسة -  Wanasah TV,Music & Dance,11.4M,11400000,,1.5M,1500000,10.7K,10700,0,0,
794,watchcut,Cut,Humor,11.4M,11400000,United States,427.8K,427800,12.3K,12300,578,578,
795,oyabakatousan,"Sen, Momo, Ai & Shii's Channel",Daily vlogs,11.4M,11400000,Japan,68.3K,68300,938,938,0,0,
796,CaptainSparklez,CaptainSparklez,Video games,11.4M,11400000,United States,117K,117000,10.6K,10600,456,456,
797,ElRinconDeGiorgio,El Rincón De Giorgio,Video games,11.4M,11400000,Spain,950.6K,950600,134.4K,134400,2.3K,2300,
798,mylifeaseva,MyLifeAsEva,Humor,11.4M,11400000,United States,59K,59000,3.1K,3100,277,277,
799,zeetamil,Zee Tamil,,11.4M,11400000,India,10K,10000,135,135,1,1,
800,InsideEdition,Inside Edition,News & Politics,11.4M,11400000,United States,104.8K,104800,2.2K,2200,396,396,
801,luzugames,luzugames,Animation,11.3M,11300000,Mexico,154.7K,154700,14.9K,14900,505,505,Video games
802,NirahuaMusic,Nirahua Music World,,11.3M,11300000,India,271.7K,271700,5.2K,5200,134,134,
803,BakLol Video,BakLol Video,Movies,11.3M,11300000,India,526.1K,526100,8.6K,8600,609,609,Humor
804,Avocado Couple I Crazy Comics,Avocado Couple I Crazy Comics,,11.3M,11300000,United States,144.7K,144700,1.2K,1200,40,40,
805,Virgínia Fonseca,Virgínia Fonseca,Movies,11.3M,11300000,Brazil,1M,1000000,77.1K,77100,1.6K,1600,Humor
806,brancoala,Brancoala,Movies,11.3M,11300000,Brazil,384.9K,384900,8.1K,8100,274,274,Animation
807,ArynewsTvofficial,ARY News,News & Politics,11.3M,11300000,Pakistan,13.4K,13400,249,249,15,15,
808,Ya - Alisa,Ya - Alisa,,11.3M,11300000,,1.8K,1800,10,10,0,0,
809,korayzeynep0,Koray Zeynep,Daily vlogs,11.3M,11300000,Turkey,11.5K,11500,52,52,2,2,
810,MagicFive5,Magic Five,Travel,11.3M,11300000,Russia,683.6K,683600,28.4K,28400,3.7K,3700,
811,RachitRojha,Rachit Rojha,,11.3M,11300000,India,1.7M,1700000,30.4K,30400,1.5K,1500,
812,aljazeerachannel,AlJazeera Arabic  قناة الجزيرة,News & Politics,11.3M,11300000,Morocco,8.7K,8700,124,124,26,26,
813,MrGustavoParodias,Gustavo Paródias,,11.3M,11300000,Brazil,178.7K,178700,5.8K,5800,129,129,
814,sagahits,SagaHits,Music & Dance,11.3M,11300000,India,17.6K,17600,837,837,102,102,
815,comedycentral,Comedy Central,Movies,11.2M,11200000,United States,24.6K,24600,895,895,51,51,Humor
816,RapGeniusVideo,Genius,Music & Dance,11.2M,11200000,United States,23.2K,23200,1K,1000,136,136,Movies
817,Oum Walid,Oum Walid,Education,11.2M,11200000,Algeria,266K,266000,16.8K,16800,1.1K,1100,
818,Morphle TV,Morphle TV,Animation,11.2M,11200000,,50.4K,50400,252,252,0,0,Toys
819,SEVENGERS,SEVENGERS,,11.2M,11200000,India,0,0,0,0,0,0,
820,Stray Kids,Stray Kids,Music & Dance,11.2M,11200000,United States,657.1K,657100,100K,100000,3.7K,3700,Movies
821,mrplotvideos,Mundo Bita,Music & Dance,11.2M,11200000,,217.9K,217900,1.2K,1200,0,0,Movies
822,OGGY,OGGY,,11.2M,11200000,,212.2K,212200,2K,2000,0,0,
823,LikeTeamEnglish,LIKE! English,,11.2M,11200000,India,0,0,0,0,0,0,
824,DemolitionRanch,DemolitionRanch,Video games,11.2M,11200000,United States,982.6K,982600,50.1K,50100,5.7K,5700,
825,doctruyencotich,Kênh Thiếu Nhi - BHMEDIA,Music & Dance,11.2M,11200000,United States,17.1K,17100,52,52,0,0,Animation
826,chotoonz,Chotoonz TV - Funny Cartoons for Kids,,11.2M,11200000,,39.9K,39900,0,0,0,0,
827,Barbie,Barbie,,11.1M,11100000,,25.8K,25800,213,213,0,0,
828,JessicaJane99,Jessica Jane,Food & Drinks,11.1M,11100000,Indonesia,1.8M,1800000,80.4K,80400,3.6K,3600,
829,dobrebrothers,Dobre Brothers,Movies,11.1M,11100000,United States,365.3K,365300,12.9K,12900,603,603,Humor
830,oyuncakoynuyorumtv,OYUNCAKOYNUYORUM,,11.1M,11100000,,112.8K,112800,356,356,0,0,
831,viihtubeoficial,Viih Tube,,11.1M,11100000,Brazil,448.1K,448100,20.1K,20100,406,406,
832,telugufilmnagar,Telugu Filmnagar,,11.1M,11100000,India,2.7K,2700,34,34,1,1,
833,설기양SULGI,설기양SULGI,ASMR,11.1M,11100000,United States,687.6K,687600,13.4K,13400,488,488,Food & Drinks
834,zeeqindia,Zee Kids,,11.1M,11100000,,62.3K,62300,1.1K,1100,0,0,
835,SanjoyDasOfficial,Sanjoy Das Official,,11.1M,11100000,India,11.5K,11500,1.8K,1800,155,155,
836,BeAmazed,BE AMAZED,Education,11.1M,11100000,United States,399.9K,399900,9.8K,9800,619,619,
837,GamesEduUu,Games EduUu,Movies,11.1M,11100000,Brazil,1.2M,1200000,165.9K,165900,3.9K,3900,Toys
838,Lycoman Facts,Lycoman Facts,,11.1M,11100000,India,2M,2000000,0,0,221,221,
839,NEXT9NEWS हर खबर आप तक,NEXT9NEWS हर खबर आप तक,News & Politics,11.1M,11100000,India,2.9K,2900,19,19,1,1,
840,NASA,NASA,News & Politics,11.1M,11100000,United States,92.6K,92600,3.8K,3800,0,0,Science & Technology
841,Painzeiro,Painzeiro,Daily vlogs,11.1M,11100000,Brazil,228.1K,228100,10.7K,10700,428,428,
842,hasanjr11,hasanjr11,,11.1M,11100000,Indonesia,831.4K,831400,10.4K,10400,1.5K,1500,
843,historychannel,HISTORY,Movies,11.1M,11100000,United States,100.1K,100100,2K,2000,228,228,
844,jpgameplayfull,JP Plays,Video games,11.1M,11100000,Brazil,50.9K,50900,2.5K,2500,104,104,
845,RDCGujarati,RDC Gujarati,Music & Dance,11.1M,11100000,India,10.5K,10500,370,370,15,15,
846,BIBO и Игрушки,BIBO и Игрушки,Animation,11M,11000000,,50.5K,50500,0,0,0,0,Toys
847,ctctv,СТС,Video games,11M,11000000,Russia,101.1K,101100,1.1K,1100,47,47,Humor
848,Levinho,Levinho,,11M,11000000,India,218.8K,218800,15.4K,15400,740,740,
849,pinkfongko,핑크퐁 (인기 동요・동화),Education,11M,11000000,Algeria,16.8K,16800,469,469,0,0,
850,ExplosmEntertainment,ExplosmEntertainment,Movies,11M,11000000,United States,131.2K,131200,11.1K,11100,157,157,Animation
851,XHuevaX,Hueva,Video games,11M,11000000,Mexico,113.2K,113200,4.3K,4300,234,234,
852,Pen Multiplex,Pen Multiplex,,11M,11000000,India,4.2K,4200,27,27,1,1,
853,Slogomanify,Slogo,Video games,11M,11000000,United States,280K,280000,10.7K,10700,466,466,
854,Ryan Trahan,Ryan Trahan,Humor,11M,11000000,United States,9.9M,9900000,944.5K,944500,25.1K,25100,
855,Vox,Vox,News & Politics,11M,11000000,United States,297.1K,297100,7.6K,7600,371,371,
856,Peppa Pig Hindi,Peppa Pig Hindi,Education,11M,11000000,,244.5K,244500,1.8K,1800,0,0,
857,HikakinTV,HikakinTV,Music & Dance,11M,11000000,Japan,1.2M,1200000,31.8K,31800,1.7K,1700,Humor
858,Milena Stepanienco - MILENINHA,Milena Stepanienco - MILENINHA,Movies,11M,11000000,Brazil,122.3K,122300,1.1K,1100,0,0,Animation
859,rathorvideo,Rathore Cassettes,,11M,11000000,India,5K,5000,56,56,5,5,
860,OfficiallyAnneMarie,Anne-Marie,Music & Dance,11M,11000000,India,32.7K,32700,3.4K,3400,71,71,
861,Juanpa Zurita,Juanpa Zurita,,10.9M,10900000,Mexico,1M,1000000,60.3K,60300,1.5K,1500,
862,videogyan,Videogyan Nursery Rhymes - Kids Songs & Cartoons,Animation,10.9M,10900000,,158.2K,158200,540,540,0,0,
863,5-Minute Crafts LIKE,5-Minute Crafts LIKE,,10.9M,10900000,India,6.8K,6800,56,56,2,2,
864,GolemcitoGames,Golemcito Games,Movies,10.9M,10900000,Peru,593.7K,593700,63.8K,63800,1.5K,1500,Animation
865,TroomTroom_Arabic,Troom Troom Arabic,,10.9M,10900000,Egypt,314K,314000,3.8K,3800,114,114,
866,WAMIndiaMovies,Wamindia Movies,,10.9M,10900000,India,24.6K,24600,247,247,4,4,
867,THE BROWN SIBLINGS,THE BROWN SIBLINGS,,10.9M,10900000,India,2.3M,2300000,201.9K,201900,323,323,
868,KiKiDo,KiKiDo,Video games,10.9M,10900000,Russia,2.4M,2400000,42K,42000,2.5K,2500,Humor
869,woodyandkleiny,Woody & Kleiny,,10.9M,10900000,United States,26.5K,26500,1.7K,1700,126,126,
870,Área Secreta,Área Secreta,Movies,10.9M,10900000,Brazil,155.6K,155600,20.8K,20800,613,613,
871,sadhguru,Sadhguru,Movies,10.9M,10900000,India,129.8K,129800,5.2K,5200,216,216,
872,mamilosmolengas,Mussoumano,Music & Dance,10.9M,10900000,Brazil,1.8M,1800000,79.9K,79900,6.1K,6100,Animation
873,CasoCerrado,Caso Cerrado,Animation,10.8M,10800000,Mexico,405.2K,405200,3.2K,3200,112,112,
874,Experienced Mojaraba TV,Experienced Mojaraba TV,Health & Self Help,10.8M,10800000,United States,34.4K,34400,890,890,22,22,Food & Drinks
875,GIMS,GIMS,Music & Dance,10.8M,10800000,France,1.2M,1200000,49.1K,49100,2.1K,2100,
876,Joe HaTTab,Joe HaTTab,Movies,10.8M,10800000,Somalia,2.7M,2700000,162.7K,162700,5.8K,5800,
877,Goldmines Housefull,Goldmines Housefull,,10.8M,10800000,,9.1K,9100,0,0,0,0,
878,mirandasings08,Miranda Sings,Movies,10.8M,10800000,United States,115.8K,115800,9.4K,9400,573,573,Humor
879,redbull,Red Bull,Sports,10.8M,10800000,United States,35K,35000,2K,2000,25,25,
880,ChuChuTV Hindi,ChuChuTV Hindi,Education,10.8M,10800000,,156.3K,156300,1K,1000,0,0,
881,timesmusicindia,Times Music,Music & Dance,10.8M,10800000,India,6.6K,6600,235,235,14,14,
882,DentalDigest,Dental Digest,,10.8M,10800000,United States,638.1K,638100,8.2K,8200,482,482,
883,DRJRecordsSpecials,DRJ Records Specials,,10.8M,10800000,India,32.1K,32100,128,128,3,3,
884,ComedyShortsGamer,Deji,Animation,10.8M,10800000,United Kingdom,1.2M,1200000,48.1K,48100,2.5K,2500,Humor
885,PinaRecordsVideos,Pina Records,Music & Dance,10.8M,10800000,Peru,1.3M,1300000,41.5K,41500,9.1K,9100,
886,WarnerBrosPictures,Warner Bros. Pictures,Movies,10.8M,10800000,United States,105.8K,105800,4.3K,4300,434,434,Animation
887,Google,Google,,10.8M,10800000,United States,28.5K,28500,623,623,0,0,
888,DuDuPopTOY,DuDuPopTOY,Animation,10.8M,10800000,,8.6K,8600,58,58,0,0,Humor
889,Kids smile TV,Kids smile TV,Movies,10.8M,10800000,,105K,105000,509,509,0,0,Toys
890,MUSATANVEER,Entertainment with Musa,,10.7M,10700000,Pakistan,169.3K,169300,1.2K,1200,49,49,
891,Primitive Technology,Primitive Technology,DIY & Life Hacks,10.7M,10700000,United States,1.2M,1200000,73.9K,73900,3K,3000,
892,TikTak Draw,TikTak Draw,Animation,10.7M,10700000,Mexico,72.7K,72700,4.3K,4300,321,321,
893,Talent Recap,Talent Recap,Music & Dance,10.7M,10700000,United States,57.9K,57900,924,924,64,64,Movies
894,Airrack,Airrack,Video games,10.7M,10700000,United States,4.6M,4600000,344.6K,344600,33.1K,33100,Humor
895,[햄지]Hamzy,[햄지]Hamzy,,10.7M,10700000,United States,1.7M,1700000,31.9K,31900,866,866,
896,stampylonghead,stampylonghead,Video games,10.7M,10700000,United States,104.3K,104300,4.9K,4900,1.1K,1100,
897,Alexa Rivera,Alexa Rivera,Animation,10.7M,10700000,United States,2M,2000000,86.1K,86100,3.4K,3400,Humor
898,Utkarsh Classes Jodhpur,Utkarsh Classes Jodhpur,Education,10.7M,10700000,India,109K,109000,8.5K,8500,371,371,
899,user-eg5ud6ut6s,Vlad y Nikita Show,,10.7M,10700000,,246.3K,246300,1K,1000,0,0,
900,soicon295,Magnet World,,10.6M,10600000,United States,302.4K,302400,1.3K,1300,28,28,
901,Hindi Fairy Tales,Hindi Fairy Tales,,10.6M,10600000,India,580.7K,580700,7.8K,7800,185,185,
902,PrankvsPrank,Jesse,Music & Dance,10.6M,10600000,United States,106.7K,106700,7.3K,7300,1.1K,1100,Humor
903,Family Box,Family Box,Video games,10.6M,10600000,Russia,247.2K,247200,7.8K,7800,95,95,
904,sbtthenoite,The Noite com Danilo Gentili,Movies,10.6M,10600000,Brazil,4.5K,4500,421,421,17,17,Humor
905,craftingeek,Craftingeek,,10.6M,10600000,Mexico,231.3K,231300,11.1K,11100,1.1K,1100,
906,Pinkfong en español - Canciones Infantiles,Pinkfong en español - Canciones Infantiles,Animation,10.6M,10600000,,46.7K,46700,153,153,0,0,Toys
907,francinyehlke,Franciny Ehlke,Fashion,10.6M,10600000,Brazil,208.4K,208400,19.7K,19700,396,396,Design/art
908,AdamThomasMoran,AdamThomasMoran,Video games,10.6M,10600000,Russia,488K,488000,38.8K,38800,2.5K,2500,Humor
909,GoProCamera,GoPro,Sports,10.6M,10600000,United States,35.4K,35400,1.7K,1700,53,53,
910,ChillStepNation,Chill Nation,Music & Dance,10.6M,10600000,United States,21.1K,21100,680,680,27,27,
911,MTV,MTV,Music & Dance,10.6M,10600000,United States,18.5K,18500,992,992,23,23,Movies
912,Toymong tv 토이몽TV,Toymong tv 토이몽TV,,10.6M,10600000,,24.9K,24900,195,195,0,0,
913,bbcarabic,BBC News عربي,News & Politics,10.6M,10600000,Morocco,21.2K,21200,389,389,70,70,
914,atv,atv,Movies,10.6M,10600000,Turkey,28.9K,28900,295,295,10,10,Animation
915,TeremokTV,Теремок ТВ,Video games,10.6M,10600000,,281.7K,281700,1.1K,1100,0,0,
916,TeamMojang,Minecraft,Animation,10.6M,10600000,United States,659.8K,659800,37.5K,37500,1.4K,1400,Video games
917,Comedy Captain,Comedy Captain,,10.6M,10600000,India,6K,6000,62,62,2,2,
918,Eli Kids - Cartoons & Songs,Eli Kids - Cartoons & Songs,Music & Dance,10.6M,10600000,,1M,1000000,3.2K,3200,0,0,
919,CJENMMUSIC,Stone Music Entertainment,Music & Dance,10.6M,10600000,United States,5.8K,5800,448,448,19,19,Movies
920,Behindwoodstv,BehindwoodsTV,,10.6M,10600000,,50.1K,50100,1.2K,1200,51,51,
921,Rawan and Rayan,Rawan and Rayan,,10.5M,10500000,Algeria,0,0,0,0,0,0,
922,Cris Devil Gamer,Cris Devil Gamer,Movies,10.5M,10500000,United States,260.3K,260300,8.1K,8100,212,212,Animation
923,GeorgeNotFound,GeorgeNotFound,Video games,10.5M,10500000,United States,1.7M,1700000,137.6K,137600,6.6K,6600,
924,GemaNadaPertiwi,GNP Music,Music & Dance,10.5M,10500000,Indonesia,40.5K,40500,187,187,0,0,Animation
925,Hindi Kahaniya,Hindi Kahaniya,,10.5M,10500000,India,42.5K,42500,629,629,26,26,
926,CS Bisht Vines,CS Bisht Vines,,10.5M,10500000,India,2M,2000000,19.3K,19300,426,426,
927,williesalim,Willie Salim,,10.5M,10500000,Indonesia,1M,1000000,18.3K,18300,3.4K,3400,
928,Farjana Drawing Academy,Farjana Drawing Academy,,10.5M,10500000,India,71K,71000,2.1K,2100,373,373,
929,Heroine Movies 2022,Heroine Movies 2022,Daily vlogs,10.5M,10500000,India,136.7K,136700,820,820,9,9,
930,MTflims,Tanner Fox,Autos & Vehicles,10.5M,10500000,,397.5K,397500,18.2K,18200,1.4K,1400,Humor
931,VikiShow,Viki Show,Video games,10.5M,10500000,Russia,1.9M,1900000,58K,58000,2.5K,2500,Toys
932,ReceitasdePai,Receitas de Pai,Food & Drinks,10.5M,10500000,Brazil,80K,80000,10.7K,10700,311,311,
933,Doctor Mike,Doctor Mike,Health & Self Help,10.5M,10500000,United States,1.8M,1800000,65.4K,65400,2.9K,2900,
934,Lorrayne Oliveira,Lorrayne Oliveira,Animation,10.5M,10500000,Brazil,454.2K,454200,20.8K,20800,673,673,Humor
935,Oneindia Hindi | वनइंडिया हिंदी,Oneindia Hindi | वनइंडिया हिंदी,News & Politics,10.5M,10500000,India,1.5K,1500,17,17,1,1,
936,singkingkaraoke,Sing King,Music & Dance,10.5M,10500000,United States,10.4K,10400,104,104,9,9,
937,LittleAngelIndonesia,Little Angel Bahasa Indonesia - Lagu Anak,Music & Dance,10.5M,10500000,,248.4K,248400,1.3K,1300,0,0,Toys
938,Adriana Show,Adriana Show,Animation,10.4M,10400000,,298.2K,298200,0,0,0,0,Toys
939,PattymayoTv,Patty Mayo,Movies,10.4M,10400000,United States,512.8K,512800,13.9K,13900,674,674,Humor
940,BrPVPHu3,João Caetano,,10.4M,10400000,Brazil,626.3K,626300,45.6K,45600,966,966,
941,5-Minute Recipes,5-Minute Recipes,,10.4M,10400000,India,44K,44000,331,331,7,7,
942,Playing with Rafael,Playing with Rafael,,10.4M,10400000,Brazil,10.9K,10900,52,52,0,0,
943,bhaktisongs,Shemaroo Bhakti,Music & Dance,10.4M,10400000,India,7.1K,7100,164,164,11,11,
944,TwinRoozi 쌍둥이 루지,TwinRoozi 쌍둥이 루지,Daily vlogs,10.4M,10400000,Indonesia,74.6K,74600,0,0,0,0,
945,"Baby Big Mouth Kids - Sing, Dance, Explore","Baby Big Mouth Kids - Sing, Dance, Explore",Animation,10.4M,10400000,,528,528,4,4,0,0,Toys
946,SaraBeautyCorner,"SaraBeautyCorner - DIY, Comedy, Makeup, Nail Art",DIY & Life Hacks,10.4M,10400000,United States,36.2K,36200,2.8K,2800,93,93,
947,TomorrowlandChannel,Tomorrowland,Music & Dance,10.4M,10400000,Brazil,47.6K,47600,1.7K,1700,82,82,
948,EugenBro,EugenBro,Video games,10.4M,10400000,Russia,258K,258000,15.1K,15100,1.9K,1900,
949,HiTechIslamic,Hi-Tech Islamic Naat,Music & Dance,10.4M,10400000,Pakistan,95.1K,95100,1.1K,1100,77,77,
950,서은일상이야기,서은일상이야기,,10.4M,10400000,,17.6K,17600,107,107,0,0,
951,XO TEAM,XO TEAM,,10.4M,10400000,United States,617.9K,617900,38.6K,38600,264,264,
952,TeremokSongs,Теремок - Песенки для детей,Music & Dance,10.4M,10400000,Russia,98.7K,98700,499,499,0,0,
953,AsapSCIENCE,AsapSCIENCE,Science & Technology,10.4M,10400000,United States,149K,149000,6.8K,6800,338,338,
954,Jugnu Kids - Nursery Rhymes and Best Baby Songs,Jugnu Kids - Nursery Rhymes and Best Baby Songs,Animation,10.4M,10400000,,161.2K,161200,1.3K,1300,0,0,
955,The Daily Show with Trevor Noah,The Daily Show with Trevor Noah,News & Politics,10.4M,10400000,United States,185.9K,185900,7K,7000,402,402,
956,SpriteDer SPD,SpriteDer SPD,Humor,10.4M,10400000,Thailand,4.3M,4300000,152.9K,152900,5.6K,5600,
957,0214mex,はじめしゃちょー（hajime）,Music & Dance,10.4M,10400000,Japan,592.2K,592200,18.5K,18500,1.1K,1100,Humor
958,VYRLOriginals,VYRLOriginals,Music & Dance,10.4M,10400000,India,7.3M,7300000,34K,34000,3.3K,3300,
959,PrimeVideoIN,Prime Video India,Movies,10.4M,10400000,India,77.3K,77300,387,387,25,25,Animation
960,HeeraGoldOfficial,Heera Gold,Daily vlogs,10.3M,10300000,Pakistan,18.9K,18900,791,791,94,94,
961,cleanbandit,Clean Bandit,Music & Dance,10.3M,10300000,United States,76.5K,76500,3.5K,3500,147,147,
962,Survival Builder,Survival Builder,,10.3M,10300000,United States,49.9K,49900,1.5K,1500,112,112,
963,Hindi Countdown,Hindi Countdown,Education,10.3M,10300000,India,1.8M,1800000,35.8K,35800,811,811,
964,Sanam,Sanam,Music & Dance,10.3M,10300000,India,58.7K,58700,6.3K,6300,293,293,Movies
965,Salman Noman,Salman Noman,,10.3M,10300000,India,0,0,0,0,0,0,
966,TopMovieClips,TopMovieClips,Movies,10.3M,10300000,United States,124.5K,124500,2.1K,2100,140,140,Animation
967,SiaVEVO,SiaVEVO,Music & Dance,10.3M,10300000,United States,58.4K,58400,3.7K,3700,405,405,
968,Islam Populer,Islam Populer,Education,10.3M,10300000,Indonesia,25.9K,25900,854,854,63,63,
969,topperguild,Topper Guild,Animation,10.3M,10300000,United States,288.9K,288900,5.9K,5900,680,680,Humor
970,AnandAudio,Anand Audio,,10.3M,10300000,India,175.5K,175500,2.2K,2200,109,109,
971,Wylsacom,Wylsacom,Science & Technology,10.3M,10300000,Russia,291.7K,291700,13K,13000,950,950,News & Politics
972,SONU SHARMA,SONU SHARMA,Education,10.3M,10300000,India,483.2K,483200,28.7K,28700,1K,1000,
973,nikhirschi,Supercar Blondie,Animation,10.3M,10300000,United States,232.7K,232700,6.8K,6800,654,654,
974,JessicaJulioeBaby,Laurinha e Helena - Clubinho da Laura,Movies,10.3M,10300000,Brazil,83.5K,83500,1.4K,1400,0,0,Animation
975,T-STUDIO,T-STUDIO,,10.3M,10300000,Indonesia,8.1K,8100,1K,1000,0,0,
976,ThePersica,Orkun Işıtmak,Animation,10.3M,10300000,Turkey,2.1M,2100000,83.7K,83700,2.7K,2700,
977,123 GO! Hindi,123 GO! Hindi,,10.2M,10200000,India,234.1K,234100,1.7K,1700,20,20,
978,DalasReview,Dalas Review,Science & Technology,10.2M,10200000,Mexico,305.7K,305700,30.9K,30900,4.6K,4600,
979,nhstudioz,NH Studioz,,10.2M,10200000,India,10.6K,10600,71,71,2,2,
980,NFL,NFL,Sports,10.2M,10200000,United States,24.5K,24500,635,635,78,78,
981,ChuChuTV Español,ChuChuTV Español,Toys,10.2M,10200000,,51.4K,51400,358,358,0,0,
982,Sơn Tùng M-TP Official,Sơn Tùng M-TP Official,Music & Dance,10.2M,10200000,United States,100.9K,100900,7.7K,7700,108,108,Animation
983,htv2channel,Vie Channel - HTV2,Music & Dance,10.2M,10200000,United States,40.2K,40200,475,475,58,58,
984,Luan Palomera,Luan Palomera,,10.2M,10200000,Mexico,118.5K,118500,7.1K,7100,369,369,
985,Roshan Zindagi,Roshan Zindagi,Education,10.2M,10200000,India,21.2K,21200,652,652,15,15,
986,Eagle Home Entertainments,Eagle Home Entertainments,,10.2M,10200000,India,724,724,3,3,0,0,
987,مصطفى GAME OVER,مصطفى GAME OVER,,10.1M,10100000,Iraq,564.4K,564400,64.5K,64500,2.7K,2700,
988,GadgetIn,GadgetIn,,10.1M,10100000,Indonesia,1.2M,1200000,28.2K,28200,3.5K,3500,
989,RUOK,RUOK,,10.1M,10100000,Brazil,215.4K,215400,25.2K,25200,1.3K,1300,
990,Sabkuchhsikhojano,Sab Kuchh Sekho Jano,News & Politics,10.1M,10100000,India,11.8K,11800,1.2K,1200,72,72,
991,Harpreet SDC,Harpreet SDC,,10.1M,10100000,India,36.1K,36100,1.3K,1300,49,49,
992,FoxNewsChannel,Fox News,News & Politics,10.1M,10100000,United States,98.4K,98400,4K,4000,884,884,
993,Santa Fe Klan Official,Santa Fe Klan Official,Music & Dance,10.1M,10100000,Mexico,0,0,0,0,0,0,
994,Boram Tube Show,Boram Tube Show,Daily vlogs,10.1M,10100000,,14.8K,14800,95,95,0,0,
995,Diana and Roma PRT,Diana and Roma PRT,,10.1M,10100000,,403.6K,403600,1.3K,1300,0,0,
996,SULE PRODUCTIONS,SULE PRODUCTIONS,,10.1M,10100000,Indonesia,101.5K,101500,2.5K,2500,292,292,
997,Dynamo Gaming,Dynamo Gaming,,10.1M,10100000,India,112.4K,112400,17.8K,17800,677,677,
998,one_Iraqi_Diary,يوميات واحد عراقي | One Iraqi Diary,,10.1M,10100000,Iraq,2.9M,2900000,245.5K,245500,17.2K,17200,
999,ClassicMrBean,Classic Mr Bean,,10.1M,10100000,India,48.3K,48300,624,624,23,23,
1000,Anupam Movie Songs,Anupam Movie Songs,Music & Dance,10.1M,10100000,Bangladesh,41.2K,41200,315,315,18,18,
970,AnandAudio,Anand Audio,,10.3M,10300000,India,175.5K,175500,2.2K,2200,109,109,
971,Wylsacom,Wylsacom,Science & Technology,10.3M,10300000,Russia,291.7K,291700,13K,13000,950,950,News & Politics
986,Eagle Home Entertainments,Eagle Home Entertainments,,10.2M,10200000,India,724,724,3,3,0,0,