S.no,Name,Youtuber,Country, Subscribers, Subscribers,Category_2,Avg. likes,Avg. likes,Avg Comments,Avg Comments,Category_3
1,T-Series,tseries,India,224.4M,224400000,Music & Dance,4.6K,4600,125,125,
2,Cocomelon - Nursery Rhymes,checkgate,,142.5M,142500000,Education,64.8K,64800,0,0,
3,PewDiePie,PewDiePie,United States,111.6M,111600000,Animation,130.5K,130500,7.4K,7400,
4,MrBeast,MrBeast6000,United States,104.1M,104100000,Video games,2.2M,2200000,70.9K,70900,Humor
5,✿ Kids Diana Show,✿ Kids Diana Show,,100.5M,100500000,Animation,34.8K,34800,0,0,Toys
6,Like Nastya,Like Nastya,,100.4M,100400000,Toys,28.1K,28100,0,0,
7,WWE,WWEFanNation,United States,90.8M,90800000,Video games,4.8K,4800,205,205,
8,Zee Music Company,zeemusiccompany,India,87.7M,87700000,Music & Dance,1.4K,1400,54,54,
9,Vlad and Niki,Vlad and Niki,,86.1M,86100000,Animation,14.4K,14400,0,0,Toys
10,BLACKPINK,BLACKPINK,United States,80.3M,80300000,Music & Dance,1.4M,1400000,42K,42000,
11,5-Minute Crafts,5-Minute Crafts,India,77.3M,77300000,,1.8K,1800,77,77,
12,Goldmines,GoldminesTelefilms,India,75.7M,75700000,,2.1K,2100,56,56,
13,Sony SAB,sabtv,India,71.7M,71700000,Movies,924,924,18,18,Animation
14,BANGTANTV,BANGTANTV,India,70.6M,70600000,Music & Dance,743.3K,743300,15.8K,15800,
15,HYBE LABELS,ibighit,United States,68.2M,68200000,Music & Dance,173.1K,173100,4.5K,4500,
16,Canal KondZilla,CanalKondZilla,Brazil,66M,66000000,Music & Dance,1.7K,1700,109,109,
17,Zee TV,zeetv,India,63.4M,63400000,,1.1K,1100,15,15,
18,Shemaroo Filmi Gaane,filmigaane,India,61.8M,61800000,Music & Dance,273,273,14,14,
19,Pinkfong Baby Shark - Kids' Songs & Stories,SmartBooksMedia,,60M,60000000,Animation,1.3K,1300,0,0,Toys
20,ChuChu TV Nursery Rhymes & Kids Songs,ChuChu TV Nursery Rhymes & Kids Songs,,58.4M,58400000,Toys,3.6K,3600,0,0,
21,Dude Perfect,corycotton,United States,58.3M,58300000,Video games,206.7K,206700,7.9K,7900,
22,Movieclips,movieclips,United States,57.8M,57800000,Movies,181,181,11,11,Animation
23,Colors TV,colorstv,India,56M,56000000,,407,407,5,5,
24,Marshmello,Marshmello,United States,55.9M,55900000,Music & Dance,13.2K,13200,729,729,
25,Wave Music,BHOJPURIWAVE,,53.9M,53900000,Music & Dance,857,857,94,94,
26,Tips Official,tipsmusic,India,53.5M,53500000,Music & Dance,2.8K,2800,60,60,
27,Aaj Tak,aajtaktv,India,53.4M,53400000,News & Politics,138,138,11,11,
28,EminemMusic,EminemMusic,United States,53.3M,53300000,Movies,90.6K,90600,5.3K,5300,Animation
29,T-Series Bhakti Sagar,tseriesbhakti,India,53.3M,53300000,Music & Dance,1.3K,1300,53,53,
30,Sony Music India,sonymusicindiaSME,India,53M,53000000,Music & Dance,15.9K,15900,1.1K,1100,
31,Ed Sheeran,EdSheeran,United States,52.4M,52400000,Music & Dance,20.9K,20900,1.1K,1100,
32,El Reino Infantil,ReinoMariaElenaWalsh,,52.3M,52300000,Music & Dance,894,894,0,0,
33,LooLoo Kids - Nursery Rhymes and Children's Songs,LooLooKids,United States,50.2M,50200000,Music & Dance,5.7K,5700,0,0,
34,YRF,yrf,India,48.2M,48200000,Music & Dance,3.4K,3400,19,19,Movies
35,BillionSurpriseToys - English Kids Songs & Cartoon,BillionSurpriseToys - English Kids Songs & Cartoon,,47.3M,47300000,Toys,0,0,0,0,
36,Infobells - Hindi,infobellshindirhymes,India,46.4M,46400000,Education,4.8K,4800,0,0,
37,JuegaGerman,JuegaGerman,Mexico,46.4M,46400000,Movies,114.4K,114400,3.9K,3900,Animation
38,Badabun,Badabun,Mexico,45.8M,45800000,,447,447,8,8,
39,Fernanfloo,Fernanfloo,Mexico,45.2M,45200000,Animation,0,0,26.6K,26600,Video games
40,Felipe Neto,felipeneto,Brazil,44.4M,44400000,,124.5K,124500,1.3K,1300,
41,BRIGHT SIDE,BRIGHT SIDE,United States,44M,44000000,Animation,1.4K,1400,116,116,
42,whinderssonnunes,whinderssonnunes,Brazil,44M,44000000,Music & Dance,58.8K,58800,1.6K,1600,Animation
43,Você Sabia?,vcsabiavideos,Brazil,43.5M,43500000,,46.4K,46400,228,228,
44,Bad Bunny,Bad Bunny,Mexico,43.3M,43300000,Music & Dance,1.4M,1400000,62K,62000,Movies
45,SonyMusicIndiaVEVO,sonymusicindiaVEVO,India,43.2M,43200000,Music & Dance,2.4K,2400,93,93,
46,Get Movies,getmovies,,41.9M,41900000,,375,375,0,0,
47,A4,A4,Russia,41.7M,41700000,Animation,483.6K,483600,30.4K,30400,Humor
48,Like Nastya Show,Like Nastya Show,,41.6M,41600000,Animation,786,786,0,0,Toys
49,Speed Records,speedrecordss,India,41.1M,41100000,Music & Dance,1.5K,1500,76,76,
50,ABS-CBN Entertainment,ABSCBNOnline,Philippines,41M,41000000,,19,19,0,0,
51,Shemaroo,ShemarooEnt,India,40.6M,40600000,,65,65,4,4,
52,elrubiusOMG,elrubiusOMG,Spain,40.5M,40500000,Animation,0,0,0,0,Video games
53,Little Baby Bum - Nursery Rhymes & Kids Songs,LittleBabyBum,,39.8M,39800000,Animation,532,532,0,0,Toys
54,Voot Kids,Voot Kids,,39.4M,39400000,Movies,11.8K,11800,0,0,Animation
55,Luisito Comunica,LuisitoComunicaa,Mexico,39.4M,39400000,,124.2K,124200,3.9K,3900,
56,Маша и Медведь,MashaMedvedTV,,38.9M,38900000,Education,7.8K,7800,0,0,
57,TheEllenShow,TheEllenShow,United States,38.3M,38300000,,411,411,40,40,
58,Ishtar Music,venus,India,38.1M,38100000,Music & Dance,1.3K,1300,17,17,
59,LUCCAS NETO - LUCCAS TOON,luccasneto,Brazil,37.9M,37900000,Movies,16.4K,16400,0,0,Animation
60,GR6 EXPLODE,gr6explode,Brazil,37.9M,37900000,Music & Dance,4.8K,4800,133,133,
61,Kimberly Loaiza,Kimberly Loaiza,Mexico,37.5M,37500000,Daily vlogs,389.7K,389700,4.1K,4100,
62,Shakira,shakira,United States,37.5M,37500000,,0,0,2.4K,2400,
63,WorkpointOfficial,WorkpointOfficial,Thailand,37.3M,37300000,,168,168,5,5,
64,Daddy Yankee,DaddyYankeeOFFTV,Colombia,36.9M,36900000,Music & Dance,0,0,0,0,
65,Toys and Colors,Toys and Colors,,36.9M,36900000,Movies,4.5K,4500,0,0,Toys
66,CarryMinati,AddictedA1,India,36.7M,36700000,Movies,4.4M,4400000,170.9K,170900,Humor
67,TEDx Talks,TEDxTalks,United States,36.2M,36200000,,4,4,0,0,
68,shfa2 - شفا,shfa2 - شفا,,36.1M,36100000,Daily vlogs,3.2K,3200,0,0,
69,shfa,shfa,France,36.1M,36100000,Daily vlogs,52.9K,52900,0,0,
70,Jkk Entertainment,Jkk Entertainment,India,36M,36000000,,32.6K,32600,450,450,
71,Masha and The Bear,Masha and The Bear,,35.7M,35700000,Animation,7.6K,7600,0,0,Toys
72,Super Simple Songs - Kids Songs,SuperSimpleSongs,,35.6M,35600000,Music & Dance,3.8K,3800,0,0,
73,Ozuna,Ozuna,United States,35.3M,35300000,Music & Dance,116.7K,116700,4.1K,4100,
74,Goldmines Gaane Sune Ansune,Goldmines Gaane Sune Ansune,India,34.8M,34800000,Music & Dance,271,271,14,14,
75,one31,gmmonetv,Thailand,34.6M,34600000,,127,127,2,2,
76,Mikecrack,Mikecrack,Mexico,34.5M,34500000,Movies,334.8K,334800,6.1K,6100,Animation
77,Like Nastya ESP,Like Nastya ESP,,34.1M,34100000,,1.2K,1200,0,0,
78,Maria Clara & JP,Maria Clara & JP,,33.6M,33600000,,40K,40000,0,0,
79,YouTube,YouTube,United States,33.6M,33600000,,0,0,0,0,
80,Markiplier,markiplierGAME,United States,33.6M,33600000,Animation,145.9K,145900,5.8K,5800,Video games
81,VEGETTA777,vegetta777,Mexico,33.6M,33600000,Video games,57.4K,57400,416,416,
82,Total Gaming,Total Gaming,India,33.5M,33500000,,127.4K,127400,6.3K,6300,
83,ARY Digital HD,ARY Digital HD,Pakistan,33.5M,33500000,,121,121,6,6,
84,ABP NEWS,abpnewstv,India,33.5M,33500000,News & Politics,43,43,4,4,
85,Desi Music Factory,Desi Music Factory,India,33.2M,33200000,Music & Dance,4.4K,4400,2.5K,2500,
86,Ultra Bollywood,UltraHindi,India,33.1M,33100000,,217,217,9,9,
87,Sony PAL,sonypalindia,India,33.1M,33100000,,104,104,8,8,
88,Geet MP3,Geet MP3,India,33.1M,33100000,Music & Dance,22.8K,22800,1.2K,1200,
89,NoCopyrightSounds,NoCopyrightSounds,United States,32.9M,32900000,Music & Dance,15.6K,15600,1.2K,1200,
90,Ryan's World,Ryan's World,,32.9M,32900000,Animation,4.1K,4100,0,0,Toys
91,HAR PAL GEO,harpalgeo,Pakistan,32.8M,32800000,,44,44,2,2,
92,SSSniperWolf,SSSniperWolf,United States,32.7M,32700000,Humor,107.2K,107200,6.9K,6900,
93,T-Series Apna Punjab,tseriesapnapunjab,India,32.6M,32600000,Music & Dance,1.6K,1600,31,31,
94,IndiaTV,IndiaTV,India,32.4M,32400000,News & Politics,134,134,12,12,
95,KHANDESHI MOVIES,KHANDESHI MOVIES,India,32.3M,32300000,,36.7K,36700,579,579,
96,La Granja de Zenón,cancionesdelagranja,,31.8M,31800000,Music & Dance,2.9K,2900,0,0,Animation
97,GENIAL,GENIAL,Mexico,31.5M,31500000,Animation,1.8K,1800,68,68,
98,Eros Now Music,erosentertainment,India,31.2M,31200000,,552,552,22,22,
99,Galinha Pintadinha,juptube,,31.1M,31100000,Music & Dance,64.9K,64900,0,0,
100,Bollywood Classics,tseriesoldisgold,India,31M,31000000,Music & Dance,547,547,28,28,
101,Luis Fonsi,Luis Fonsi,United States,31M,31000000,,3.1K,3100,69,69,
102,SMTOWN,SMTOWN,United States,31M,31000000,Music & Dance,51.4K,51400,1.6K,1600,
103,Selena Gomez,SelGomez,United States,30.9M,30900000,,38.6K,38600,796,796,
104,Mr Bean,MrBean,India,30.8M,30800000,,2.7K,2700,80,80,
105,Rajshri,rajshri,India,30.6M,30600000,,145,145,8,8,
106,Ricis Official,Ricis Official,Indonesia,30.6M,30600000,Music & Dance,27.3K,27300,789,789,Movies
107,Trap Nation,AllTrapNation,United States,30.4M,30400000,Music & Dance,2.6K,2600,96,96,
108,DisneyMusicVEVO,DisneyMusicVEVO,United States,30.3M,30300000,Music & Dance,6.1K,6100,393,393,Movies
109,The Tonight Show Starring Jimmy Fallon,latenight,United States,30.2M,30200000,Movies,5.6K,5600,171,171,Humor
110,Saregama Music,SongsOfIndianCinema,India,30.1M,30100000,Music & Dance,967,967,11,11,
111,AH,AH,Indonesia,30M,30000000,Music & Dance,37.3K,37300,2.6K,2600,Movies
112,Spinnin' Records,SpinninRec,United States,29.8M,29800000,Music & Dance,2.6K,2600,74,74,
113,rezendeevil,rezendeevil,Brazil,29.6M,29600000,Movies,28.5K,28500,742,742,Humor
114,BabyBus - Kids Songs and Cartoons,BabyBus - Kids Songs and Cartoons,,29.6M,29600000,Animation,4.5K,4500,0,0,Toys
115,The Weeknd,xoxxxoooxo,United States,29.5M,29500000,Music & Dance,50.1K,50100,2.4K,2400,
116,Jingle Toons,Jingle Toons,India,29.1M,29100000,,830,830,10,10,
117,PowerKids TV,PowerKids,India,29.1M,29100000,Movies,0,0,0,0,Animation
118,Worldwide Records Bhojpuri,WWRBhojpuri,India,29M,29000000,Music & Dance,2.3K,2300,103,103,
119,ImagineDragons,ImagineDragons,United States,28.8M,28800000,Music & Dance,13.7K,13700,151,151,
120,Vlad và Nikita,Vlad và Nikita,,28.8M,28800000,Movies,24.6K,24600,0,0,Humor
121,MrBeast Gaming,MrBeast Gaming,United States,28.8M,28800000,Animation,419.9K,419900,16.5K,16500,Video games
122,Ultra Music,UltraRecords,United States,28.8M,28800000,Music & Dance,824,824,41,41,
123,jacksepticeye,jacksepticeye,United States,28.8M,28800000,Video games,125.6K,125600,6.2K,6200,
124,Maluma,Maluma,Colombia,28.8M,28800000,Music & Dance,2.6K,2600,202,202,
125,Techno Gamerz,Techno Gamerz,India,28.6M,28600000,,319.5K,319500,15.4K,15400,
126,Peppa Pig - Official Channel,theofficialpeppa,,28.5M,28500000,Toys,4.2K,4200,0,0,
127,Wow Kidz,Wow Kidz,,28.3M,28300000,Animation,643,643,0,0,Humor
128,قناة طيور الجنة | toyoraljanahtv,toyoraljanahtv,,28.3M,28300000,Music & Dance,0,0,0,0,
129,DONA 도나,DONA 도나,United States,28.2M,28200000,,0,0,0,0,
130,Talking Tom,TalkingTomCat,United States,28.1M,28100000,,839,839,0,0,
131,Little Angel: Nursery Rhymes & Kids Songs,Little Angel: Nursery Rhymes & Kids Songs,,28M,28000000,Toys,7.4K,7400,0,0,
132,KAROL G,Karolgmusic,Colombia,28M,28000000,Music & Dance,1.7M,1700000,96.2K,96200,
133,The Late Late Show with James Corden,TheLateLateShow,United States,28M,28000000,Animation,2.3K,2300,130,130,Humor
134,GMANetwork,GMANETWORK,Philippines,27.9M,27900000,,78,78,2,2,
135,MR. INDIAN HACKER,MR. INDIAN HACKER,India,27.4M,27400000,,451.9K,451900,18.5K,18500,
136,TheDonato,TheDonato,Mexico,27.3M,27300000,,34.2K,34200,678,678,
137,Zee News,zeenews,India,27.2M,27200000,News & Politics,202,202,14,14,
138,infobells - Tamil,infobellstamil,,27.2M,27200000,Education,1.8K,1800,0,0,
139,Genevieve's Playhouse - Learning Videos for Kids,Genevieve's Playhouse - Learning Videos for Kids,,27.1M,27100000,Toys,1.2K,1200,0,0,
140,Diana and Roma ESP,Diana and Roma ESP,,26.7M,26700000,Animation,3.9K,3900,0,0,
141,ToypuddingTV,toypudding,India,26.6M,26600000,,32,32,1,1,
142,व्लाद और निकिता,व्लाद और निकिता,,26.6M,26600000,,3.9K,3900,0,0,
143,Bounce Patrol - Kids Songs,Bounce Patrol - Kids Songs,,26.6M,26600000,Music & Dance,5.9K,5900,0,0,
144,Aditya Music,adityamusic,India,26.5M,26500000,Music & Dance,359,359,17,17,
145,infobells - Telugu,infobellstelugu,,26.4M,26400000,Education,1.4K,1400,0,0,
146,enchufetv,enchufetv,Ecuador,26.4M,26400000,,14.4K,14400,71,71,
147,DanTDM,TheDiamondMinecart,United States,26.3M,26300000,Video games,48.4K,48400,5.1K,5100,
148,WORLDSTARHIPHOP,WorldStarHipHopTV,United States,26.1M,26100000,Music & Dance,1.1K,1100,86,86,
149,toycantando,toycantando,,25.9M,25900000,Music & Dance,481,481,0,0,Animation
150,VanossGaming,VanossGaming,United States,25.8M,25800000,Animation,45.6K,45600,647,647,Video games
151,1MILLION Dance Studio,1MILLION Dance Studio,India,25.7M,25700000,,2.5K,2500,36,36,
152,Renato Garcia,xSkyHeLLxx,Brazil,25.7M,25700000,Movies,97.9K,97900,1.5K,1500,Animation
153,LosPolinesios,LosPolinesios,Mexico,25.7M,25700000,Music & Dance,62K,62000,2.2K,2200,Movies
154,JYP Entertainment,jypentertainment,United States,25.5M,25500000,Music & Dance,24.1K,24100,1.3K,1300,
155,BB Ki Vines,BB Ki Vines,India,25.5M,25500000,Movies,870.8K,870800,73.3K,73300,Humor
156,Lucas and Marcus,TwiNboTzVids,United States,25.5M,25500000,Animation,25.7K,25700,1.2K,1200,Humor
157,Nick Jr.,nickelodeonjuniorfr,,25.4M,25400000,Animation,241,241,0,0,Toys
158,Smosh,smosh,United States,25.1M,25100000,Movies,12.6K,12600,437,437,Humor
159,Beyoncé,beyonce,United States,25.1M,25100000,Music & Dance,221.4K,221400,12.5K,12500,
160,Jess No Limit,Jess No Limit,Indonesia,24.9M,24900000,Movies,11.7K,11700,897,897,Animation
161,Goldmines Dishoom,Goldmines Dishoom,,24.8M,24800000,,327,327,0,0,
162,WatchMojo.com,WatchMojo,United States,24.7M,24700000,Movies,2.5K,2500,310,310,
163,Nicki Minaj,NickiMinajTelevision,United States,24.7M,24700000,Music & Dance,32.7K,32700,2.4K,2400,
164,Sandeep Maheshwari,Sandeep Maheshwari,India,24.7M,24700000,Daily vlogs,28K,28000,172,172,
165,Masha y el Oso,Masha y el Oso,,24.5M,24500000,Animation,3.5K,3500,0,0,
166,Netflix,NewOnNetflix,United States,24.5M,24500000,Movies,3.4K,3400,321,321,Animation
167,Raffy Tulfo in Action,Raffy Tulfo in Action,Philippines,24.5M,24500000,News & Politics,10.5K,10500,1K,1000,
168,David Guetta,davidguettavevo,Brazil,24.5M,24500000,Music & Dance,6.5K,6500,369,369,
169,Post Malone,postmalone,United States,24.5M,24500000,Music & Dance,9.8K,9800,573,573,
170,ZHC,ZHC,United States,24.5M,24500000,Design/art,0,0,0,0,DIY & Life Hacks
171,1theK (원더케이),LOENENT,Indonesia,24.3M,24300000,,1.1K,1100,49,49,
172,Rans Entertainment,Rans Entertainment,Indonesia,24.2M,24200000,Music & Dance,29.7K,29700,737,737,Humor
173,Amit Bhadana,Amit Bhadana,India,24.2M,24200000,Humor,0,0,0,0,
174,Chloe Ting,Chloe Ting,United States,24.1M,24100000,Fitness,10.7K,10700,374,374,Health & Self Help
175,Aditya Movies,adityacinema,India,24.1M,24100000,,496,496,17,17,
176,KSI,KSIOlajidebt,United Kingdom,24.1M,24100000,Music & Dance,51.7K,51700,1.8K,1800,
177,James Charles,James Charles,United States,23.9M,23900000,Beauty,65.3K,65300,1.4K,1400,Fashion
178,Ninja,NinjasHyper,United States,23.9M,23900000,Animation,11.3K,11300,613,613,Video games
179,Diana and Roma HIN,Diana and Roma HIN,,23.7M,23700000,,1.7K,1700,0,0,
180,Chris Brown,ChrisBrownTV,United States,23.7M,23700000,Music & Dance,361.3K,361300,19.3K,19300,
181,Coldplay,ColdplayVEVO,United States,23.6M,23600000,Music & Dance,13.7K,13700,600,600,
182,Logan Paul,Logan Paul,United States,23.6M,23600000,Video games,0,0,0,0,Humor
183,TRANS7 OFFICIAL,TRANS7indonesia,Indonesia,23.5M,23500000,Food & Drinks,89,89,8,8,
184,ABPLIVE,ABPLIVE,India,23.5M,23500000,News & Politics,28,28,3,3,
185,Happy Lives,Happy Lives,,23.5M,23500000,,218,218,0,0,
186,Shemaroo Movies,shemaroomovies,India,23.4M,23400000,,474,474,12,12,
187,Troom Troom,Troom Troom,,23.4M,23400000,Animation,3.5K,3500,128,128,Toys
188,NickyJamTV,NickyJamTV,Colombia,23.3M,23300000,Music & Dance,2.3K,2300,65,65,Movies
189,Mister Max,Mister Max,Russia,23.1M,23100000,DIY & Life Hacks,34.8K,34800,1.3K,1300,
190,Enrique Iglesias,EnriqueIglesiasPlay,United States,23M,23000000,Music & Dance,2.8K,2800,155,155,
191,Sesame Street,SesameStreet,,23M,23000000,,517,517,0,0,
192,Tina Pontes,mildicasdemulher,Brazil,23M,23000000,,4K,4000,0,0,
193,netd müzik,netdmuzikk,Turkey,22.9M,22900000,Music & Dance,244,244,50,50,
194,Jelly,JellyYT,United States,22.9M,22900000,Video games,10.3K,10300,531,531,
195,Goldmines Bollywood,Goldmines Bollywood,India,22.9M,22900000,,117,117,7,7,
196,Crazy XYZ,Crazy XYZ,India,22.9M,22900000,,294.1K,294100,10.2K,10200,
197,Anuel AA,Anuel AA,Colombia,22.7M,22700000,Music & Dance,832.6K,832600,58.2K,58200,Animation
198,DrossRotzank,DrossRotzank,Mexico,22.7M,22700000,,150.2K,150200,8.4K,8400,
199,The Lallantop,The Lallantop,India,22.6M,22600000,News & Politics,1K,1000,107,107,
200,Miss Katy,Miss Katy,Russia,22.5M,22500000,Video games,15.6K,15600,667,667,
201,Frost Diamond,Frost Diamond,Indonesia,22.5M,22500000,Music & Dance,35.1K,35100,1.2K,1200,Video games
202,HUM TV,HumNetwork,Pakistan,22.5M,22500000,,10,10,0,0,
203,Like Nastya AE,Like Nastya AE,,22.4M,22400000,,3K,3000,0,0,
204,WB Kids,WB Kids,,22.4M,22400000,Movies,559,559,0,0,Animation
205,The Chainsmokers,THECHAINSMOKERS,United States,22.3M,22300000,Humor,1.7K,1700,47,47,
206,Technical Guruji,Technical Guruji,India,22.3M,22300000,,10.5K,10500,1.2K,1200,
207,GMM GRAMMY OFFICIAL,gmmgrammyofficial,Thailand,22.3M,22300000,Music & Dance,72,72,3,3,
208,Venus Movies,VenusMovies,India,22.2M,22200000,,1.2K,1200,29,29,
209,Smile Family,Smile Family,,22.1M,22100000,Movies,719,719,0,0,Toys
210,mmoshaya,mmoshaya,Saudi Arabia,22.1M,22100000,,33.1K,33100,2.2K,2200,
211,America's Got Talent,AmericasGotTalent,United States,21.9M,21900000,Music & Dance,4.2K,4200,246,246,Movies
212,White Hill Music,WHBBP,India,21.9M,21900000,Music & Dance,1.7K,1700,54,54,
213,Paulo Londra,Paulo Londra,Argentina,21.9M,21900000,Music & Dance,682.9K,682900,24.7K,24700,
214,Diana and Roma ARA,Diana and Roma ARA,,21.9M,21900000,,8.2K,8200,0,0,
215,TED,TEDtalksDirector,United States,21.9M,21900000,,1.3K,1300,162,162,
216,Goldmines Movies,goldmineshindi,India,21.7M,21700000,,81,81,5,5,
217,FaZe Rug,oRugrat,United States,21.7M,21700000,Video games,106.2K,106200,7.3K,7300,Humor
218,Peppa Pig Español Latino - Canal Oficial,PeppaLatinoAmericano,,21.6M,21600000,Toys,3.2K,3200,0,0,
219,Pen Movies,PenIndiaPvtLimited,India,21.6M,21600000,Movies,2.5K,2500,79,79,Animation
220,Enaldinho,TheEnaldinhO,Brazil,21.6M,21600000,Movies,43.8K,43800,656,656,
221,BabyBus - Canciones Infantiles & Cuentos,BabyBus - Canciones Infantiles & Cuentos,,21.4M,21400000,Movies,2.3K,2300,0,0,Animation
222,MrBeast en Español,MrBeast en Español,Mexico,21.2M,21200000,,265.6K,265600,10.1K,10100,
223,Like Nastya PRT,Like Nastya PRT,,21.2M,21200000,,2.2K,2200,0,0,
224,Juan De Dios Pantoja,Juan De Dios Pantoja,Mexico,21.2M,21200000,Daily vlogs,237.3K,237300,4.4K,4400,
225,SSundee,SSundee,United States,21.1M,21100000,Video games,95.1K,95100,3.7K,3700,
226,Brent Rivera,Brent Rivera,United States,21.1M,21100000,Video games,201.9K,201900,13.1K,13100,Humor
227,Tasty,Tasty,United States,21.1M,21100000,Food & Drinks,4.3K,4300,64,64,
228,FGTeeV,FGTeeV,United States,21.1M,21100000,Animation,18.5K,18500,2K,2000,Video games
229,Preston,PrestonPlayz,United States,21M,21000000,Animation,53.2K,53200,521,521,Video games
230,Charlie Puth,CharliesVlogs,United States,21M,21000000,Music & Dance,59.8K,59800,2.2K,2200,
231,5-Minute Crafts DIY,5-Minute Crafts DIY,India,20.9M,20900000,Music & Dance,303,303,9,9,Humor
232,D Billions,D Billions,,20.9M,20900000,,1.2K,1200,0,0,
233,Baim Paula,Baim Paula,Indonesia,20.9M,20900000,Music & Dance,27.1K,27100,2.1K,2100,Movies
234,Goldmines Cineplex,Goldmines Cineplex,India,20.8M,20800000,,84,84,3,3,
235,Canal Canalha,CanalCanalha,Brazil,20.7M,20700000,Sports,146.9K,146900,4.1K,4100,
236,Kids TV - Nursery Rhymes And Baby Songs,Kids TV - Nursery Rhymes And Baby Songs,,20.7M,20700000,Toys,379,379,0,0,
237,National Geographic,NationalGeographic,United States,20.5M,20500000,,1.6K,1600,57,57,
238,Disney Latinoamérica,DisneyChannelLA,,20.5M,20500000,,129,129,0,0,
239,Brave Wilderness,Brave Wilderness,United States,20.5M,20500000,,32.2K,32200,3.1K,3100,
240,Family GamesTV,Family GamesTV,,20.5M,20500000,,0,0,0,0,
241,StarPlus,starplus,India,20.5M,20500000,,5.6K,5600,69,69,
242,Ultra Movie Parlour,UltraMovieParlour,India,20.3M,20300000,,910,910,15,15,
243,BuzzFeedVideo,BuzzFeedVideo,United States,20.3M,20300000,Food & Drinks,824,824,23,23,
244,AuthenticGames,AuthenticGames,Brazil,20.2M,20200000,Movies,2K,2000,114,114,Video games
245,Rotana,RotanaAudio,Saudi Arabia,20.1M,20100000,Music & Dance,7.2K,7200,172,172,
246,LazarBeam,LazarBeam,United States,20.1M,20100000,Animation,0,0,0,0,Video games
247,shfa show India,shfa show India,,20.1M,20100000,Daily vlogs,9.4K,9400,0,0,
248,SlivkiShow,SlivkiChanel,Russia,20.1M,20100000,Video games,195.9K,195900,21.9K,21900,
249,5-Minute Crafts PLAY,5-Minute Crafts PLAY,India,20.1M,20100000,,297,297,14,14,
250,REACT,TheFineBros,United States,20.1M,20100000,Humor,5.4K,5400,400,400,
251,Vevo,VEVO,United States,20.1M,20100000,Music & Dance,415,415,5,5,
252,HaerteTest,HaerteTest,India,20M,20000000,,151,151,32,32,
253,LankyBox,LankyBox,United States,20M,20000000,Video games,6.6K,6600,360,360,
254,Lyrical Lemonade,GooodLifeFilms,United States,19.9M,19900000,,60.2K,60200,2.9K,2900,
255,Tlnovelas,TelenovelaTelevisa,Mexico,19.9M,19900000,,282,282,8,8,
256,Mnet K-POP,Mnet,United States,19.9M,19900000,Music & Dance,900,900,33,33,Animation
257,Pencilmation,rossbollinger,United States,19.9M,19900000,Animation,2.5K,2500,76,76,Humor
258,Totoy kids - Português,Totoy kids - Português,,19.9M,19900000,Animation,4.6K,4600,0,0,
259,Vlad and Niki Arabic,Vlad and Niki Arabic,,19.9M,19900000,,6.5K,6500,0,0,
260,toyorbabytv,toyorbabytv,,19.8M,19800000,Music & Dance,0,0,0,0,
261,Pentatonix,PTXofficial,United States,19.7M,19700000,Music & Dance,5.7K,5700,103,103,
262,Dr. Vivek Bindra: Motivational Speaker,MrVivekBindra,India,19.7M,19700000,Education,9.4K,9400,608,608,
263,Romeo Santos,romeo,United States,19.7M,19700000,Music & Dance,38.1K,38100,1.6K,1600,
264,Marvel Entertainment,MARVEL,United States,19.7M,19700000,Movies,12.1K,12100,786,786,Animation
265,Noor Stars,Noor Stars,Iraq,19.6M,19600000,Movies,131.1K,131100,6.5K,6500,Humor
266,Got Talent Global,gottalentglobal,United States,19.5M,19500000,,1.4K,1400,57,57,
267,★ Kids Roma Show,★ Kids Roma Show,,19.5M,19500000,Animation,8.3K,8300,0,0,Toys
268,Gordon Ramsay,gordonramsay,United States,19.5M,19500000,Food & Drinks,3.9K,3900,320,320,Health & Self Help
269,Deddy Corbuzier,corbuzierprediction,Indonesia,19.5M,19500000,,70.7K,70700,8.1K,8100,
270,Kinder Spielzeug Kanal,Kinder Spielzeug Kanal,,19.4M,19400000,Animation,852,852,0,0,Toys
271,Troom Troom Es,Troom Troom Es,Mexico,19.3M,19300000,,2.5K,2500,72,72,
272,Infinite,Infinite,United States,19.3M,19300000,Video games,25.3K,25300,2.4K,2400,Humor
273,Eva Bravo Play,Eva Bravo Play,,19.3M,19300000,,3.4K,3400,0,0,
274,Robin Hood Gamer,RobinHoodGamer1,Brazil,19.3M,19300000,Animation,51.4K,51400,784,784,Video games
275,Kurzgesagt – In a Nutshell,Kurzgesagt,United States,19.3M,19300000,Education,329.7K,329700,24.7K,24700,
276,Fatos Desconhecidos,fatosdesconhecidos,Brazil,19.2M,19200000,Science & Technology,19K,19000,683,683,
277,Beast Reacts,Beast Reacts,United States,19.1M,19100000,,389.7K,389700,7.1K,7100,
278,Sun TV,Sun TV,India,19.1M,19100000,,1.6K,1600,19,19,
279,Crafty Panda,Crafty Panda,India,19.1M,19100000,Music & Dance,571,571,15,15,
280,NBA,NBA,United States,19.1M,19100000,Sports,1.7K,1700,119,119,
281,DLS News,DLS News,India,19M,19000000,News & Politics,1.7K,1700,104,104,
282,Clash of Clans,OfficialClashOfClans,United States,18.9M,18900000,Movies,14K,14000,394,394,Animation
283,invictor,invictorgs3,Mexico,18.9M,18900000,Animation,70.2K,70200,982,982,Video games
284,Netflix India,Netflix India,India,18.9M,18900000,,2.8K,2800,105,105,
285,Jimmy Kimmel Live,JimmyKimmelLive,United States,18.9M,18900000,Movies,3.4K,3400,257,257,
286,The ACE Family,The ACE Family,United States,18.9M,18900000,Humor,26K,26000,2.5K,2500,
287,Green Gold TV - Official Channel,greengoldtv,,18.8M,18800000,,7.4K,7400,0,0,
288,Britain's Got Talent,BritainsGotTalent09,United Kingdom,18.7M,18700000,Music & Dance,1.1K,1100,44,44,Movies
289,TRT Originals Urdu,TRT Originals Urdu,Pakistan,18.7M,18700000,,13.6K,13600,328,328,
290,AS Gaming,AS Gaming,India,18.7M,18700000,,32.7K,32700,1.1K,1100,
291,TheWillyrex,TheWillyrex,Spain,18.6M,18600000,,1.5K,1500,0,0,
292,The Royalty Family,The Royalty Family,United States,18.5M,18500000,Humor,90.2K,90200,0,0,
293,Vania Mania Kids,Vania Mania Kids,,18.5M,18500000,Animation,1.7K,1700,0,0,Toys
294,CookieSwirlC,CookieSwirlC,United States,18.5M,18500000,Video games,3.3K,3300,535,535,
295,Official Pink Panther,PinkPanther,,18.4M,18400000,Movies,4.8K,4800,0,0,Animation
296,Sonotek,sonotekvideo,India,18.4M,18400000,Music & Dance,655,655,58,58,Animation
297,BabyBus - Cerita & Lagu Anak-anak,BabyBus - Cerita & Lagu Anak-anak,,18.4M,18400000,Movies,4.5K,4500,0,0,Humor
298,KBS WORLD TV,kbsworld,Indonesia,18.4M,18400000,,137,137,6,6,
299,MiawAug,MiawAug,Indonesia,18.4M,18400000,Video games,35.4K,35400,2.1K,2100,
300,CKN,CKN,,18.3M,18300000,Video games,1.4K,1400,0,0,Toys
301,HiMan,HiMan,Russia,18.3M,18300000,Video games,76.9K,76900,2.4K,2400,
302,ElTrollino,ElTrollino,Mexico,18.3M,18300000,Animation,102.6K,102600,2.8K,2800,Video games
303,Unbox Therapy,Unbox Therapy,United States,18.3M,18300000,Science & Technology,28.2K,28200,3.3K,3300,
304,Turma da Mônica,turmadamonicaTV,,18.2M,18200000,,1.2K,1200,0,0,
305,Diana and Roma EN,TheElenaYa,,18.2M,18200000,Animation,2.8K,2800,0,0,Toys
306,Heidi & Zidane बच्चों की कहानियाँ,Heidi & Zidane बच्चों की कहानियाँ,,18.2M,18200000,Daily vlogs,1.3K,1300,0,0,
307,Ninja Kidz TV,Ninja Kidz TV,United States,18.2M,18200000,Video games,18.8K,18800,1.3K,1300,
308,INCRÍVEL,INCRÍVEL,,18.2M,18200000,Animation,1.3K,1300,33,33,
309,TheOdd1sOut,TheOdd1sOut,United States,18.1M,18100000,Movies,44.2K,44200,1.6K,1600,Animation
310,Dan-Sa / Daniel Saboya,DanielSaboya,Brazil,18.1M,18100000,Music & Dance,1.3K,1300,48,48,Animation
311,Emiway Bantai,Emiway Bantai,India,18.1M,18100000,Music & Dance,208.5K,208500,23.6K,23600,
312,GEN HALILINTAR,GEN HALILINTAR,Indonesia,18.1M,18100000,Music & Dance,10.4K,10400,238,238,Humor
313,Мирошка ТВ,Мирошка ТВ,United States,18.1M,18100000,,87,87,3,3,
314,Vsauce,Vsauce,United States,18.1M,18100000,Science & Technology,17.6K,17600,489,489,
315,Farruko,farrukotv,United States,18.1M,18100000,Music & Dance,39.6K,39600,1.8K,1800,
316,Kids Channel India - Hindi Rhymes and Baby Songs,Kids Channel India - Hindi Rhymes and Baby Songs,,18M,18000000,Education,1K,1000,0,0,
317,SCTV,SCTVIndonesia,Indonesia,17.9M,17900000,Music & Dance,410,410,23,23,Movies
318,Village Cooking Channel,Village Cooking Channel,India,17.9M,17900000,,262.5K,262500,5.5K,5500,
319,Like Nastya Vlog,Like Nastya Vlog,,17.9M,17900000,Daily vlogs,1.8K,1800,0,0,
320,Good Mythical Morning,rhettandlink2,United States,17.9M,17900000,Food & Drinks,34.6K,34600,1.4K,1400,
321,Naisa Alifia Yuriza (N.A.Y),Naisa Alifia Yuriza (N.A.Y),Indonesia,17.9M,17900000,Music & Dance,35.5K,35500,596,596,Movies
322,Lil Pump,Lil Pump,United States,17.9M,17900000,Music & Dance,77.6K,77600,8.1K,8100,
323,Demi Lovato,therealdemilovato,United States,17.8M,17800000,Music & Dance,5.3K,5300,136,136,
324,Marmok,dj47maryn,Russia,17.8M,17800000,Animation,377.1K,377100,17.6K,17600,Video games
325,RsiamMusic : อาร์สยาม,rsiammusic,Thailand,17.8M,17800000,Music & Dance,274,274,9,9,
326,Познаватель,ThePoznavatel,Russia,17.7M,17700000,Toys,65.6K,65600,2.4K,2400,DIY & Life Hacks
327,TheGrefg,TheGrefg,Spain,17.7M,17700000,Animation,74.8K,74800,1.3K,1300,Video games
328,Ali-A,Matroix,United States,17.7M,17700000,Video games,13.6K,13600,904,904,
329,Little Angel Español - Canciones Infantiles,Little Angel Español - Canciones Infantiles,,17.7M,17700000,Animation,2.6K,2600,0,0,
330,Vlad and Niki IDN,Vlad and Niki IDN,,17.7M,17700000,Music & Dance,2.5K,2500,0,0,Movies
331,Mother Goose Club Playhouse,SockeyeMedia,,17.7M,17700000,Music & Dance,160,160,0,0,
332,etvteluguindia,etvteluguindia,India,17.6M,17600000,,211,211,3,3,
333,Khan GS Research Centre,Khan GS Research Centre,India,17.6M,17600000,Education,540.4K,540400,23.2K,23200,
334,Sebastián Yatra,SebastianYatra,Colombia,17.6M,17600000,Music & Dance,5.3K,5300,389,389,
335,TED-Ed,TEDEducation,United States,17.5M,17500000,Science & Technology,12.3K,12300,358,358,
336,officialpsy,officialpsy,United States,17.5M,17500000,Music & Dance,258.4K,258400,7.4K,7400,
337,Porta dos Fundos,portadosfundos,Brazil,17.4M,17400000,Movies,73.6K,73600,725,725,Animation
338,Kiddiestv Hindi - Nursery Rhymes & Kids Songs,Kiddiestv Hindi - Nursery Rhymes & Kids Songs,,17.4M,17400000,Education,210,210,0,0,
339,Junya Official Channel,Junya Official Channel,Japan,17.4M,17400000,,24.1K,24100,132,132,
340,RobleisIUTU,RobleisIUTU,Argentina,17.4M,17400000,Movies,57K,57000,1.9K,1900,Animation
341,Maya and Mary,Maya and Mary,,17.4M,17400000,Toys,0,0,0,0,Education
342,Rafa & Luiz,Rafa & Luiz,Brazil,17.4M,17400000,Video games,33K,33000,703,703,
343,Masha e o Urso,Masha e o Urso,,17.4M,17400000,,3.6K,3600,0,0,
344,Stubborn Facts,Stubborn Facts,India,17.3M,17300000,,3.4K,3400,166,166,
345,SQUEEZIE,aMOODIEsqueezie,France,17.3M,17300000,,423K,423000,7.9K,7900,
346,EeOneGuy,EeOneGuy,Russia,17.3M,17300000,Music & Dance,13.2K,13200,5.6K,5600,
347,SUPER SLICK SLIME SAM,SUPER SLICK SLIME SAM,Mexico,17.2M,17200000,,6.7K,6700,176,176,
348,Willyrex,Willyrex,Mexico,17.2M,17200000,Video games,13.2K,13200,66,66,
349,Grammy Gold Official,grammygoldofficia,Thailand,17.2M,17200000,Music & Dance,312,312,9,9,
350,DUDU e CAROL,DUDU e CAROL,Brazil,17.2M,17200000,,188.3K,188300,1.1K,1100,
351,شبكة العاب العرب | Arab Games Network,ArabGamesNetwork,Algeria,17.2M,17200000,,28.2K,28200,1.4K,1400,
352,Sourav Joshi Vlogs,Sourav Joshi Vlogs,India,17M,17000000,Daily vlogs,532.3K,532300,13.9K,13900,
353,IGN,IGNentertainment,United States,17M,17000000,,1K,1000,105,105,
354,Jason Derulo,JasonDerulo,United States,17M,17000000,Music & Dance,4.5K,4500,66,66,
355,Guava Juice,aynakoitsroi,United States,17M,17000000,,6.3K,6300,708,708,
356,7clouds,monstafluffmusicTV,United States,16.9M,16900000,Music & Dance,5.2K,5200,175,175,
357,Jane ASMR 제인,Jane ASMR 제인,United States,16.9M,16900000,Daily vlogs,5.6K,5600,285,285,
358,Anitta,AnittaOficial,Brazil,16.9M,16900000,Music & Dance,132.5K,132500,9.1K,9100,
359,Doggy Doggy Cartoons,kidstvsongs,,16.8M,16800000,,50,50,0,0,
360,Triggered Insaan,Triggered Insaan,India,16.8M,16800000,Humor,521.3K,521300,15.7K,15700,
361,SOMOY TV,SOMOY TV,Bangladesh,16.8M,16800000,Daily vlogs,185,185,13,13,
362,Dhar Mann,Dhar Mann,United States,16.8M,16800000,Health & Self Help,130.7K,130700,6.1K,6100,
363,Dushyant kukreja,Dushyant kukreja,India,16.7M,16700000,,245.3K,245300,531,531,
364,Manual do Mundo,iberethenorio,Brazil,16.7M,16700000,Science & Technology,53.3K,53300,645,645,
365,Shemaroo Comedy,indiancomedy,India,16.7M,16700000,,913,913,26,26,
366,TheBrianMaps,TheBrianMaps,Russia,16.6M,16600000,Video games,204.3K,204300,11.4K,11400,Humor
367,Tu COSMOPOLIS,Tu COSMOPOLIS,Mexico,16.6M,16600000,News & Politics,6.2K,6200,534,534,
368,DeToxoMoroxo,jquintanac5,Mexico,16.6M,16600000,Movies,34.6K,34600,9.1K,9100,Animation
369,Alejo Igoa,Alejo Igoa,Argentina,16.6M,16600000,DIY & Life Hacks,293.5K,293500,76.7K,76700,
370,Goldmines Great Indian Comedy,Goldmines Great Indian Comedy,India,16.6M,16600000,,180,180,9,9,
371,zbing z.,zbingzbing,Thailand,16.5M,16500000,Animation,15.6K,15600,541,541,Video games
372,SonyMusicSouthVEVO,SonyMusicSouthVEVO,,16.5M,16500000,Music & Dance,577,577,21,21,
373,tanboy kun,tanboy kun,Indonesia,16.5M,16500000,Music & Dance,47.5K,47500,2.1K,2100,
374,IDEAS EN 5 MINUTOS,IDEAS EN 5 MINUTOS,Mexico,16.5M,16500000,,335,335,8,8,
375,Apple,Apple,,16.4M,16400000,Music & Dance,27.5K,27500,0,0,Animation
376,Zuni and Family,Zuni and Family,,16.4M,16400000,Daily vlogs,1.3K,1300,0,0,
377,Prajapati News,Prajapati News,India,16.4M,16400000,,1.3K,1300,64,64,
378,Sandra Cires Art,Sandra Cires Art,Colombia,16.4M,16400000,,37.4K,37400,537,537,
379,Blippi - Educational Videos for Kids,Blippi - Educational Videos for Kids,,16.4M,16400000,Education,4.2K,4200,0,0,Toys
380,Sidemen,Sidemen,United Kingdom,16.4M,16400000,Video games,412.2K,412200,10.6K,10600,Humor
381,ExtraPolinesios,ppextras,Mexico,16.4M,16400000,Daily vlogs,5.6K,5600,157,157,
382,Dan Rhodes,Dan Rhodes,India,16.3M,16300000,Animation,119K,119000,409,409,Toys
383,RKD Studios,rkddigital,India,16.3M,16300000,,1.9K,1900,56,56,
384,Antrax,Antrax,Mexico,16.3M,16300000,Video games,41.4K,41400,1.5K,1500,
385,The Game Theorists,MatthewPatrick13,United States,16.2M,16200000,Science & Technology,123.9K,123900,5.9K,5900,
386,Queen Official,queenofficial,United States,16.2M,16200000,Music & Dance,0,0,0,0,Movies
387,Fede Vigevani,Fede Vigevani,Mexico,16.2M,16200000,,202.7K,202700,10.6K,10600,
388,FailArmy,failarmy,United States,16.2M,16200000,Animation,28.6K,28600,2.1K,2100,Humor
389,El Reino a Jugar,El Reino a Jugar,,16.2M,16200000,Education,1.8K,1800,0,0,Toys
390,Katie Angel,Katie Angel,Mexico,16.1M,16100000,,25.9K,25900,173,173,
391,Les' Copaque Production,lescopaque,Indonesia,16.1M,16100000,,878,878,35,35,
392,VICE,vice,United States,16.1M,16100000,News & Politics,5.6K,5600,1.3K,1300,
393,Kaykai Salaider,Kaykai Salaider,Thailand,16.1M,16100000,Movies,103.6K,103600,4.7K,4700,Humor
394,Boyce Avenue,boyceavenue,Brazil,16M,16000000,Music & Dance,11.5K,11500,450,450,
395,Marques Brownlee,marquesbrownlee,United States,16M,16000000,Science & Technology,127K,127000,4.3K,4300,
396,Sony AATH,Sony AATH,Bangladesh,16M,16000000,,1K,1000,40,40,
397,YOLO AVENTURAS,YOLO AVENTURAS,Mexico,16M,16000000,,140.7K,140700,708,708,
398,Zhong,Zhong,United States,16M,16000000,,252.5K,252500,1.5K,1500,
399,jeffreestar,jeffreestar,United States,16M,16000000,Beauty,50K,50000,5.5K,5500,
400,Aayu and Pihu Show,Aayu and Pihu Show,India,16M,16000000,Movies,71.3K,71300,4.2K,4200,Humor
401,DopeLyrics,DopeLyrics,United States,16M,16000000,Music & Dance,272,272,28,28,
402,JJ Olatunji,KSIOlajidebtHD,United States,16M,16000000,,286.4K,286400,11.9K,11900,
403,Zappy Toons - Hindi Nursery Rhymes and Stories,Zappy Toons - Hindi Nursery Rhymes and Stories,,16M,16000000,Education,1.5K,1500,0,0,
404,Smile Family Spanish,Smile Family Spanish,,15.9M,15900000,,2.5K,2500,0,0,
405,Jason Vlogs,Jason Vlogs,,15.9M,15900000,Animation,2.1K,2100,0,0,Toys
406,AMARINTV : อมรินทร์ทีวี,AMARINTV : อมรินทร์ทีวี,Thailand,15.9M,15900000,News & Politics,93,93,7,7,
407,Ivana Alawi,Ivana Alawi,Philippines,15.8M,15800000,Daily vlogs,196.8K,196800,11.6K,11600,
408,Matt Stonie,MegatoadStonie,United States,15.8M,15800000,Food & Drinks,52.3K,52300,2.5K,2500,
409,Pitbull,PitbullMusic,United States,15.8M,15800000,Music & Dance,1.6K,1600,43,43,
410,Caeli YT,CaELiKe,,15.8M,15800000,,1.6K,1600,199,199,
411,News24,News24page,India,15.8M,15800000,News & Politics,110,110,10,10,
412,Pop Chartbusters,popchartbusters,India,15.8M,15800000,Music & Dance,10.1K,10100,37,37,
413,Rotten Tomatoes Trailers,movieclipsTRAILERS,United States,15.8M,15800000,Movies,659,659,71,71,Animation
414,AdMe,AdMe,Russia,15.8M,15800000,Animation,1.5K,1500,81,81,
415,Gato Galactico | GALÁXIA,OGatoGalactico,Brazil,15.6M,15600000,Animation,4.9K,4900,78,78,
416,And TV,And TV,India,15.6M,15600000,,104,104,4,4,
417,Roman Atwood Vlogs,RomanAtwoodVlogs,United States,15.6M,15600000,Movies,0,0,995,995,Humor
418,Dyland PROS,Dyland PROS,Indonesia,15.5M,15500000,Movies,2.1K,2100,98,98,Animation
419,FitDance,portalfitdance,,15.5M,15500000,Music & Dance,1.1K,1100,16,16,
420,RCTI - LAYAR DRAMA INDONESIA,RCTI - LAYAR DRAMA INDONESIA,Indonesia,15.4M,15400000,Music & Dance,353,353,22,22,Movies
421,Camilo,CamiloMusicaVideo,Colombia,15.4M,15400000,Music & Dance,9.3K,9300,125,125,
422,MrBeast Shorts,MrBeast Shorts,United States,15.4M,15400000,Daily vlogs,1.3M,1300000,4.8K,4800,
423,Like Nastya VNM,Like Nastya VNM,,15.4M,15400000,,0,0,0,0,
424,SriBalajiMovies,SriBalajiMovies,India,15.4M,15400000,,85,85,2,2,
425,LOKESH GAMER,LOKESH GAMER,India,15.4M,15400000,,40.6K,40600,1.5K,1500,
426,T3ddy,T3DDYgames,Brazil,15.3M,15300000,Daily vlogs,79.9K,79900,2.2K,2200,
427,Stokes Twins,alanalan9635,United States,15.3M,15300000,Video games,404.6K,404600,40.2K,40200,Humor
428,With Kids[위드키즈],With Kids[위드키즈],United States,15.3M,15300000,,0,0,0,0,
429,Kerajinan 5-Menit,Kerajinan 5-Menit,Indonesia,15.2M,15200000,Music & Dance,147,147,6,6,
430,Like Nastya IDN,Like Nastya IDN,,15.2M,15200000,Music & Dance,0,0,0,0,Movies
431,Oyuncak Avı,Oyuncak Avı,,15.2M,15200000,,0,0,15,15,
432,Dangal TV Channel,Dangal TV Channel,India,15.2M,15200000,,956,956,6,6,
433,5-Minute Crafts FAMILY,5-Minute Crafts FAMILY,United States,15.2M,15200000,,175,175,9,9,
434,SAM SMITH,SAM SMITH,United States,15.2M,15200000,,2K,2000,61,61,
435,Ch7HD,bbtvch7,Thailand,15.2M,15200000,,135,135,2,2,
436,TheRichest,TheRichest,United States,15.2M,15200000,News & Politics,644,644,81,81,
437,POPS Kids,popskids,Indonesia,15.2M,15200000,Animation,53,53,0,0,
438,حِرف إبداعية في 5 دقائق,حِرف إبداعية في 5 دقائق,Egypt,15.1M,15100000,,344,344,16,16,
439,Lahari Music | T-Series,laharimusic,India,15.1M,15100000,Music & Dance,1.3K,1300,23,23,
440,LEGO,LEGO,United States,15.1M,15100000,Animation,666,666,0,0,
441,НТВ,ntvru,Russia,15M,15000000,News & Politics,901,901,216,216,
442,Henrique e Juliano,hejproducao,Brazil,15M,15000000,Music & Dance,3.7K,3700,152,152,
443,Mariale,Mariale,Mexico,15M,15000000,,7K,7000,285,285,
444,Talking Tom & Friends,TalkingFriends,United States,15M,15000000,Animation,2.3K,2300,0,0,Humor
445,Makiman131,Makiman131,Spain,15M,15000000,Movies,15.6K,15600,604,604,Animation
446,Ranz Kyle,ranziscool,Philippines,15M,15000000,Humor,27.4K,27400,881,881,
447,Volga Video,newvolgavideo,India,15M,15000000,,43,43,2,2,
448,Harsh Beniwal,Harsh Beniwal,India,15M,15000000,Movies,1.2M,1200000,31.6K,31600,Humor
449,NichLmao,NichLmao,United States,15M,15000000,Daily vlogs,361.2K,361200,2K,2000,
450,Super Senya,Super Senya,,15M,15000000,Animation,167,167,0,0,Toys
451,LIV Crime,LIV Crime,India,15M,15000000,Daily vlogs,1.1K,1100,35,35,
452,Niana Guerrero,Niana Guerrero,Philippines,15M,15000000,Music & Dance,31.5K,31500,1.1K,1100,Humor
453,Wow Kidz Action,Wow Kidz Action,,15M,15000000,,9.1K,9100,0,0,
454,League of Legends,RiotGamesInc,United States,15M,15000000,Movies,33.5K,33500,1.1K,1100,Animation
455,GMMTV OFFICIAL​​,GMMTVSPOTLIKE,Thailand,15M,15000000,Music & Dance,544,544,14,14,Movies
456,Kwebbelkop,kwebbelkop,United States,15M,15000000,Animation,3K,3000,284,284,Video games
457,La Rosa de Guadalupe,La Rosa de Guadalupe,Mexico,14.9M,14900000,,865,865,19,19,
458,NDTV India,ndtvindia,India,14.9M,14900000,News & Politics,305,305,33,33,
459,BBC News Hindi,bbchindi,India,14.9M,14900000,News & Politics,0,0,311,311,
460,MK MUSIC,mkmusicnews,Brazil,14.9M,14900000,Music & Dance,1.9K,1900,33,33,
461,Dave and Ava - Nursery Rhymes and Baby Songs,Dave and Ava - Nursery Rhymes and Baby Songs,,14.9M,14900000,Education,906,906,0,0,
462,Linus Tech Tips,LinusTechTips,United States,14.9M,14900000,Science & Technology,66.6K,66600,3K,3000,
463,Lachlan,Lachlan,United States,14.9M,14900000,Video games,19.9K,19900,612,612,
464,Plim Plim - Kids Songs & Episodes - Spanish,elcanaldePlimPlim,,14.8M,14800000,Music & Dance,5.5K,5500,0,0,
465,Daniel LaBelle,Daniel LaBelle,United States,14.8M,14800000,,459.4K,459400,2.9K,2900,
466,Zé Neto e Cristiano,zncoficial,Brazil,14.8M,14800000,,3.2K,3200,39,39,
467,iTownGamePlay *Terror&Diversión*,iTownGamePlay,Mexico,14.8M,14800000,News & Politics,5.2K,5200,291,291,
468,les boys tv2,les boys tv2,France,14.8M,14800000,Sports,0,0,0,0,
469,NMF News,narendramodionline,India,14.7M,14700000,News & Politics,299,299,35,35,
470,Planeta das Gêmeas,Planeta das Gêmeas,,14.7M,14700000,Toys,17.9K,17900,57,57,
471,News18 India,News18 India,India,14.7M,14700000,News & Politics,46,46,2,2,
472,TWICE,TWICE,Philippines,14.7M,14700000,Music & Dance,61.6K,61600,500,500,Movies
473,IDEIAS INCRÍVEIS,IDEIAS INCRÍVEIS,Brazil,14.7M,14700000,,257,257,6,6,
474,LEGENDA FUNK,LEGENDA FUNK,Brazil,14.7M,14700000,Music & Dance,268,268,9,9,Animation
475,Thairath Online,thairathonline,Thailand,14.7M,14700000,News & Politics,233,233,23,23,
476,Jorge & Mateus Oficial,jemproducoes,Brazil,14.6M,14600000,Music & Dance,12.8K,12800,250,250,
477,MattyBRaps,MattyBRaps,United States,14.6M,14600000,Music & Dance,15.2K,15200,0,0,Movies
478,Bollywood Classics,BollywoodClassics,India,14.6M,14600000,Music & Dance,305,305,11,11,
479,حقائق وأسرار,حقائق وأسرار,Egypt,14.6M,14600000,,0,0,0,0,
480,Team Films Bhojpuri,TeamFilmsBhojpuri,India,14.6M,14600000,Music & Dance,442,442,48,48,Movies
481,Daftar Populer,Daftar Populer,Indonesia,14.6M,14600000,News & Politics,1.9K,1900,199,199,
482,Major Lazer Official,majorlazer,United States,14.6M,14600000,Music & Dance,1.5K,1500,95,95,Movies
483,Drawblogs,Drawblogs,Mexico,14.6M,14600000,Movies,858,858,58,58,Animation
484,Maha Fun Tv,Maha Fun Tv,India,14.6M,14600000,,1.7K,1700,145,145,
485,CollegeHumor,collegehumor,United States,14.6M,14600000,Movies,7.4K,7400,817,817,Humor
486,Fueled By Ramen,FueledByRamen,United States,14.6M,14600000,,2K,2000,114,114,
487,Canal Nostalgia,Canal Nostalgia,,14.6M,14600000,Science & Technology,41.5K,41500,286,286,
488,Johny FamilyShow,Johny FamilyShow,,14.5M,14500000,Music & Dance,303,303,0,0,Toys
489,XpressTV,XpressTV,Mexico,14.5M,14500000,Science & Technology,48.5K,48500,556,556,
490,Arif muhammad,Arif muhammad,Indonesia,14.5M,14500000,Music & Dance,77.6K,77600,3.2K,3200,Movies
491,Mobile Legends: Bang Bang Official,Mobile Legends: Bang Bang Official,Indonesia,14.5M,14500000,Movies,3.1K,3100,26,26,Animation
492,Zach King,Zach King,United States,14.5M,14500000,Movies,0,0,899,899,Humor
493,Fun For Kids TV - Hindi Rhymes,Fun For Kids TV - Hindi Rhymes,,14.5M,14500000,,2.9K,2900,0,0,
494,Busy Fun Ltd,Busy Fun Ltd,India,14.5M,14500000,,35.5K,35500,584,584,
495,Boram Tube ToysReview [보람튜브 토이리뷰],Boram Tube ToysReview [보람튜브 토이리뷰],,14.5M,14500000,Daily vlogs,273,273,0,0,
496,Super Polina,Super Polina,Russia,14.5M,14500000,,61,61,0,0,
497,Martin Garrix,MartinGarrix,United States,14.4M,14400000,Music & Dance,5.1K,5100,103,103,
498,The Slow Mo Guys,theslowmoguys,United States,14.4M,14400000,,62.9K,62900,2.8K,2800,
499,It's Mamix,It's Mamix,Russia,14.4M,14400000,DIY & Life Hacks,0,0,5.2K,5200,
500,Chad Wild Clay,chadwildclay,United States,14.4M,14400000,Movies,38.2K,38200,6.5K,6500,Humor
501,Gyan Gamingㅤ,Gyan Gamingㅤ,India,14.4M,14400000,,38.6K,38600,863,863,
502,Unspeakable,Unspeakable,United States,14.4M,14400000,Video games,62.7K,62700,7.2K,7200,Humor
503,Totoy kids - Español,Totoy kids - Español,,14.4M,14400000,Toys,3.4K,3400,0,0,
504,PlayStation,PlayStation,United States,14.4M,14400000,,1.4K,1400,158,158,
505,Genierock,Genierock,Thailand,14.4M,14400000,Music & Dance,988,988,64,64,
506,CoryxKenshin,CoryxKenshin,United States,14.4M,14400000,Video games,528.3K,528300,34.1K,34100,Humor
507,Aphmau,ChallengeAcceptedInc,United States,14.3M,14300000,Animation,59.8K,59800,4.4K,4400,Video games
508,ABS-CBN News,TheABSCBNNews,Philippines,14.3M,14300000,News & Politics,50,50,4,4,
509,Mohamed Ramadan I محمد رمضان,MRamadanOfficial,Egypt,14.2M,14200000,Music & Dance,59.4K,59400,4.1K,4100,
510,Zach Choi ASMR,Zach Choi ASMR,United States,14.2M,14200000,Daily vlogs,11K,11000,114,114,
511,Camila Loures,camilaloures,Brazil,14.2M,14200000,Movies,18.8K,18800,325,325,Humor
512,Anasala I أنس و أصالة,Anasala I أنس و أصالة,Egypt,14.2M,14200000,,194.2K,194200,7.7K,7700,
513,CNN,CNN,United States,14.2M,14200000,Music & Dance,4.7K,4700,4.2K,4200,Animation
514,Gulshan Kalra,Gulshan Kalra,India,14.2M,14200000,,477.6K,477600,561,561,
515,Taarak Mehta Ka Ooltah Chashmah,Taarak Mehta Ka Ooltah Chashmah,India,14.2M,14200000,,5.7K,5700,88,88,
516,UFC - Ultimate Fighting Championship,UFC,United States,14.2M,14200000,Sports,3K,3000,301,301,
517,Trap City,OfficialTrapCity,United States,14.2M,14200000,Music & Dance,1.8K,1800,76,76,
518,O Canal do Joãozinho - Little Angel Português,O Canal do Joãozinho - Little Angel Português,,14.2M,14200000,Animation,3.5K,3500,0,0,
519,Daily Dose Of Internet,Daily Dose Of Internet,United States,14.1M,14100000,Animals & Pets,249.5K,249500,9.8K,9800,
520,#Refugio Mental,#Refugio Mental,Argentina,14.1M,14100000,Movies,6.6K,6600,80,80,
521,A2 Motivation by {Arvind Arora},A2 Motivation by {Arvind Arora},India,14.1M,14100000,,47.1K,47100,208,208,
522,EdisonPts,EdisonPts,Russia,14.1M,14100000,Video games,144.9K,144900,6.9K,6900,
523,Трум Трум,Трум Трум,,14.1M,14100000,Humor,2.9K,2900,104,104,Toys
524,DM - Desi Melodies,DM - Desi Melodies,India,14M,14000000,Music & Dance,321.1K,321100,18.6K,18600,
525,Saad Lamjarred | سعد لمجرد,SaadLamjarredTV,Morocco,14M,14000000,Music & Dance,74.7K,74700,8.4K,8400,
526,F2Freestylers - Ultimate Soccer Skills Channel,F2Freestylers,United Kingdom,14M,14000000,Sports,0,0,328,328,
527,Blippi Español,Blippi Español,,14M,14000000,Toys,1.7K,1700,0,0,Education
528,Doc Tops,Doc Tops,Mexico,14M,14000000,Animation,58.6K,58600,805,805,
529,AM3NlC,AM3NlC,Brazil,14M,14000000,Food & Drinks,19.9K,19900,276,276,
530,FC Barcelona,fcbarcelona,United States,14M,14000000,Sports,14K,14000,262,262,
531,Мастерская Настроения,MasterskayaNastroeny,Russia,14M,14000000,Movies,10.4K,10400,209,209,Video games
532,Bie The Ska,bomberball,Thailand,14M,14000000,,12.2K,12200,265,265,
533,Auron,Auron,Mexico,14M,14000000,Video games,112.6K,112600,1.8K,1800,
534,NikkieTutorials,NikkieTutorials,United States,14M,14000000,Design/art,165.3K,165300,752,752,Beauty
535,Mis Pastelitos,mispastelitosyoutub,Mexico,13.9M,13900000,Food & Drinks,33.4K,33400,1.2K,1200,
536,Mazhavil Manorama,MazhavilManorama,India,13.8M,13800000,,106,106,4,4,
537,Rosanna Pansino,RosannaPansino,United States,13.8M,13800000,DIY & Life Hacks,8.8K,8800,224,224,
538,MNCTV OFFICIAL,MNCTVOfficial,Indonesia,13.8M,13800000,Music & Dance,40,40,1,1,
539,Hongyu ASMR 홍유,Hongyu ASMR 홍유,United States,13.8M,13800000,ASMR,8.9K,8900,258,258,
540,Kuplinov ► Play,Kuplinov ► Play,Russia,13.8M,13800000,Video games,83.6K,83600,2.3K,2300,
541,MY FAMILY,MY FAMILY,India,13.8M,13800000,,14.2K,14200,220,220,
542,CrashCourse,crashcourse,United States,13.8M,13800000,Science & Technology,1.8K,1800,65,65,
543,SMOL,SMOL,United States,13.8M,13800000,,16.3K,16300,18,18,
544,ADEL et SAMI,ADEL et SAMI,France,13.8M,13800000,Music & Dance,487,487,0,0,Humor
545,MSA previously My Story Animated,MSA previously My Story Animated,United States,13.8M,13800000,Animation,200.4K,200400,6.7K,6700,Humor
546,Jake Fellman,Jake Fellman,United States,13.8M,13800000,,9.1K,9100,44,44,
547,TazerCraft,TazerCraft,Brazil,13.8M,13800000,Movies,27K,27000,493,493,Animation
548,MAIKI021,MAIKI021,Brazil,13.8M,13800000,Movies,3.7K,3700,75,75,Animation
549,NOBRU,NOBRU,Brazil,13.8M,13800000,Video games,21.8K,21800,174,174,Toys
550,DangMattSmith,dangmattsmith,,13.7M,13700000,Animation,4.2K,4200,436,436,Humor
551,Wengie,WWWengie,United States,13.7M,13700000,DIY & Life Hacks,3.5K,3500,270,270,
552,Zig & Sharko,Zig & Sharko,,13.7M,13700000,,2.9K,2900,0,0,
553,Aadishakti Films,Aadishakti Films,,13.7M,13700000,Music & Dance,2.8K,2800,231,231,
554,Lyna,SrtaLynaV,Mexico,13.7M,13700000,Movies,23.7K,23700,1.4K,1400,Animation
555,5-Minute Crafts Recycle,5-Minute Crafts Recycle,India,13.6M,13600000,,323,323,11,11,
556,Vlad and Niki ESP,Vlad and Niki ESP,,13.6M,13600000,,2.9K,2900,0,0,
557,Harry Styles,Harry Styles,United States,13.6M,13600000,Music & Dance,0,0,0,0,
558,Vlad and Niki ARA,Vlad and Niki ARA,,13.6M,13600000,,2.9K,2900,0,0,
559,Neha Kakkar,NehaKakkarOfficial,India,13.6M,13600000,Music & Dance,8.3K,8300,133,133,
560,ABC News,ABCNews,United States,13.6M,13600000,News & Politics,148,148,116,116,
561,Narins Beauty,Narins Beauty,Iraq,13.6M,13600000,,224.4K,224400,12.2K,12200,
562,Telemundo,telemundotv,Argentina,13.6M,13600000,,2.4K,2400,156,156,
563,TV Ana Emilia,TV Ana Emilia,Mexico,13.6M,13600000,,11.4K,11400,1.2K,1200,
564,YOLO,YOLO,Mexico,13.6M,13600000,,87.4K,87400,1.2K,1200,
565,The World Adventures हिन्दी,The World Adventures हिन्दी,,13.5M,13500000,Daily vlogs,996,996,33,33,
566,ZEE5,ZEE5,India,13.5M,13500000,,6,6,0,0,
567,Wesley Safadão,bandagarotasafada,Brazil,13.5M,13500000,Music & Dance,1.8K,1800,36,36,
568,PlayHard,boplayhard,Brazil,13.5M,13500000,,67.8K,67800,114,114,
569,Online Job,Online Job,India,13.5M,13500000,,203,203,38,38,
570,Lindsey Stirling,lindseystomp,United States,13.5M,13500000,Music & Dance,20.1K,20100,994,994,Movies
571,Wish 107.5,Wish 107.5,Philippines,13.5M,13500000,Music & Dance,4K,4000,331,331,
572,Kurt Hugo Schneider,Kurt Hugo Schneider,United States,13.4M,13400000,,2.6K,2600,77,77,
573,FAPTV,FAPtivi,United States,13.4M,13400000,Animation,0,0,1.2K,1200,Humor
574,How Ridiculous,whoisjimmy,United States,13.4M,13400000,Video games,52.3K,52300,2.3K,2300,
575,Gallina Pintadita,GallinaPintadita,,13.4M,13400000,Animation,1.5K,1500,0,0,
576,H2ODelirious,H2ODelirious,United States,13.4M,13400000,Animation,6.2K,6200,217,217,Video games
577,123 GO! Spanish,123 GO! Spanish,Mexico,13.4M,13400000,Animation,5.5K,5500,75,75,
578,Atlantic Records,AtlanticVideos,United States,13.4M,13400000,Music & Dance,422,422,11,11,
579,PrestonPlayz,PrestonPlayz,United States,13.4M,13400000,Animation,44K,44000,1.4K,1400,Video games
580,MyMissAnand,MyMissAnand,India,13.3M,13300000,Movies,49.3K,49300,428,428,Humor
581,Anaysa,iloveindianmakeup,India,13.3M,13300000,Movies,24.3K,24300,707,707,Humor
582,Infobells Bangla,Infobells Bangla,,13.2M,13200000,Education,2.5K,2500,0,0,
583,ETV Jabardasth,ETV Jabardasth,India,13.2M,13200000,,1.8K,1800,38,38,
584,SRK MUSIC,SRKASSAMESE,India,13.2M,13200000,Music & Dance,13.8K,13800,542,542,
585,Desi Gamers,Desi Gamers,India,13.2M,13200000,,89.8K,89800,4K,4000,
586,Coke Studio,Coke Studio,Pakistan,13.2M,13200000,Music & Dance,17.5K,17500,446,446,Movies
587,Like Nastya Stories,Like Nastya Stories,,13.2M,13200000,,1.1K,1100,0,0,
588,Shorts Break,Shorts Break,India,13.2M,13200000,,810.6K,810600,942,942,
589,O Reino Infantil,OReinho,,13.2M,13200000,Music & Dance,465,465,0,0,
590,theRadBrad,theRadBrad,United States,13.2M,13200000,Video games,5.9K,5900,484,484,
591,The LaBrant Fam,The LaBrant Fam,United States,13.2M,13200000,Music & Dance,26.4K,26400,0,0,Humor
592,Поззи,PozzitifonShow,Russia,13.2M,13200000,Video games,34.2K,34200,2.6K,2600,
593,The Q,The Q,United States,13.1M,13100000,,51K,51000,2.7K,2700,
594,T-Series Hamaar Bhojpuri,hamaarbhojpuri,India,13.1M,13100000,Music & Dance,291,291,33,33,
595,Alex Gonzaga Official,Alex Gonzaga Official,Philippines,13.1M,13100000,Music & Dance,129.8K,129800,2K,2000,Humor
596,DALLMYD,DALLMYD,United States,13M,13000000,Mystery,28.2K,28200,1.5K,1500,
597,Katakit Baby TV,HusamYK,Saudi Arabia,13M,13000000,Music & Dance,4.8K,4800,0,0,
598,PowerfulJRE,PowerfulJRE,United States,13M,13000000,Daily vlogs,33.3K,33300,3.7K,3700,
599,Dear Sir,Dear Sir,India,13M,13000000,Education,11.4K,11400,747,747,
600,Zeinab Harake,Zeinab Harake,Philippines,13M,13000000,Daily vlogs,136.6K,136600,3.1K,3100,
601,Ajay Sharma,Ajay Sharma,India,13M,13000000,,245.2K,245200,208,208,
602,Matt Steffanina,MattSDance,United States,13M,13000000,Music & Dance,4.8K,4800,50,50,Movies
603,NishaMadhulika,NishaMadhulika,India,13M,13000000,Food & Drinks,5.1K,5100,786,786,
604,ATHLEAN-X™,JDCav24,United States,13M,13000000,Fitness,29.7K,29700,810,810,Health & Self Help
605,Ray William Johnson,RayWilliamJohnson,United States,13M,13000000,Animation,338.3K,338300,2.8K,2800,Humor
606,The Shiny Peanut,The Shiny Peanut,Indonesia,13M,13000000,,371,371,24,24,
607,O Que Não Dizer Oficial,O Que Não Dizer Oficial,Brazil,13M,13000000,Movies,46.5K,46500,535,535,Animation
608,twenty one pilots,twentyonepilots,United States,13M,13000000,Music & Dance,5.3K,5300,137,137,
609,BBC News,bbcnews,United Kingdom,13M,13000000,News & Politics,1.6K,1600,819,819,
610,Typical Gamer,typicalgamer,United States,13M,13000000,Video games,10.7K,10700,333,333,
611,Everson Zoio,djzoi0,Brazil,12.9M,12900000,Movies,71.8K,71800,4.2K,4200,Animation
612,KOMPASTV,KompasTVNews,Indonesia,12.9M,12900000,News & Politics,73,73,27,27,
613,RedeTV,RedeTVhdBrasil,Brazil,12.9M,12900000,News & Politics,129,129,4,4,
614,MrSuicideSheep,MrSuicideSheep,United States,12.8M,12800000,,3.2K,3200,68,68,
615,Veritasium,1veritasium,United States,12.8M,12800000,Science & Technology,125K,125000,5K,5000,
616,Hacksmith,MstrJames,United States,12.8M,12800000,Video games,14.7K,14700,318,318,
617,أترو/Atro,أترو/Atro,Iraq,12.8M,12800000,,49.7K,49700,8.5K,8500,
618,unknown boy varun,unknown boy varun,India,12.8M,12800000,Music & Dance,2.1M,2100000,1.8K,1800,
619,Jazzghost,jazzghost1,Brazil,12.8M,12800000,Animation,58.3K,58300,1.7K,1700,Video games
620,Rebecca Zamolo,rebeccazamolo1,United States,12.8M,12800000,Video games,67.7K,67700,8.7K,8700,Humor
621,Lady Diana,Lady Diana,Russia,12.8M,12800000,Music & Dance,63.8K,63800,2.8K,2800,
622,T-Series Regional,tseriesregional,India,12.8M,12800000,Music & Dance,119,119,15,15,
623,Top Viral Talent,MusicTalentNow,United States,12.8M,12800000,,302,302,17,17,
624,Crescendo com Luluca,Crescendo com Luluca,Brazil,12.8M,12800000,Toys,44.6K,44600,4K,4000,
625,Sony Music South,Sony Music South,India,12.8M,12800000,Movies,8K,8000,194,194,Animation
626,VexTrex,VexTrex,,12.8M,12800000,,0,0,0,0,
627,Goldmines Premiere,GoldClassics,,12.8M,12800000,,145,145,0,0,
628,Ei Nerd,einerdtv,Brazil,12.8M,12800000,Movies,39.1K,39100,1.4K,1400,Animation
629,#Refúgio Mental,#Refúgio Mental,Brazil,12.8M,12800000,Movies,9.8K,9800,89,89,Animation
630,ГЛЕНТ,ГЛЕНТ,Russia,12.8M,12800000,Video games,167.2K,167200,5.4K,5400,
631,Disney Junior,disneyjunior,,12.7M,12700000,Music & Dance,272,272,0,0,
632,Alan Chikin Chow,Alan Chikin Chow,India,12.7M,12700000,,430.8K,430800,611,611,
633,StudyIQ IAS,StudyIQ IAS,India,12.7M,12700000,Education,475,475,10,10,
634,Health Time,Health Time,India,12.7M,12700000,Daily vlogs,238,238,8,8,
635,Blossom,Blossom,United States,12.7M,12700000,,1K,1000,11,11,
636,BBC,BBC,United Kingdom,12.6M,12600000,Movies,275,275,33,33,
637,gymvirtual,gymvirtual,Mexico,12.6M,12600000,Music & Dance,3.1K,3100,92,92,
638,TKOR,1032010814,United States,12.6M,12600000,DIY & Life Hacks,1.5K,1500,125,125,
639,Lokdhun Punjabi,htpunjabi,India,12.6M,12600000,Music & Dance,0,0,0,0,
640,BIBO와 장난감,BIBO와 장난감,,12.6M,12600000,,0,0,0,0,
641,Knowledge Tv हिन्दी,Knowledge Tv हिन्दी,India,12.6M,12600000,Education,2.1K,2100,105,105,
642,Juliana Baltar,Juliana Baltar,Brazil,12.6M,12600000,Movies,15.4K,15400,477,477,Humor
643,DJ Khaled,DJ Khaled,United States,12.6M,12600000,Music & Dance,14.4K,14400,756,756,
644,Narendra Modi,Narendra Modi,India,12.6M,12600000,Science & Technology,1.2K,1200,105,105,News & Politics
645,Kabita's Kitchen,Kabita's Kitchen,India,12.6M,12600000,,7.3K,7300,461,461,
646,JOJO TV - Hindi Stories,JOJO TV - Hindi Stories,India,12.6M,12600000,,625,625,0,0,
647,Zee Bangla,zeebangla,India,12.6M,12600000,,221,221,2,2,
648,Awakening Music,awakeningrecords,Indonesia,12.6M,12600000,Music & Dance,2K,2000,97,97,
649,Melon City Show - برنامج ولاية بطيخ,Melon City Show - برنامج ولاية بطيخ,Iraq,12.6M,12600000,,16.9K,16900,241,241,
650,Adexe & Nau,AdexeOficial,Mexico,12.6M,12600000,Music & Dance,4.3K,4300,159,159,
651,Parafernalha,canalparafernalha,Brazil,12.6M,12600000,,1.8K,1800,11,11,
652,JesseAndMike,JesseAndMike,United States,12.6M,12600000,,11.2K,11200,261,261,
653,karameeshchannel,karameeshchannel,Jordan,12.5M,12500000,Music & Dance,2.3K,2300,0,0,
654,Piuzinho,Piuzinho,Brazil,12.5M,12500000,Animation,126.8K,126800,2.4K,2400,Humor
655,Brawl Stars,Brawl Stars,United States,12.5M,12500000,Animation,115.4K,115400,5.5K,5500,
656,ماشا و الدب,ماشا و الدب,,12.5M,12500000,,6.8K,6800,0,0,
657,Peppa Pig em Português Brasil - Canal Oficial,OficialPeppa,,12.5M,12500000,Movies,5.4K,5400,0,0,Animation
658,Blockbuster Movies,Blockbuster Movies,India,12.5M,12500000,Daily vlogs,3.5K,3500,19,19,
659,Troom Troom India,Troom Troom India,India,12.5M,12500000,,2.4K,2400,36,36,
660,Talking Angela,TalkingAngelaCat,United States,12.4M,12400000,Music & Dance,3.5K,3500,122,122,
661,elliegoulding,elliegoulding,United States,12.4M,12400000,Music & Dance,1.3K,1300,51,51,
662,キッズライン♡Kids Line,runway19co,,12.4M,12400000,Toys,0,0,0,0,Education
663,People Vs Food,React,United States,12.4M,12400000,Food & Drinks,23K,23000,1.3K,1300,
664,Come Play With Me,Come Play With Me,,12.4M,12400000,Toys,0,0,0,0,
665,Meghan Trainor,Meghan Trainor,United States,12.4M,12400000,Music & Dance,1.3K,1300,36,36,
666,Mythpat,Mythpat,India,12.4M,12400000,,357.3K,357300,16.9K,16900,
667,LOUD,LOUD,Brazil,12.4M,12400000,,18.1K,18100,241,241,
668,CaseyNeistat,caseyneistat,United States,12.4M,12400000,Daily vlogs,53.6K,53600,4.2K,4200,
669,Just For Laughs Gags,JustForLaughsTV,United States,12.4M,12400000,,812,812,32,32,
670,Troom Troom PT,Troom Troom PT,Brazil,12.4M,12400000,Toys,1.7K,1700,61,61,
671,Gibby :),Gibby :),Mexico,12.4M,12400000,Movies,59.7K,59700,1.9K,1900,
672,The Dodo,TheDodoSite,United States,12.4M,12400000,Animals & Pets,19.1K,19100,690,690,
673,Little Baby Bum en Español,LittleBabyBumEspanol,,12.4M,12400000,Education,0,0,0,0,
674,DisneyChannelUK,DisneyChannelUK,,12.3M,12300000,Movies,945,945,0,0,Humor
675,My Mate Nate,My Mate Nate,Thailand,12.3M,12300000,,42.5K,42500,1K,1000,
676,Think Music India,thinkmusicindia,India,12.3M,12300000,Music & Dance,2.4K,2400,19,19,
677,Bispo Bruno Leonardo,Bispo Bruno Leonardo,Brazil,12.3M,12300000,Music & Dance,240.8K,240800,186.8K,186800,
678,Bela Bagunça,Bela Bagunça,Brazil,12.3M,12300000,Movies,5.7K,5700,201,201,Animation
679,GMA News,gmanews,Philippines,12.3M,12300000,News & Politics,34,34,5,5,
680,HZHtube Kids Fun,HZHtube Kids Fun,,12.2M,12200000,Animation,2.2K,2200,0,0,Toys
681,FIFA,FIFATV,United States,12.2M,12200000,Sports,1.4K,1400,34,34,
682,DeGoBooM,DeGoBooM,Mexico,12.2M,12200000,Movies,11.1K,11100,278,278,Animation
683,Geo News,geonews,Pakistan,12.2M,12200000,News & Politics,87,87,10,10,
684,Más SKabeche,Más SKabeche,Mexico,12.2M,12200000,,97.6K,97600,1.6K,1600,
685,Trakin Tech,Trakin Tech,India,12.2M,12200000,News & Politics,19.7K,19700,1.1K,1100,
686,NDTV,ndtv,India,12.2M,12200000,News & Politics,41,41,10,10,
687,Compot,TastyCompot,Russia,12.2M,12200000,Video games,47.8K,47800,2.1K,2100,
688,Kids TV India Hindi Nursery Rhymes,kidstvindia,,12.2M,12200000,Education,2.1K,2100,0,0,
689,DaniRep | +6 Vídeos Diarios De GTA 5 Online!,TheDaniRep,Mexico,12.2M,12200000,Animation,12K,12000,155,155,Video games
690,Jass Records,officialjassrecords,India,12.2M,12200000,Music & Dance,1.1K,1100,10,10,
691,RaptorGamer,RaptorGamer,Mexico,12.1M,12100000,Animation,36.9K,36900,1K,1000,Video games
692,Sonotek Bhakti,htbhakti,India,12.1M,12100000,Music & Dance,1.2K,1200,43,43,
693,Marta and Rustam,Marta and Rustam,India,12.1M,12100000,,150.6K,150600,116,116,
694,Vogue,Americanvogue,United States,12.1M,12100000,Fashion,13.5K,13500,643,643,
695,The Infographics Show,TheInfographicsShow,United States,12.1M,12100000,Education,7.4K,7400,440,440,
696,Jordan Matter,jordanmatter,United States,12.1M,12100000,Music & Dance,226.3K,226300,21.5K,21500,Humor
697,Codiscos,Codiscos,,12M,12000000,Music & Dance,209,209,8,8,
698,BanderitaX,BanderitaX,Saudi Arabia,12M,12000000,Animation,122.1K,122100,4.4K,4400,Video games
699,NORMAN FAIT DES VIDÉOS,NormanFaitDesVideos,France,12M,12000000,Movies,0,0,0,0,Animation
700,Netflix Jr.,storybots,,12M,12000000,Animation,132,132,0,0,Humor
701,Troom Troom Indonesia,Troom Troom Indonesia,Indonesia,12M,12000000,Music & Dance,1.6K,1600,43,43,Movies
702,Ice Cream Rolls,Ice Cream Rolls,United States,12M,12000000,,2.1K,2100,129,129,
703,Jamuna TV,Jamuna TV,Bangladesh,12M,12000000,News & Politics,566,566,48,48,
704,Lulu99,Lulu99,Colombia,12M,12000000,,71.6K,71600,5.1K,5100,
705,CHHOTU KI MASTI,CHHOTU KI MASTI,India,12M,12000000,,14K,14000,197,197,
706,Panda,Panda,India,12M,12000000,Animation,62.5K,62500,1.3K,1300,Toys
707,Akshay Nagwadiya,Akshay Nagwadiya,India,12M,12000000,,257.9K,257900,855,855,
708,E-MasterSensei,E-MasterSensei,Mexico,12M,12000000,Movies,65.4K,65400,1.3K,1300,Video games
709,Technology Gyan,Technology Gyan,India,12M,12000000,,34.5K,34500,1.7K,1700,
710,Planet Earth INDIA,Planet Earth INDIA,India,12M,12000000,Daily vlogs,1.7K,1700,143,143,
711,WiederDude,WiederDude,United States,12M,12000000,,19.9K,19900,324,324,
712,Yair17,YairAuriazul,Mexico,12M,12000000,Movies,28.8K,28800,664,664,Animation
713,Yudist Ardhana,Yudist Ardhana,Indonesia,12M,12000000,Movies,7K,7000,255,255,
714,Avril Lavigne,AvrilLavigne,United States,12M,12000000,Music & Dance,11.8K,11800,454,454,
715,Rauw Alejandro,Rauw Alejandro,Peru,11.9M,11900000,Music & Dance,0,0,0,0,
716,Timba Vk,MrTimbaVk,Mexico,11.9M,11900000,Animation,48.8K,48800,1.1K,1100,Video games
717,Mor Haryanvi,Mor Haryanvi,India,11.9M,11900000,Music & Dance,1.8K,1800,45,45,
718,Kluna Tik,Kluna Tik,United States,11.9M,11900000,,3.2K,3200,224,224,
719,CNCO,CNCO,Mexico,11.9M,11900000,Music & Dance,20.2K,20200,1K,1000,
720,TV9 Bharatvarsh,TV9 Bharatvarsh,India,11.9M,11900000,News & Politics,86,86,3,3,
721,Republic Bharat,Republic Bharat,India,11.9M,11900000,News & Politics,0,0,7,7,
722,Rubius Z,elrubius,Argentina,11.9M,11900000,Movies,186.9K,186900,2.5K,2500,Animation
723,TommyInnit,TommyInnit,United States,11.8M,11800000,Animation,252.7K,252700,11.1K,11100,Video games
724,MrGear,MrGear,United States,11.8M,11800000,,0,0,93,93,
725,Tfue,TTfue,United States,11.8M,11800000,Animation,6.1K,6100,278,278,Video games
726,emma chamberlain,emma chamberlain,United States,11.8M,11800000,Food & Drinks,220.9K,220900,6.3K,6300,
727,MORGENSHTERN,MORGENSHTERN,Russia,11.8M,11800000,Music & Dance,0,0,0,0,Movies
728,123 GO!,123 GO!,United States,11.8M,11800000,DIY & Life Hacks,2.9K,2900,99,99,
729,Luan Santana,luansantanaoficial,Brazil,11.8M,11800000,Music & Dance,33.6K,33600,1.2K,1200,
730,DANIEL EL TRAVIESO VIDEOS,DANIEL EL TRAVIESO VIDEOS,Colombia,11.8M,11800000,Animation,42.2K,42200,3K,3000,Humor
731,Duo Tiempo De Sol,TiempodeSol,,11.8M,11800000,Music & Dance,1.1K,1100,0,0,Animation
732,Nat and Essie,Nat and Essie,United States,11.8M,11800000,Toys,1.3K,1300,0,0,
733,FrontaL Gaming,FrontaL Gaming,,11.8M,11800000,Movies,7.3K,7300,307,307,Animation
734,웃웃TwinsFromRussia,N1Noobtubers,United States,11.8M,11800000,Daily vlogs,5.2K,5200,22,22,
735,Луномосик,Луномосик,Russia,11.8M,11800000,Video games,61.8K,61800,1.7K,1700,
736,Ben Azelart,Ben Azelart,United States,11.8M,11800000,Video games,0,0,27.4K,27400,Humor
737,MBC مصر,MBCMASR,Egypt,11.8M,11800000,,25,25,1,1,
738,El Trece,eltreceok,,11.7M,11700000,News & Politics,23,23,5,5,
739,Koo Koo TV - Hindi,Koo Koo TV - Hindi,India,11.7M,11700000,,2.9K,2900,71,71,
740,办公室小野 Ms Yeah,办公室小野 Ms Yeah,United States,11.7M,11700000,,37.2K,37200,37,37,
741,TsMadaan,TsMadaan,India,11.7M,11700000,Education,269,269,8,8,
742,infobells - Kannada,infobellskannada,,11.7M,11700000,Education,987,987,0,0,
743,Luli Pampín,lucygerardi43,,11.7M,11700000,Music & Dance,8.2K,8200,0,0,Animation
744,YoungBoy Never Broke Again,YoungBoy Never Broke Again,United States,11.7M,11700000,Music & Dance,1.7K,1700,95,95,
745,Make Joke Of,Make Joke Of,India,11.7M,11700000,Movies,0,0,30.6K,30600,Animation
746,Halsey,Halsey,United States,11.6M,11600000,News & Politics,10.1K,10100,206,206,
747,First We Feast,FirstWeFeast,United States,11.6M,11600000,Food & Drinks,3.7K,3700,308,308,
748,SBT,SBTonline,Brazil,11.6M,11600000,,332,332,3,3,
749,Indore Physical Academy,Indore Physical Academy,India,11.6M,11600000,,9.1K,9100,207,207,
750,Garena Free Fire LATAM,Garena Free Fire LATAM,Mexico,11.6M,11600000,,2.4K,2400,160,160,
751,Spider Slack,Spider Slack,Brazil,11.6M,11600000,,541.7K,541700,614,614,
752,Colors Rishtey,KapilComedyNights,India,11.6M,11600000,,45,45,2,2,
753,Wild 'N Out,MTV2,United States,11.6M,11600000,Music & Dance,5.4K,5400,167,167,Humor
754,MC Divertida,MC Divertida,,11.6M,11600000,Music & Dance,2.2K,2200,0,0,Movies
755,Vy Qwaint,VyQwaint,United States,11.6M,11600000,Video games,30.1K,30100,6.1K,6100,Humor
756,LipaoGamer,FelipeViktor,Brazil,11.6M,11600000,Movies,9.6K,9600,143,143,Animation
757,الجانب المُشرق | Bright Side Arabic,الجانب المُشرق | Bright Side Arabic,Egypt,11.5M,11500000,,799,799,52,52,
758,GoldminesAction,GoldminesAction,,11.5M,11500000,,207,207,0,0,
759,Black Eyed Peas,blackeyedpeasvideo,United States,11.5M,11500000,Music & Dance,1.3K,1300,107,107,
760,Pragati Verma Shorts,Pragati Verma Shorts,India,11.5M,11500000,,54.9K,54900,513,513,
761,Lofi Girl,Lofi Girl,United States,11.4M,11400000,Music & Dance,5.1K,5100,204,204,
762,Biper y sus Amigos,Biperysusamigos,,11.4M,11400000,Music & Dance,0,0,0,0,Movies
763,Maymo,crackrockcandy,United States,11.4M,11400000,,1.1K,1100,48,48,
764,Quantum Tech HD,Quantum Tech HD,United States,11.4M,11400000,,7.3K,7300,144,144,
765,Tiana,Tiana,United Kingdom,11.4M,11400000,Video games,11.3K,11300,916,916,Humor
766,Annoying Orange,realannoyingorange,United States,11.4M,11400000,Movies,4.7K,4700,497,497,Animation
767,Mrwhosetheboss,Mrwhosetheboss,United States,11.4M,11400000,Science & Technology,273.2K,273200,9.2K,9200,
768,Маша та Ведмідь,MashaBearUkraine,,11.4M,11400000,Education,867,867,0,0,
769,BBC Earth,BBCEarth,United States,11.4M,11400000,,1.2K,1200,76,76,
770,ExpCaseros,ExpCaseros,Spain,11.4M,11400000,DIY & Life Hacks,1.7K,1700,159,159,Food & Drinks
771,CrazyRussianHacker,CrazyRussianHacker,United States,11.4M,11400000,Animation,1.8K,1800,85,85,Toys
772,Single Track Studio,hawkrecord,India,11.4M,11400000,Music & Dance,34.8K,34800,1K,1000,
773,Yoga With Adriene,yogawithadriene,United States,11.4M,11400000,Fitness,9.6K,9600,1.6K,1600,
774,UnspeakableReacts,UnspeakableGaming,United States,11.4M,11400000,Video games,0,0,0,0,
775,SonyLIV,sonyliv,India,11.4M,11400000,,377,377,13,13,
776,Влад и Никита,Влад и Никита,,11.4M,11400000,Toys,3K,3000,0,0,
777,Franco Escamilla,francoescamilla,Mexico,11.4M,11400000,,15.3K,15300,313,313,
778,CaptainSparklez,CaptainSparklez,United States,11.4M,11400000,Video games,7.3K,7300,357,357,
779,CarryisLive,CarryisLive,India,11.4M,11400000,,68.2K,68200,362,362,
780,luzugames,luzugames,Mexico,11.4M,11400000,Animation,13.8K,13800,171,171,Video games
781,Pastor Antônio Júnior,prantoniojunior,Brazil,11.4M,11400000,Music & Dance,74.8K,74800,7.1K,7100,
782,MyLifeAsEva,mylifeaseva,United States,11.4M,11400000,Humor,0,0,0,0,
783,penguinz0,penguinz0,United States,11.4M,11400000,Animation,80.1K,80100,4.9K,4900,Video games
784,POCOYÓ en ESPAÑOL - Canal Oficial,pocoyotv,,11.4M,11400000,,1.2K,1200,0,0,
785,Diana and Roma IND,Diana and Roma IND,,11.4M,11400000,,1.8K,1800,0,0,
786,Star Casablanca | نجوم الدار البيضاء,Star Casablanca | نجوم الدار البيضاء,Iraq,11.4M,11400000,Music & Dance,594,594,35,35,
787,Kendrick Lamar,Kendrick Lamar,United States,11.4M,11400000,,0,0,0,0,
788,Vlad and Niki PRT,Vlad and Niki PRT,,11.4M,11400000,,0,0,0,0,
789,Ya - Alisa,Ya - Alisa,,11.3M,11300000,,25,25,0,0,
790,The Viral Fever,TheViralFeverVideos,India,11.3M,11300000,Movies,28.9K,28900,476,476,Humor
791,AlArabiya العربية,AlArabiya,Algeria,11.3M,11300000,News & Politics,50,50,9,9,
792,Danny Fitt,Danny Fitt,Mexico,11.3M,11300000,,62.7K,62700,289,289,
793,ToysPlay,ToysPlay,,11.3M,11300000,Animation,1.2K,1200,0,0,Toys
794,BakLol Video,BakLol Video,India,11.3M,11300000,Movies,15K,15000,915,915,Humor
795,Avocado Couple I Crazy Comics,Avocado Couple I Crazy Comics,United States,11.3M,11300000,,1.2K,1200,53,53,
796,Fortnite,epicfortnite,United States,11.2M,11200000,Movies,8.4K,8400,343,343,Video games
797,Genius,RapGeniusVideo,United States,11.2M,11200000,Music & Dance,2.7K,2700,132,132,Movies
798,The Film Theorists,FilmTheorists,United States,11.2M,11200000,Movies,156.6K,156600,7.4K,7400,
799,Cut,watchcut,United States,11.2M,11200000,Humor,12.7K,12700,688,688,
800,"Sen, Momo, Ai & Shii's Channel",oyabakatousan,Japan,11.2M,11200000,Daily vlogs,220,220,2,2,
801,Morphle TV,Morphle TV,,11.2M,11200000,Animation,0,0,0,0,Toys
802,bharatzkitchen HINDI,bharatzkitchen HINDI,India,11.2M,11200000,,6.9K,6900,241,241,
803,Magic Five,Magic Five,Russia,11.2M,11200000,Travel,27.4K,27400,2.5K,2500,
804,Flowers Comedy,Flowers Comedy,India,11.2M,11200000,,1.3K,1300,118,118,
805,Acenix,Acenix,Mexico,11.2M,11200000,Video games,0,0,0,0,
806,Pari's Lifestyle,Pari's Lifestyle,India,11.2M,11200000,Daily vlogs,14K,14000,331,331,
807,HellomaphieMX,HellomaphieMX,Mexico,11.2M,11200000,,45.3K,45300,123,123,
808,Mo Vlogs,Mo Vlogs,India,11.2M,11200000,Humor,14.7K,14700,2K,2000,Autos & Vehicles
809,Inside Edition,cbstvdinsideedition,United States,11.2M,11200000,News & Politics,4.6K,4600,645,645,
810,Virgínia Fonseca,Virgínia Fonseca,Brazil,11.2M,11200000,Movies,40.7K,40700,760,760,Humor
811,Flamingo,Flamingo,United States,11.2M,11200000,Animation,70.5K,70500,9.5K,9500,Video games
812,Taylor RS,Taylor RS,United States,11.2M,11200000,,1.6K,1600,5,5,
813,Tyga,TygaTygaTV,United States,11.2M,11200000,Music & Dance,288.5K,288500,7K,7000,
814,Comedy Central,comedycentral,United States,11.2M,11200000,Movies,1.1K,1100,48,48,Humor
815,Chotoonz TV - Funny Cartoons for Kids,chotoonz,,11.2M,11200000,,0,0,0,0,
816,Viih Tube,viihtubeoficial,Brazil,11.1M,11100000,,2.8K,2800,104,104,
817,OGGY,OGGY,,11.1M,11100000,,2.6K,2600,0,0,
818,DemolitionRanch,DemolitionRanch,United States,11M,11000000,Video games,75.9K,75900,8.8K,8800,
819,Barbie,barbie,,11M,11000000,,1.1K,1100,0,0,
820,핑크퐁 (인기 동요・동화),pinkfongko,Algeria,11M,11000000,Education,140,140,0,0,
821,ExplosmEntertainment,ExplosmEntertainment,United States,11M,11000000,Movies,18.4K,18400,235,235,Animation
822,Coisa de Nerd,coisadenerd,Brazil,11M,11000000,Design/art,70.8K,70800,1.2K,1200,
823,Hueva,XHuevaX,Mexico,11M,11000000,Video games,16.3K,16300,407,407,
824,Emily Tube,Emily Tube,,11M,11000000,Animation,14,14,0,0,Toys
825,TrapMusicHDTV,TrapMusicHDTV,United States,11M,11000000,,0,0,0,0,
826,Oum Walid,Oum Walid,Algeria,11M,11000000,Education,19.2K,19200,1.5K,1500,
827,Levinho,Levinho,India,11M,11000000,,20.3K,20300,592,592,
828,TWO SIDE GAMERS,TWO SIDE GAMERS,India,11M,11000000,,58.8K,58800,3.3K,3300,
829,IShowSpeed,IShowSpeed,United States,11M,11000000,Video games,73K,73000,3.5K,3500,Humor
830,RS 1313 SHORTS,RS 1313 SHORTS,India,11M,11000000,,13K,13000,28,28,
831,JP Plays,jpgameplayfull,Brazil,11M,11000000,Video games,8.9K,8900,132,132,
832,Telugu Filmnagar,telugufilmnagar,India,11M,11000000,,61,61,2,2,
833,Kênh Thiếu Nhi - BHMEDIA,doctruyencotich,United States,11M,11000000,Music & Dance,62,62,0,0,Animation
834,Rachit Rojha,Rachit Rojha,India,11M,11000000,,108.2K,108200,5.5K,5500,
835,BIBO и Игрушки,BIBO и Игрушки,,11M,11000000,Animation,0,0,0,0,Toys
836,HikakinTV,HikakinTV,Japan,11M,11000000,Music & Dance,73.9K,73900,5.1K,5100,Humor
837,Slogo,Slogomanify,United States,11M,11000000,Video games,13.7K,13700,590,590,
838,SagaHits,sagahits,India,10.9M,10900000,Music & Dance,1.3K,1300,84,84,
839,Games EduUu,GamesEduUu,Brazil,10.9M,10900000,Movies,190.5K,190500,5K,5000,Toys
840,OYUNCAKOYNUYORUM,OYUNCAKOYNUYORUM,,10.9M,10900000,,850,850,0,0,
841,NEXT9NEWS हर खबर आप तक,NEXT9NEWS हर खबर आप तक,India,10.9M,10900000,News & Politics,37,37,2,2,
842,Juanpa Zurita,Juanpa Zurita,Mexico,10.9M,10900000,,28.2K,28200,883,883,
843,Jessica Jane,Jessica Jane,Indonesia,10.9M,10900000,Food & Drinks,39.3K,39300,861,861,
844,AlJazeera Channel قناة الجزيرة,aljazeerachannel,Morocco,10.9M,10900000,News & Politics,112,112,35,35,
845,Mundo Bita,mrplotvideos,,10.9M,10900000,Music & Dance,876,876,0,0,Movies
846,Dobre Brothers,Dobre Brothers,United States,10.9M,10900000,Movies,18.5K,18500,409,409,Humor
847,Vox,Vox,United States,10.8M,10800000,News & Politics,14.2K,14200,544,544,
848,Miranda Sings,mirandasings08,United States,10.8M,10800000,Movies,11.2K,11200,818,818,Humor
849,قناة وناسة -  Wanasah TV,قناة وناسة -  Wanasah TV,,10.8M,10800000,Music & Dance,11.2K,11200,0,0,
850,Experienced Mojaraba TV,Experienced Mojaraba TV,United States,10.8M,10800000,Health & Self Help,581,581,9,9,Food & Drinks
851,Pen Multiplex,Pen Multiplex,India,10.8M,10800000,,69,69,4,4,
852,Videogyan Nursery Rhymes - Kids Songs & Cartoons,videogyan,,10.8M,10800000,Animation,158,158,0,0,
853,Troom Troom Arabic,Troom Troom Arabic,Egypt,10.8M,10800000,,6K,6000,264,264,
854,Zee Tamil,zeetamil,India,10.8M,10800000,,164,164,2,2,
855,Milena Stepanienco - MILENINHA,Milena Stepanienco - MILENINHA,Brazil,10.8M,10800000,Movies,10.6K,10600,0,0,Animation
856,Wamindia Movies,WAMIndiaMovies,India,10.8M,10800000,,2.5K,2500,46,46,
857,Golemcito Games,Golemcito Games,Peru,10.8M,10800000,Movies,174.1K,174100,3.6K,3600,Animation
858,Deji,ComedyShortsGamer,United Kingdom,10.8M,10800000,Animation,278.8K,278800,18.1K,18100,Humor
859,BE AMAZED,BE AMAZED,United States,10.8M,10800000,Education,10.3K,10300,650,650,
860,Heidi y Zidane en español,Heidi y Zidane en español,,10.8M,10800000,Daily vlogs,1.1K,1100,0,0,
861,Captain Watch Hits,Captain Watch Hits,India,10.8M,10800000,,75,75,3,3,
862,Nirahua Music World,NirahuaMusic,India,10.7M,10700000,,17.4K,17400,626,626,
863,Ceylin - H Official,Ceylin - H Official,Turkey,10.7M,10700000,Music & Dance,0,0,0,0,
864,RDC Gujarati,RDCGujarati,India,10.7M,10700000,Music & Dance,417,417,18,18,
865,Primitive Technology,Primitive Technology,United States,10.7M,10700000,DIY & Life Hacks,0,0,0,0,
866,Goldmines Housefull,Goldmines Housefull,,10.7M,10700000,,0,0,0,0,
867,HISTORY,historychannel,United States,10.7M,10700000,Movies,4K,4000,392,392,
868,Zee Kids,zeeqindia,,10.7M,10700000,,75,75,0,0,
869,СТС,ctctv,Russia,10.7M,10700000,Video games,1.3K,1300,41,41,Humor
870,stampylonghead,stampylonghead,United States,10.7M,10700000,Video games,6.1K,6100,1.2K,1200,
871,Kids smile TV,Kids smile TV,,10.7M,10700000,Movies,0,0,0,0,Toys
872,KiKiDo,KiKiDo,Russia,10.7M,10700000,Video games,72.4K,72400,6.4K,6400,Humor
873,ChuChuTV Hindi,ChuChuTV Hindi,,10.6M,10600000,Education,1.2K,1200,0,0,
874,Jesse,PrankvsPrank,United States,10.6M,10600000,Music & Dance,2K,2000,325,325,Humor
875,Caso Cerrado,Caso Cerrado,Mexico,10.6M,10600000,Animation,5.2K,5200,177,177,
876,Franciny Ehlke,francinyehlke,Brazil,10.6M,10600000,Fashion,96.5K,96500,1.7K,1700,Design/art
877,Red Bull,redbull,United States,10.6M,10600000,Sports,7.3K,7300,240,240,
878,Rathore Cassettes,rathorvideo,India,10.6M,10600000,,120,120,9,9,
879,Chill Nation,ChillStepNation,United States,10.6M,10600000,Music & Dance,914,914,38,38,
880,GoPro,GoProCamera,United States,10.6M,10600000,Sports,2.1K,2100,71,71,
881,TikTak Draw,TikTak Draw,Mexico,10.6M,10600000,Animation,6.6K,6600,321,321,
882,Gustavo Paródias,MrGustavoParodias,Brazil,10.6M,10600000,,20.9K,20900,56,56,
883,Google,Google,United States,10.6M,10600000,,105,105,12,12,
884,Cong TV,lincolnvelasquez,Philippines,10.6M,10600000,,180.3K,180300,5.1K,5100,
885,AdamThomasMoran,AdamThomasMoran,Russia,10.6M,10600000,Video games,46.8K,46800,2.3K,2300,Humor
886,Joe HaTTab,Joe HaTTab,Somalia,10.6M,10600000,Movies,123.7K,123700,4.4K,4400,
887,Peppa Pig Hindi,Peppa Pig Hindi,,10.6M,10600000,Education,4.9K,4900,0,0,
888,Matheus e Kauan,MeKcanal,Brazil,10.6M,10600000,Music & Dance,405,405,3,3,
889,NASA,NASAtelevision,United States,10.6M,10600000,News & Politics,6.1K,6100,0,0,Science & Technology
890,The Noite com Danilo Gentili,sbtthenoite,Brazil,10.6M,10600000,Movies,537,537,25,25,Humor
891,Lucas Rangel,rangeldovine,Brazil,10.6M,10600000,,26.9K,26900,528,528,
892,Craftingeek,craftingeek,Mexico,10.6M,10600000,,2.4K,2400,202,202,
893,"Baby Big Mouth Kids - Sing, Dance, Explore","Baby Big Mouth Kids - Sing, Dance, Explore",,10.6M,10600000,Animation,6,6,0,0,Toys
894,SmarterEveryDay,destinws2,United States,10.6M,10600000,Science & Technology,0,0,6.5K,6500,
895,Pinkfong en español - Canciones Infantiles,Pinkfong en español - Canciones Infantiles,,10.6M,10600000,Animation,213,213,0,0,Toys
896,As/Is,BuzzFeedYellow,United States,10.6M,10600000,Daily vlogs,527,527,18,18,
897,Stone Music Entertainment,CJENMMUSIC,United States,10.6M,10600000,Music & Dance,382,382,17,17,Movies
898,MTV,MTV,United States,10.6M,10600000,Music & Dance,9.2K,9200,433,433,Movies
899,DuDuPopTOY,DuDuPopTOY,,10.5M,10500000,Animation,70,70,0,0,Humor
900,Cris Devil Gamer,Cris Devil Gamer,United States,10.5M,10500000,Movies,24K,24000,615,615,Animation
901,Magnet World,soicon295,United States,10.5M,10500000,,401,401,11,11,
902,Guns N' Roses,Guns N' Roses,Brazil,10.5M,10500000,Music & Dance,9.7K,9700,249,249,
903,fouseyTUBE,fouseyTUBE,United States,10.5M,10500000,Humor,2.6K,2600,302,302,
904,Tanner Fox,MTflims,,10.5M,10500000,Autos & Vehicles,7K,7000,521,521,Humor
905,Playing with Rafael,Playing with Rafael,Brazil,10.5M,10500000,,1.4K,1400,0,0,
906,설기양SULGI,설기양SULGI,United States,10.5M,10500000,ASMR,22.2K,22200,673,673,Food & Drinks
907,Rawan and Rayan,Rawan and Rayan,Algeria,10.5M,10500000,,70.8K,70800,4.2K,4200,
908,Hindi Fairy Tales,Hindi Fairy Tales,India,10.5M,10500000,,10.5K,10500,250,250,
909,TwinRoozi 쌍둥이 루지,TwinRoozi 쌍둥이 루지,Indonesia,10.4M,10400000,Daily vlogs,0,0,0,0,
910,How It Should Have Ended,HISHEdotcom,United States,10.4M,10400000,Movies,8.5K,8500,121,121,Animation
911,"SaraBeautyCorner - DIY, Comedy, Makeup, Nail Art",SaraBeautyCorner,United States,10.4M,10400000,DIY & Life Hacks,2K,2000,43,43,
912,Tomorrowland,TomorrowlandChannel,Brazil,10.4M,10400000,Music & Dance,1.5K,1500,82,82,
913,Toymong tv 토이몽TV,Toymong tv 토이몽TV,,10.4M,10400000,,210,210,0,0,
914,Hindi Kahaniya,Hindi Kahaniya,India,10.4M,10400000,,836,836,21,21,
915,Stray Kids,Stray Kids,United States,10.4M,10400000,Music & Dance,141.5K,141500,3.8K,3800,Movies
916,Sadhguru,sadhguru,India,10.4M,10400000,Movies,6.3K,6300,231,231,
917,tomiii 11,tomiii 11,Mexico,10.4M,10400000,Daily vlogs,6.7K,6700,600,600,
918,5-Minute Crafts LIKE,5-Minute Crafts LIKE,United States,10.4M,10400000,,140,140,4,4,
919,LA DIVAZA,LA DIVAZA,Mexico,10.4M,10400000,Music & Dance,79.7K,79700,6.5K,6500,Humor
920,atv,atv,Turkey,10.4M,10400000,Movies,116,116,7,7,Animation
921,GNP Music,GemaNadaPertiwi,Indonesia,10.4M,10400000,Music & Dance,1.3K,1300,0,0,Animation
922,Sanjoy Das Official,Sanjoy Das Official,India,10.4M,10400000,,24.9K,24900,488,488,
923,Lorrayne Oliveira,Lorrayne Oliveira,Brazil,10.4M,10400000,Animation,28K,28000,1.1K,1100,Humor
924,Times Music,timesmusicindia,India,10.4M,10400000,Music & Dance,10K,10000,620,620,
925,Mussoumano,mamilosmolengas,Brazil,10.4M,10400000,Music & Dance,58.5K,58500,3.2K,3200,Animation
926,AsapSCIENCE,AsapSCIENCE,United States,10.4M,10400000,Science & Technology,29.2K,29200,662,662,
927,BBC News عربي,BBCArabicNews,Morocco,10.4M,10400000,News & Politics,517,517,121,121,
928,Comedy Captain,Comedy Captain,India,10.4M,10400000,,122,122,4,4,
929,はじめしゃちょー（hajime）,0214mex,Japan,10.4M,10400000,Music & Dance,43.8K,43800,1.8K,1800,Humor
930,Heroine Movies 2022,Heroine Movies 2022,India,10.3M,10300000,Daily vlogs,1.5K,1500,20,20,
931,Laurinha e Helena - Clubinho da Laura,JessicaJulioeBaby,Brazil,10.3M,10300000,Movies,3.2K,3200,0,0,Animation
932,Talent Recap,Talent Recap,United States,10.3M,10300000,Music & Dance,558,558,60,60,Movies
933,Red Chillies Entertainment,ChennaiExp2013,India,10.3M,10300000,,885,885,23,23,
934,Patty Mayo,Patty Mayo,United States,10.3M,10300000,Movies,27.1K,27100,1.2K,1200,Humor
935,Sing King,singkingkaraoke,United States,10.3M,10300000,Music & Dance,206,206,13,13,
936,PineappleStormTV,PineappleStormTV,Brazil,10.2M,10200000,Music & Dance,61K,61000,2.1K,2100,
937,[햄지]Hamzy,[햄지]Hamzy,United States,10.2M,10200000,,40.9K,40900,1K,1000,
938,Receitas de Pai,Receitas de Pai,Brazil,10.2M,10200000,Food & Drinks,10.4K,10400,312,312,
939,5-Minute Recipes,5-Minute Recipes,India,10.2M,10200000,,414,414,12,12,
940,Hindi Countdown,Hindi Countdown,India,10.2M,10200000,Education,46.1K,46100,1.2K,1200,
941,Sab Kuchh Sekho Jano,Sab Kuchh Sekho Jano,India,10.2M,10200000,News & Politics,1K,1000,36,36,
942,Dalas Review,DalasReview,Mexico,10.2M,10200000,Science & Technology,47.6K,47600,8.7K,8700,
943,T-STUDIO,T-STUDIO,Indonesia,10.2M,10200000,,851,851,1,1,
944,João Caetano,BrPVPHu3,Brazil,10.2M,10200000,,40.1K,40100,464,464,
945,Viki Show,Viki Show,Russia,10.2M,10200000,Video games,38.7K,38700,1.9K,1900,Toys
946,Wylsacom,Wylsacom,Russia,10.2M,10200000,News & Politics,17.5K,17500,778,778,
947,DRJ Records Specials,DRJ Records Specials,India,10.2M,10200000,,123,123,4,4,
948,Miniminter,miniminter,United Kingdom,10.2M,10200000,Video games,77.1K,77100,1.3K,1300,Humor
949,Dynamo Gaming,Dynamo Gaming,India,10.2M,10200000,,22.9K,22900,148,148,
950,CS Bisht Vines,CS Bisht Vines,India,10.2M,10200000,,25.9K,25900,752,752,
951,Survival Builder,Survival Builder,United States,10.2M,10200000,,2.2K,2200,120,120,
952,서은일상이야기,서은일상이야기,,10.2M,10200000,,148,148,0,0,
953,hasanjr11,hasanjr11,Indonesia,10.2M,10200000,,26.5K,26500,2.6K,2600,
954,Islam Populer,Islam Populer,Indonesia,10.2M,10200000,Education,998,998,129,129,
955,Теремок ТВ,TeremokTV,,10.2M,10200000,Video games,845,845,0,0,
956,Family Box,Family Box,Russia,10.2M,10200000,Video games,13.4K,13400,208,208,
957,вДудь,вДудь,Russia,10.2M,10200000,News & Politics,0,0,0,0,
958,The Daily Show with Trevor Noah,The Daily Show with Trevor Noah,United States,10.2M,10200000,News & Politics,9.8K,9800,439,439,
959,Doctor Mike,Doctor Mike,United States,10.1M,10100000,Health & Self Help,68.7K,68700,3.7K,3700,
960,Beast Philanthropy,Beast Philanthropy,United States,10.1M,10100000,Food & Drinks,504.7K,504700,23.6K,23600,
961,Shemaroo Bhakti,bhaktisongs,India,10.1M,10100000,Music & Dance,173,173,17,17,
962,Oneindia Hindi | वनइंडिया हिंदी,Oneindia Hindi | वनइंडिया हिंदी,India,10.1M,10100000,News & Politics,27,27,2,2,
963,OneRepublic,OneRepublic,United States,10.1M,10100000,Music & Dance,29.9K,29900,340,340,
964,truly,barcroftmedia,United States,10.1M,10100000,News & Politics,0,0,111,111,
965,Jugnu Kids - Nursery Rhymes and Best Baby Songs,Jugnu Kids - Nursery Rhymes and Best Baby Songs,,10M,10000000,Animation,1.7K,1700,0,0,
966,ChuChuTV Español,ChuChuTV Español,,10M,10000000,Toys,248,248,0,0,
967,Теремок - Песенки для детей,TeremokSongs,Russia,10M,10000000,Music & Dance,576,576,0,0,
968,VitalyzdTv,VitalyzdTv,United States,10M,10000000,Humor,3.7K,3700,574,574,
969,EugenBro,EugenBro,Russia,10M,10000000,Video games,19.5K,19500,2K,2000,
970,Nickelodeon,Nickelodeon,,10M,10000000,Movies,503,503,0,0,Animation
971,UTKARSH CLASSES JODHPUR,UTKARSH CLASSES JODHPUR,India,10M,10000000,Education,11K,11000,430,430,
972,BERTH-OH,BERTH-OH,Mexico,10M,10000000,Autos & Vehicles,24.2K,24200,442,442,
973,RUOK,RUOK,Brazil,10M,10000000,,43.6K,43600,2.3K,2300,
974,Vie Channel - HTV2,htv2channel,United States,10M,10000000,Music & Dance,682,682,42,42,
975,Orkun Işıtmak,ThePersica,Turkey,10M,10000000,Animation,69.3K,69300,2.9K,2900,
976,123 GO! Hindi,123 GO! Hindi,India,10M,10000000,,5.7K,5700,48,48,
977,Family Fun Pack,familyfunpack,United States,10M,10000000,,2.2K,2200,130,130,
978,Netflix Latinoamérica,Netflix Latinoamérica,,10M,10000000,,551,551,38,38,
979,مصطفى GAME OVER,مصطفى GAME OVER,Iraq,10M,10000000,,73.9K,73900,3.2K,3200,
980,Little Angel Bahasa Indonesia - Lagu Anak,Little Angel Bahasa Indonesia - Lagu Anak,,10M,10000000,Music & Dance,4.1K,4100,0,0,Toys
981,VYRLOriginals,VYRLOriginals,India,10M,10000000,Music & Dance,6.1K,6100,253,253,
982,Mari Maria,makebymarimaria,Brazil,10M,10000000,Fashion,4.5K,4500,170,170,DIY & Life Hacks
983,Eagle Home Entertainments,Eagle Home Entertainments,India,10M,10000000,,11,11,0,0,
984,SULE PRODUCTIONS,SULE PRODUCTIONS,Indonesia,9.9M,9900000,,10.3K,10300,522,522,
985,Shruti Arjun Anand,shrutiarjunanand,India,9.9M,9900000,Movies,13.2K,13200,625,625,Humor
986,Dharma Productions,Dharma Productions,India,9.9M,9900000,,1.2K,1200,156,156,
987,SEVENGERS,SEVENGERS,India,9.9M,9900000,,509.1K,509100,905,905,
988,Programa Panico,panicopgm,Brazil,9.9M,9900000,Toys,1.7K,1700,48,48,
989,QPark,joycetanner,United States,9.9M,9900000,Music & Dance,13.8K,13800,219,219,Humor
990,The Voice Global,The Voice Global,United States,9.9M,9900000,Music & Dance,2.9K,2900,78,78,
991,NH Studioz,nhstudioz,India,9.9M,9900000,,156,156,4,4,
992,Prince Royce,Prince Royce,United States,9.9M,9900000,Music & Dance,638,638,18,18,
993,MBCkpop,MBCkpop,Malaysia,9.9M,9900000,Music & Dance,284,284,14,14,
994,The Bee Family,ehbeefamily,United States,9.9M,9900000,Daily vlogs,15.7K,15700,184,184,
995,Fox News,FoxNewsChannel,United States,9.9M,9900000,News & Politics,5.5K,5500,1.6K,1600,
996,Raditya Dika,Raditya Dika,Indonesia,9.9M,9900000,Food & Drinks,14.8K,14800,741,741,
997,Ini Talk Show,IniTalkShow,Indonesia,9.9M,9900000,Music & Dance,290,290,17,17,Humor
998,SpriteDer SPD,SpriteDer SPD,Thailand,9.9M,9900000,Humor,154.4K,154400,3.6K,3600,
999,Classic Mr Bean,Classic Mr Bean,India,9.9M,9900000,,1.1K,1100,53,53,
1000,Heera Gold,Heera Gold,Pakistan,9.9M,9900000,Daily vlogs,1.6K,1600,161,161,
951,Survival Builder,Survival Builder,United States,10.2M,10200000,,2.2K,2200,120,120,
952,서은일상이야기,서은일상이야기,,10.2M,10200000,,148,148,0,0,
953,hasanjr11,hasanjr11,Indonesia,10.2M,10200000,,26.5K,26500,2.6K,2600,
954,Islam Populer,Islam Populer,Indonesia,10.2M,10200000,Education,998,998,129,129,
955,Теремок ТВ,TeremokTV,,10.2M,10200000,Video games,845,845,0,0,
956,Family Box,Family Box,Russia,10.2M,10200000,Video games,13.4K,13400,208,208,
957,вДудь,вДудь,Russia,10.2M,10200000,News & Politics,0,0,0,0,
958,The Daily Show with Trevor Noah,The Daily Show with Trevor Noah,United States,10.2M,10200000,News & Politics,9.8K,9800,439,439,
959,Doctor Mike,Doctor Mike,United States,10.1M,10100000,Health & Self Help,68.7K,68700,3.7K,3700,
960,Beast Philanthropy,Beast Philanthropy,United States,10.1M,10100000,Food & Drinks,504.7K,504700,23.6K,23600,
962,Oneindia Hindi | वनइंडिया हिंदी,Oneindia Hindi | वनइंडिया हिंदी,India,10.1M,10100000,News & Politics,27,27,2,2,
963,OneRepublic,OneRepublic,United States,10.1M,10100000,Music & Dance,29.9K,29900,340,340,
964,truly,barcroftmedia,United States,10.1M,10100000,News & Politics,0,0,111,111,
965,Jugnu Kids - Nursery Rhymes and Best Baby Songs,Jugnu Kids - Nursery Rhymes and Best Baby Songs,,10M,10000000,Animation,1.7K,1700,0,0,
966,ChuChuTV Español,ChuChuTV Español,,10M,10000000,Toys,248,248,0,0,
967,Теремок - Песенки для детей,TeremokSongs,Russia,10M,10000000,Music & Dance,576,576,0,0,
968,VitalyzdTv,VitalyzdTv,United States,10M,10000000,Humor,3.7K,3700,574,574,
969,EugenBro,EugenBro,Russia,10M,10000000,Video games,19.5K,19500,2K,2000,
970,Nickelodeon,Nickelodeon,,10M,10000000,Movies,503,503,0,0,Animation
971,UTKARSH CLASSES JODHPUR,UTKARSH CLASSES JODHPUR,India,10M,10000000,Education,11K,11000,430,430,
972,BERTH-OH,BERTH-OH,Mexico,10M,10000000,Autos & Vehicles,24.2K,24200,442,442,
973,RUOK,RUOK,Brazil,10M,10000000,,43.6K,43600,2.3K,2300,
974,Vie Channel - HTV2,htv2channel,United States,10M,10000000,Music & Dance,682,682,42,42,
976,123 GO! Hindi,123 GO! Hindi,India,10M,10000000,,5.7K,5700,48,48,
977,Family Fun Pack,familyfunpack,United States,10M,10000000,,2.2K,2200,130,130,
978,Netflix Latinoamérica,Netflix Latinoamérica,,10M,10000000,,551,551,38,38,
979,مصطفى GAME OVER,مصطفى GAME OVER,Iraq,10M,10000000,,73.9K,73900,3.2K,3200,
980,Little Angel Bahasa Indonesia - Lagu Anak,Little Angel Bahasa Indonesia - Lagu Anak,,10M,10000000,Music & Dance,4.1K,4100,0,0,Toys
981,VYRLOriginals,VYRLOriginals,India,10M,10000000,Music & Dance,6.1K,6100,253,253,
982,Mari Maria,makebymarimaria,Brazil,10M,10000000,Fashion,4.5K,4500,170,170,DIY & Life Hacks
983,Eagle Home Entertainments,Eagle Home Entertainments,India,10M,10000000,,11,11,0,0,
984,SULE PRODUCTIONS,SULE PRODUCTIONS,Indonesia,9.9M,9900000,,10.3K,10300,522,522,
985,Shruti Arjun Anand,shrutiarjunanand,India,9.9M,9900000,Movies,13.2K,13200,625,625,Humor
986,Dharma Productions,Dharma Productions,India,9.9M,9900000,,1.2K,1200,156,156,
987,SEVENGERS,SEVENGERS,India,9.9M,9900000,,509.1K,509100,905,905,
988,Programa Panico,panicopgm,Brazil,9.9M,9900000,Toys,1.7K,1700,48,48,
989,QPark,joycetanner,United States,9.9M,9900000,Music & Dance,13.8K,13800,219,219,Humor
990,The Voice Global,The Voice Global,United States,9.9M,9900000,Music & Dance,2.9K,2900,78,78,
992,Prince Royce,Prince Royce,United States,9.9M,9900000,Music & Dance,638,638,18,18,
993,MBCkpop,MBCkpop,Malaysia,9.9M,9900000,Music & Dance,284,284,14,14,
994,The Bee Family,ehbeefamily,United States,9.9M,9900000,Daily vlogs,15.7K,15700,184,184,
995,Fox News,FoxNewsChannel,United States,9.9M,9900000,News & Politics,5.5K,5500,1.6K,1600,
996,Raditya Dika,Raditya Dika,Indonesia,9.9M,9900000,Food & Drinks,14.8K,14800,741,741,
997,Ini Talk Show,IniTalkShow,Indonesia,9.9M,9900000,Music & Dance,290,290,17,17,Humor
998,SpriteDer SPD,SpriteDer SPD,Thailand,9.9M,9900000,Humor,154.4K,154400,3.6K,3600,
999,Classic Mr Bean,Classic Mr Bean,India,9.9M,9900000,,1.1K,1100,53,53,
1000,Heera Gold,Heera Gold,Pakistan,9.9M,9900000,Daily vlogs,1.6K,1600,161,161,