youtuber name,channel name,Category,Subscribers,Subscribers,Audience Country,avg views,avg views,avg likes,avg likes,avg comments,avg comments
tseries,T-Series,Music & Dance,212.1M,212100000,India,323.7K,323700,9.8K,9800,290,290
checkgate,Cocomelon - Nursery Rhymes,Education,132.1M,132100000,N/A,13.8M,13800000,80.9K,80900,N/A,#VALOR!
setindia,SET India,,130.4M,130400000,India,23.6K,23600,314,314,21,21
PewDiePie,PewDiePie,Animation,111.4M,111400000,United States,1.4M,1400000,80.8K,80800,4.6K,4600
MrBeast6000,MrBeast,Video games,92.5M,92500000,United States,30.6M,30600000,1.7M,1700000,67.7K,67700
✿ Kids Diana Show,✿ Kids Diana Show,Animation,92.4M,92400000,N/A,10.6M,10600000,46.8K,46800,N/A,#VALOR!
Like Nastya,Like Nastya,Animation,90.1M,90100000,N/A,13.7M,13700000,74.2K,74200,N/A,#VALOR!
WWEFanNation,WWE,Video games,86.9M,86900000,United States,76.6K,76600,2.8K,2800,163,163
zeemusiccompany,Zee Music Company,Music & Dance,82.7M,82700000,India,108.7K,108700,4.2K,4200,155,155
Vlad and Niki,Vlad and Niki,Toys,80.4M,80400000,N/A,7M,7000000,42.2K,42200,N/A,#VALOR!
5-Minute Crafts,5-Minute Crafts,,76.2M,76200000,United States,255.6K,255600,2.1K,2100,68,68
kidrauhl,Justin Bieber,Music & Dance,68.1M,68100000,United States,2.7M,2700000,162.7K,162700,7.9K,7900
GoldminesTelefilms,Goldmines,,67.9M,67900000,India,107.1K,107100,1K,1000,39,39
CanalKondZilla,Canal KondZilla,Music & Dance,65.5M,65500000,Brazil,36.8K,36800,2.3K,2300,153,153
BANGTANTV,BANGTANTV,Music & Dance,65M,65000000,United States,2.8M,2800000,598.9K,598900,14.2K,14200
sabtv,Sony SAB,Movies,64.9M,64900000,India,46.5K,46500,899,899,27,27
ibighit,HYBE LABELS,Music & Dance,64.7M,64700000,United States,401.7K,401700,62.3K,62300,2.6K,2600
zeetv,Zee TV,,61.5M,61500000,India,146.2K,146200,1.8K,1800,17,17
filmigaane,Shemaroo Filmi Gaane,Music & Dance,59.2M,59200000,India,64.5K,64500,631,631,33,33
corycotton,Dude Perfect,Video games,57.4M,57400000,United States,10.3M,10300000,375.7K,375700,9.1K,9100
SmartBooksMedia,Pinkfong Baby Shark - Kids' Songs & Stories,Animation,56.6M,56600000,N/A,412K,412000,1.4K,1400,N/A,#VALOR!
ChuChu TV Nursery Rhymes & Kids Songs,ChuChu TV Nursery Rhymes & Kids Songs,Education,55.2M,55200000,N/A,498.7K,498700,5.4K,5400,N/A,#VALOR!
Marshmello,Marshmello,Music & Dance,55M,55000000,United States,636K,636000,47.4K,47400,4.9K,4900
BHOJPURIWAVE,Wave Music,Music & Dance,51.5M,51500000,India,85.8K,85800,1.4K,1400,155,155
colorstv,Colors TV,,51.2M,51200000,India,20.2K,20200,290,290,8,8
aajtaktv,Aaj Tak,News & Politics,50.9M,50900000,India,8.9K,8900,128,128,10,10
sonymusicindiaSME,Sony Music India,Music & Dance,50.3M,50300000,India,60.2K,60200,2.6K,2600,75,75
tipsmusic,Tips Official,Music & Dance,49.9M,49900000,India,230.8K,230800,1.8K,1800,85,85
ReinoMariaElenaWalsh,El Reino Infantil,Music & Dance,48.9M,48900000,N/A,254.4K,254400,1K,1000,N/A,#VALOR!
LooLooKids,LooLoo Kids - Nursery Rhymes and Children's Songs,Music & Dance,48.7M,48700000,N/A,1.7M,1700000,7.4K,7400,N/A,#VALOR!
tseriesbhakti,T-Series Bhakti Sagar,Music & Dance,48.3M,48300000,India,26.4K,26400,1.2K,1200,73,73
Badabun,Badabun,,45.5M,45500000,Mexico,4.9K,4900,129,129,14,14
JuegaGerman,JuegaGerman,Animation,45.5M,45500000,Mexico,1.4M,1400000,140.7K,140700,4.8K,4800
yrf,YRF,Music & Dance,45.3M,45300000,India,184.2K,184200,5.5K,5500,104,104
Billie Eilish,Billie Eilish,Music & Dance,45.1M,45100000,United States,1.3M,1300000,149.7K,149700,7.2K,7200
felipeneto,Felipe Neto,,44M,44000000,Brazil,280.6K,280600,34K,34000,245,245
whinderssonnunes,whinderssonnunes,Movies,43.8M,43800000,Brazil,140.8K,140800,17K,17000,145,145
BRIGHT SIDE,BRIGHT SIDE,Animation,43.2M,43200000,United States,79.7K,79700,1.9K,1900,137,137
KatyPerryMusic,Katy Perry,Music & Dance,42.6M,42600000,United States,151.6K,151600,10.7K,10700,824,824
vcsabiavideos,Você Sabia?,,42.6M,42600000,Brazil,987.2K,987200,129K,129000,2.7K,2700
infobellshindirhymes,Infobells - Hindi,Education,42.6M,42600000,India,883.3K,883300,4.7K,4700,N/A,#VALOR!
DjWalkzz,Alan Walker,Music & Dance,41.6M,41600000,United States,146.7K,146700,12.9K,12900,378,378
sonymusicindiaVEVO,SonyMusicIndiaVEVO,Music & Dance,41.2M,41200000,India,2.3K,2300,136,136,19,19
Like Nastya Show,Like Nastya Show,Animation,40.8M,40800000,N/A,723.9K,723900,3.5K,3500,N/A,#VALOR!
speedrecordss,Speed Records,Music & Dance,40M,40000000,India,42.3K,42300,1.8K,1800,79,79
A4,A4,Animation,39M,39000000,Russia,12.3M,12300000,650.5K,650500,43.9K,43900
ABSCBNOnline,ABS-CBN Entertainment,,38.8M,38800000,Philippines,1.7K,1700,26,26,1,1
getmovies,Get Movies,,38.7M,38700000,N/A,542.4K,542400,3K,3000,N/A,#VALOR!
LuisitoComunicaa,Luisito Comunica,,38.4M,38400000,Mexico,2.4M,2400000,74.6K,74600,3.3K,3300
LittleBabyBum,Little Baby Bum - Nursery Rhymes & Kids Songs,Education,38.4M,38400000,N/A,489.4K,489400,1.6K,1600,N/A,#VALOR!
TheEllenShow,TheEllenShow,,38.2M,38200000,United States,42.1K,42100,944,944,54,54
MashaMedvedTV,Маша и Медведь,Education,37.4M,37400000,N/A,1.2M,1200000,7.8K,7800,N/A,#VALOR!
gr6explode,GR6 EXPLODE,Music & Dance,37.2M,37200000,Brazil,179.6K,179600,11.4K,11400,190,190
luccasneto,LUCCAS NETO - LUCCAS TOON,Animation,37.1M,37100000,Brazil,625.7K,625700,13.3K,13300,N/A,#VALOR!
venus,Ishtar Music,Music & Dance,36.5M,36500000,India,67.8K,67800,790,790,59,59
Kimberly Loaiza,Kimberly Loaiza,Daily vlogs,36M,36000000,Mexico,9.2M,9200000,646.5K,646500,42.3K,42300
ShemarooEnt,Shemaroo,,35.8M,35800000,India,103.6K,103600,604,604,18,18
DaddyYankeeOFFTV,Daddy Yankee,Music & Dance,35.8M,35800000,Argentina,1.7M,1700000,174.6K,174600,15.8K,15800
Voot Kids,Voot Kids,Movies,35.8M,35800000,India,2.4M,2400000,17.2K,17200,N/A,#VALOR!
WorkpointOfficial,WorkpointOfficial,,35.6M,35600000,Thailand,10.1K,10100,139,139,7,7
Toys and Colors,Toys and Colors,Toys,35.1M,35100000,N/A,1.1M,1100000,2.9K,2900,N/A,#VALOR!
shfa,shfa,Daily vlogs,34.9M,34900000,France,3.6M,3600000,52.4K,52400,N/A,#VALOR!
shfa2 - شفا,shfa2 - شفا,Daily vlogs,34.5M,34500000,N/A,632.1K,632100,4.5K,4500,N/A,#VALOR!
SuperSimpleSongs,Super Simple Songs - Kids Songs,Music & Dance,33.7M,33700000,N/A,1.7M,1700000,3.7K,3700,N/A,#VALOR!
Jkk Entertainment,Jkk Entertainment,,33.7M,33700000,India,11.3M,11300000,103.3K,103300,1.4K,1400
JbalvinTube,J Balvin,Music & Dance,33.3M,33300000,Colombia,0,0,N/A,#VALOR!,N/A,#VALOR!
gmmonetv,one31,,33.3M,33300000,Thailand,7K,7000,133,133,4,4
vegetta777,VEGETTA777,Video games,32.9M,32900000,Mexico,394.2K,394200,31.7K,31700,256,256
Masha and The Bear,Masha and The Bear,Animation,32.8M,32800000,N/A,1.2M,1200000,7.5K,7500,N/A,#VALOR!
YouTube,YouTube,,32.8M,32800000,United States,41.5K,41500,2K,2000,N/A,#VALOR!
Goldmines Gaane Sune Ansune,Goldmines Gaane Sune Ansune,Music & Dance,32.7M,32700000,India,65.7K,65700,515,515,22,22
markiplierGAME,Markiplier,Animation,32.5M,32500000,United States,3M,3000000,165.3K,165300,6K,6000
Like Nastya ESP,Like Nastya ESP,,32.3M,32300000,N/A,418.4K,418400,1.7K,1700,N/A,#VALOR!
Ryan's World,Ryan's World,Animation,32.1M,32100000,N/A,975.2K,975200,4.4K,4400,N/A,#VALOR!
abpnewstv,ABP NEWS,News & Politics,32.1M,32100000,India,2.6K,2600,35,35,3,3
NoCopyrightSounds,NoCopyrightSounds,Music & Dance,32.1M,32100000,United States,535.5K,535500,19.7K,19700,1.2K,1200
Desi Music Factory,Desi Music Factory,Music & Dance,32.1M,32100000,India,10.8M,10800000,396.4K,396400,143.6K,143600
Geet MP3,Geet MP3,Music & Dance,31.9M,31900000,India,381.4K,381400,25.8K,25800,1K,1000
Total Gaming,Total Gaming,,31.7M,31700000,India,1.4M,1400000,140K,140000,6.8K,6800
Maria Clara & JP,Maria Clara & JP,,31.5M,31500000,N/A,2.8M,2800000,22.1K,22100,N/A,#VALOR!
UltraHindi,Ultra Bollywood,,31.5M,31500000,India,88.1K,88100,570,570,24,24
tseriesapnapunjab,T-Series Apna Punjab,Music & Dance,31.3M,31300000,India,34.3K,34300,1.4K,1400,64,64
SSSniperWolf,SSSniperWolf,Humor,31M,31000000,United States,4.9M,4900000,141.9K,141900,7.3K,7300
Mikecrack,Mikecrack,Animation,30.9M,30900000,Mexico,3.8M,3800000,277.4K,277400,9.6K,9600
GENIAL,GENIAL,Animation,30.9M,30900000,Mexico,74.3K,74300,2.4K,2400,83,83
KHANDESHI MOVIES,KHANDESHI MOVIES,,30.9M,30900000,India,7.5M,7500000,65.8K,65800,931,931
tv3official,Ch3Thailand,,30.7M,30700000,Thailand,120.5K,120500,1.4K,1400,33,33
Luis Fonsi,Luis Fonsi,,30.5M,30500000,United States,37K,37000,2.7K,2700,131,131
sonypalindia,Sony PAL,,30.5M,30500000,India,12.2K,12200,220,220,17,17
AllTrapNation,Trap Nation,Music & Dance,30.5M,30500000,United States,129.3K,129300,4.7K,4700,136,136
IndiaTV,IndiaTV,News & Politics,30.5M,30500000,India,13.6K,13600,219,219,11,11
cancionesdelagranja,La Granja de Zenón,Music & Dance,30.4M,30400000,N/A,623.3K,623300,3.1K,3100,N/A,#VALOR!
erosentertainment,Eros Now Music,,30.3M,30300000,India,64.1K,64100,1K,1000,31,31
SMTOWN,SMTOWN,Music & Dance,30.2M,30200000,United States,478K,478000,54.7K,54700,3.2K,3200
MrBean,Mr Bean,,30.1M,30100000,India,73.2K,73200,2.2K,2200,69,69
juptube,Galinha Pintadinha,Music & Dance,29.7M,29700000,N/A,10.6M,10600000,43.2K,43200,N/A,#VALOR!
Ricis Official,Ricis Official,Music & Dance,29.7M,29700000,Indonesia,782K,782000,51.6K,51600,1.8K,1800
rezendeevil,rezendeevil,Video games,29.7M,29700000,Brazil,230.7K,230700,28.7K,28700,463,463
AH,AH,Music & Dance,29.6M,29600000,Indonesia,1.4M,1400000,81.1K,81100,4.4K,4400
SpinninRec,Spinnin' Records,Music & Dance,29.5M,29500000,United States,70.3K,70300,2.5K,2500,71,71
latenight,The Tonight Show Starring Jimmy Fallon,Music & Dance,29.3M,29300000,United States,88.8K,88800,2.2K,2200,121,121
tseriesoldisgold,Bollywood Classics,Music & Dance,28.9M,28900000,India,44.4K,44400,530,530,39,39
rajshri,Rajshri,,28.8M,28800000,India,15.4K,15400,109,109,6,6
harpalgeo,HAR PAL GEO,,28.6M,28600000,Pakistan,7.3K,7300,67,67,4,4
DisneyMusicVEVO,DisneyMusicVEVO,Music & Dance,28.5M,28500000,United States,2.5M,2500000,63.2K,63200,2K,2000
UltraRecords,Ultra Music,Music & Dance,28.3M,28300000,United States,30.6K,30600,1.2K,1200,48,48
jacksepticeye,jacksepticeye,Video games,28.2M,28200000,United States,1.9M,1900000,127.6K,127600,5.2K,5200
BabyBus - Kids Songs and Cartoons,BabyBus - Kids Songs and Cartoons,Animation,28.1M,28100000,N/A,1.1M,1100000,4.7K,4700,N/A,#VALOR!
xoxxxoooxo,The Weeknd,Music & Dance,27.7M,27700000,United States,355.6K,355600,25.3K,25300,1.1K,1100
TheLateLateShow,The Late Late Show with James Corden,Animation,27.5M,27500000,United States,78.1K,78100,1.6K,1600,112,112
ImagineDragons,ImagineDragons,Music & Dance,27.5M,27500000,United States,1.6M,1600000,95.8K,95800,3.6K,3600
TalkingTomCat,Talking Tom,,27.4M,27400000,United States,1.2M,1200000,3K,3000,N/A,#VALOR!
toyoraljanahtv,قناة طيور الجنة | toyoraljanahtv,Music & Dance,27.3M,27300000,N/A,143.7K,143700,N/A,#VALOR!,N/A,#VALOR!
theofficialpeppa,Peppa Pig - Official Channel,Toys,26.9M,26900000,N/A,2M,2000000,9K,9000,N/A,#VALOR!
Little Angel: Nursery Rhymes & Kids Songs,Little Angel: Nursery Rhymes & Kids Songs,Toys,26.9M,26900000,N/A,1.1M,1100000,5.1K,5100,N/A,#VALOR!
ARY Digital,ARY Digital,,26.9M,26900000,Pakistan,15.1K,15100,143,143,5,5
WWRBhojpuri,Worldwide Records Bhojpuri,Music & Dance,26.7M,26700000,India,119.6K,119600,1.7K,1700,129,129
SongsOfIndianCinema,Saregama Music,Music & Dance,26.6M,26600000,India,31.6K,31600,906,906,79,79
MrBeast Gaming,MrBeast Gaming,Animation,26.5M,26500000,United States,23.3M,23300000,732K,732000,44K,44000
Wow Kidz,Wow Kidz,Animation,26.5M,26500000,N/A,468.2K,468200,4.3K,4300,N/A,#VALOR!
TheDonato,TheDonato,Video games,26.5M,26500000,Mexico,488.1K,488100,56.5K,56500,240,240
GMANETWORK,GMANetwork,,26.4M,26400000,Philippines,10K,10000,249,249,12,12
infobellstamil,infobells - Tamil,Education,26.2M,26200000,N/A,215K,215000,1.2K,1200,N/A,#VALOR!
TheDiamondMinecart,DanTDM,Video games,26.1M,26100000,United States,1.3M,1300000,59.5K,59500,3.7K,3700
taylorgangent,Wiz Khalifa,Music & Dance,26M,26000000,United States,0,0,N/A,#VALOR!,N/A,#VALOR!
Bounce Patrol - Kids Songs,Bounce Patrol - Kids Songs,Music & Dance,25.8M,25800000,N/A,2.8M,2800000,7.8K,7800,N/A,#VALOR!
WorldStarHipHopTV,WORLDSTARHIPHOP,Music & Dance,25.8M,25800000,United States,72.7K,72700,2.4K,2400,267,267
VanossGaming,VanossGaming,Animation,25.6M,25600000,United States,1.2M,1200000,57.5K,57500,624,624
enchufetv,enchufetv,Humor,25.6M,25600000,Ecuador,960.6K,960600,99.9K,99900,235,235
infobellstelugu,infobells - Telugu,Education,25.6M,25600000,N/A,165.5K,165500,825,825,N/A,#VALOR!
LosPolinesios,LosPolinesios,Daily vlogs,25.4M,25400000,Mexico,620.9K,620900,45.6K,45600,997,997
PowerKids,PowerKids,Movies,25.3M,25300000,India,18.9K,18900,N/A,#VALOR!,N/A,#VALOR!
Techno Gamerz,Techno Gamerz,,25.2M,25200000,India,5M,5000000,332.9K,332900,25.8K,25800
1MILLION Dance Studio,1MILLION Dance Studio,,25.2M,25200000,India,72.1K,72100,3.8K,3800,57,57
toycantando,toycantando,Music & Dance,25M,25000000,N/A,376.8K,376800,2.3K,2300,N/A,#VALOR!
smosh,Smosh,Animation,25M,25000000,United States,193.4K,193400,10.8K,10800,382,382
xSkyHeLLxx,Renato Garcia,Toys,24.8M,24800000,Brazil,1M,1000000,112.2K,112200,1.5K,1500
AboFlah,AboFlah,Animation,24.7M,24700000,Iraq,0,0,N/A,#VALOR!,N/A,#VALOR!
zeenews,Zee News,News & Politics,24.5M,24500000,India,78.3K,78300,1.3K,1300,80,80
Diana and Roma ESP,Diana and Roma ESP,Animation,24.5M,24500000,N/A,982.6K,982600,4.4K,4400,N/A,#VALOR!
WatchMojo,WatchMojo.com,Movies,24.4M,24400000,United States,77.7K,77700,2.3K,2300,231,231
Super JoJo - Nursery Rhymes & Kids Songs,Super JoJo - Nursery Rhymes & Kids Songs,Animation,24.4M,24400000,N/A,1.5M,1500000,7.5K,7500,N/A,#VALOR!
Genevieve's Playhouse - Learning Videos for Kids,Genevieve's Playhouse - Learning Videos for Kids,Toys,24.4M,24400000,N/A,236.4K,236400,410,410,N/A,#VALOR!
Jess No Limit,Jess No Limit,Music & Dance,24.4M,24400000,Indonesia,363.2K,363200,15.4K,15400,1.1K,1100
TwiNboTzVids,Lucas and Marcus,Animation,24.4M,24400000,United States,472.4K,472400,20.3K,20300,749,749
MR. INDIAN HACKER,MR. INDIAN HACKER,,24.3M,24300000,India,5.3M,5300000,587.7K,587700,18.9K,18900
jypentertainment,JYP Entertainment,Music & Dance,24.2M,24200000,United States,2.3M,2300000,455.2K,455200,18.4K,18400
Las Ratitas,Las Ratitas,Toys,24.2M,24200000,N/A,580.7K,580700,15.5K,15500,N/A,#VALOR!
James Charles,James Charles,Beauty,24.2M,24200000,United States,1M,1000000,54.8K,54800,2.2K,2200
davidguettavevo,David Guetta,Music & Dance,24M,24000000,Brazil,267.4K,267400,8.7K,8700,358,358
nickelodeonjuniorfr,Nick Jr.,Toys,24M,24000000,N/A,148.7K,148700,361,361,N/A,#VALOR!
व्लाद और निकिता,व्लाद और निकिता,,23.8M,23800000,N/A,2.2M,2200000,14K,14000,N/A,#VALOR!
ZHC,ZHC,Design/art,23.8M,23800000,United States,5.2M,5200000,195.6K,195600,8.9K,8900
adityamusic,Aditya Music,Music & Dance,23.6M,23600000,India,49K,49000,1.2K,1200,36,36
Logan Paul,Logan Paul,Video games,23.4M,23400000,United States,4.3M,4300000,76.2K,76200,3.9K,3900
Rans Entertainment,Rans Entertainment,Music & Dance,23.4M,23400000,Indonesia,755.7K,755700,22.9K,22900,675,675
NewOnNetflix,Netflix,Movies,23.2M,23200000,United States,265.2K,265200,5K,5000,325,325
Chloe Ting,Chloe Ting,Fitness,23.2M,23200000,United States,375.7K,375700,17.3K,17300,783,783
Troom Troom,Troom Troom,Toys,23M,23000000,United States,339.2K,339200,3.7K,3700,107,107
Masha y el Oso,Masha y el Oso,Animation,23M,23000000,N/A,891.3K,891300,5.8K,5800,N/A,#VALOR!
Raffy Tulfo in Action,Raffy Tulfo in Action,Music & Dance,23M,23000000,Philippines,399.4K,399400,5.8K,5800,773,773
SesameStreet,Sesame Street,Music & Dance,22.8M,22800000,N/A,237.4K,237400,790,790,N/A,#VALOR!
JellyYT,Jelly,Video games,22.8M,22800000,United States,260K,260000,13.2K,13200,450,450
ColdplayVEVO,Coldplay,Music & Dance,22.8M,22800000,United States,66.2K,66200,6.9K,6900,188,188
Diana and Roma HIN,Diana and Roma HIN,,22.6M,22600000,N/A,251.1K,251100,1.6K,1600,N/A,#VALOR!
Mister Max,Mister Max,DIY & Life Hacks,22.6M,22600000,Russia,988.2K,988200,22.4K,22400,879,879
mildicasdemulher,Erlania e Valentina Pontes,,22.5M,22500000,Brazil,300.1K,300100,5K,5000,N/A,#VALOR!
Vlad và Nikita,Vlad và Nikita,Music & Dance,22.4M,22400000,N/A,1.3M,1300000,6.7K,6700,N/A,#VALOR!
DrossRotzank,DrossRotzank,News & Politics,22.4M,22400000,Mexico,2.1M,2100000,151.6K,151600,8.1K,8100
Sandeep Maheshwari,Sandeep Maheshwari,Daily vlogs,22.4M,22400000,India,652.6K,652600,38.8K,38800,2.3K,2300
ABP NEWS HINDI,ABP NEWS HINDI,News & Politics,22.3M,22300000,India,2K,2000,25,25,6,6
adityacinema,Aditya Movies,,22.3M,22300000,India,113.6K,113600,3.3K,3300,130,130
Goldmines Dishoom,Goldmines Dishoom,,22.2M,22200000,N/A,28.5K,28500,292,292,N/A,#VALOR!
THECHAINSMOKERS,The Chainsmokers,Humor,22.2M,22200000,United States,62.4K,62400,6.2K,6200,97,97
netdmuzikk,netd müzik,Music & Dance,22M,22000000,Turkey,15.5K,15500,355,355,59,59
Technical Guruji,Technical Guruji,,22M,22000000,India,111.4K,111400,9.8K,9800,847,847
Smile Family,Smile Family,Animation,21.8M,21800000,N/A,142.1K,142100,756,756,N/A,#VALOR!
gmmgrammyofficial,GMM GRAMMY OFFICIAL,Music & Dance,21.7M,21700000,Thailand,2.4K,2400,53,53,2,2
Anuel AA,Anuel AA,Music & Dance,21.6M,21600000,Colombia,104.2K,104200,7.4K,7400,373,373
mmoshaya,mmoshaya,,21.6M,21600000,Saudi Arabia,1.8M,1800000,35.7K,35700,1.7K,1700
Miss Katy,Miss Katy,Video games,21.4M,21400000,Russia,604.8K,604800,11.2K,11200,626,626
VenusMovies,Venus Movies,,21.4M,21400000,India,6.3K,6300,64,64,8,8
Like Nastya AE,Like Nastya AE,,21.4M,21400000,N/A,740.5K,740500,5K,5000,N/A,#VALOR!
Frost Diamond,Frost Diamond,Music & Dance,21.2M,21200000,Indonesia,395.1K,395100,21.3K,21300,1.2K,1200
Tasty,Tasty,Food & Drinks,21M,21000000,United States,251.5K,251500,7.9K,7900,239,239
WHBBP,White Hill Music,Music & Dance,21M,21000000,India,23.2K,23200,1.2K,1200,89,89
TEDtalksDirector,TED,,21M,21000000,United States,32.7K,32700,919,919,72,72
WB Kids,WB Kids,Movies,21M,21000000,N/A,68K,68000,659,659,N/A,#VALOR!
oRugrat,FaZe Rug,Video games,20.8M,20800000,United States,2.5M,2500000,105.9K,105900,5.9K,5900
5-Minute Crafts DIY,5-Minute Crafts DIY,Music & Dance,20.8M,20800000,India,53.4K,53400,648,648,18,18
AmericasGotTalent,America's Got Talent,,20.8M,20800000,United States,284.3K,284300,5.5K,5500,176,176
CanalCanalha,CanalCanalha,Sports,20.7M,20700000,Brazil,1.1M,1100000,127.4K,127400,2.1K,2100
hamaarbhojiwood,Wave Music Bhojpuri,Music & Dance,20.6M,20600000,India,8.8K,8800,139,139,30,30
PeppaLatinoAmericano,Peppa Pig Español Latino - Canal Oficial,Toys,20.6M,20600000,N/A,734.6K,734600,5.7K,5700,N/A,#VALOR!
shemaroomovies,Shemaroo Movies,,20.6M,20600000,India,21.8K,21800,264,264,14,14
BabyBus - Canciones Infantiles & Cuentos,BabyBus - Canciones Infantiles & Cuentos,Toys,20.6M,20600000,N/A,330.9K,330900,1.9K,1900,N/A,#VALOR!
Goldmines Bollywood,Goldmines Bollywood,,20.6M,20600000,India,32.6K,32600,173,173,9,9
Diana and Roma ARA,Diana and Roma ARA,,20.6M,20600000,N/A,1.8M,1800000,12.8K,12800,N/A,#VALOR!
The Lallantop,The Lallantop,News & Politics,20.5M,20500000,India,12.9K,12900,313,313,50,50
FGTeeV,FGTeeV,Animation,20.4M,20400000,United States,2.1M,2100000,23.5K,23500,2.1K,2100
BuzzFeedVideo,BuzzFeedVideo,Daily vlogs,20.4M,20400000,United States,56K,56000,1.4K,1400,148,148
Baim Paula,Baim Paula,Music & Dance,20.4M,20400000,Indonesia,1.1M,1100000,49.8K,49800,1.9K,1900
SSundee,SSundee,Video games,20.4M,20400000,United States,3M,3000000,141.2K,141200,4.6K,4600
Like Nastya PRT,Like Nastya PRT,,20.4M,20400000,N/A,670.3K,670300,3.4K,3400,N/A,#VALOR!
AuthenticGames,AuthenticGames,Video games,20.2M,20200000,Brazil,64.8K,64800,6.1K,6100,229,229
TheFineBros,REACT,Humor,20.2M,20200000,United States,89.5K,89500,3K,3000,382,382
Crazy XYZ,Crazy XYZ,,20.2M,20200000,India,5.6M,5600000,498.5K,498500,14.6K,14600
VEVO,Vevo,Music & Dance,20M,20000000,United States,85.6K,85600,804,804,36,36
DisneyChannelLA,Disney Latinoamérica,,20M,20000000,N/A,46.7K,46700,348,348,N/A,#VALOR!
goldmineshindi,Goldmines Movies,,20M,20000000,India,8.2K,8200,65,65,3,3
PenIndiaPvtLimited,Pen Movies,,20M,20000000,India,271K,271000,7.6K,7600,285,285
HaerteTest,HaerteTest,,20M,20000000,India,28K,28000,213,213,24,24
SlivkiChanel,SlivkiShow,DIY & Life Hacks,19.8M,19800000,Russia,2.8M,2800000,295K,295000,55.3K,55300
5-Minute Crafts PLAY,5-Minute Crafts PLAY,,19.8M,19800000,India,35.4K,35400,258,258,15,15
LazarBeam,LazarBeam,Video games,19.8M,19800000,United States,4.2M,4200000,160K,160000,5.9K,5900
Kids TV - Nursery Rhymes And Baby Songs,Kids TV - Nursery Rhymes And Baby Songs,Animation,19.8M,19800000,N/A,174.2K,174200,320,320,N/A,#VALOR!
NationalGeographic,National Geographic,,19.8M,19800000,United States,45.8K,45800,1.1K,1100,74,74
Brave Wilderness,Brave Wilderness,,19.8M,19800000,United States,400.6K,400600,12.1K,12100,735,735
BeckyGOfficial,Becky G,Music & Dance,19.8M,19800000,United States,57.5K,57500,5K,5000,126,126
Goldmines Cineplex,Goldmines Cineplex,,19.8M,19800000,India,15.7K,15700,132,132,4,4
NewAFI2013,Indosiar Visual Mandiri,Music & Dance,19.6M,19600000,Indonesia,15.7K,15700,264,264,22,22
rossbollinger,Pencilmation,Animation,19.6M,19600000,United States,390.9K,390900,3.4K,3400,96,96
HumNetwork,HUM TV,,19.4M,19400000,Pakistan,3K,3000,21,21,2,2
PrestonPlayz,Preston,Animation,19.4M,19400000,United States,2.8M,2800000,68.6K,68600,3.6K,3600
Mnet,Mnet K-POP,Music & Dance,19.4M,19400000,United States,31.1K,31100,2.6K,2600,112,112
CharliesVlogs,Charlie Puth,Music & Dance,19.2M,19200000,United States,464.7K,464700,34K,34000,802,802
Totoy kids - Português,Totoy kids - Português,Toys,19.2M,19200000,Brazil,207.4K,207400,1.5K,1500,N/A,#VALOR!
GooodLifeFilms,Lyrical Lemonade,,19.2M,19200000,United States,335.8K,335800,60.7K,60700,5.7K,5700
RotanaAudio,Rotana,Music & Dance,19.2M,19200000,Saudi Arabia,1.3M,1300000,22K,22000,533,533
Crafty Panda,Crafty Panda,Music & Dance,19.1M,19100000,India,75K,75000,540,540,15,15
Noor Stars,Noor Stars,Music & Dance,19.1M,19100000,Iraq,2M,2000000,161.3K,161300,12.1K,12100
DLS News,DLS News,News & Politics,19M,19000000,India,74.3K,74300,2.5K,2500,146,146
Troom Troom Es,Troom Troom Es,Toys,19M,19000000,Mexico,120.5K,120500,2.7K,2700,58,58
starplus,StarPlus,,19M,19000000,India,348.7K,348700,8.3K,8300,68,68
The ACE Family,The ACE Family,Humor,19M,19000000,United States,1.4M,1400000,73.8K,73800,3.6K,3600
toyorbabytv,toyorbabytv,Music & Dance,18.8M,18800000,N/A,100.9K,100900,N/A,#VALOR!,N/A,#VALOR!
gordonramsay,Gordon Ramsay,Food & Drinks,18.8M,18800000,United States,218.1K,218100,7.2K,7200,338,338
gottalentglobal,Got Talent Global,,18.8M,18800000,United States,48.3K,48300,751,751,63,63
TelenovelaTelevisa,Tlnovelas,ASMR,18.8M,18800000,Mexico,26.8K,26800,310,310,13,13
Infinite,Infinite,Video games,18.8M,18800000,United States,528.7K,528700,24.3K,24300,1.9K,1900
MrVivekBindra,Dr. Vivek Bindra: Motivational Speaker,Education,18.8M,18800000,India,290K,290000,18.2K,18200,222,222
TheWillyrex,TheWillyrex,Video games,18.6M,18600000,Spain,35.1K,35100,2.4K,2400,N/A,#VALOR!
UltraMovieParlour,Ultra Movie Parlour,,18.6M,18600000,India,194.8K,194800,1.2K,1200,31,31
fatosdesconhecidos,Fatos Desconhecidos,Science & Technology,18.6M,18600000,Brazil,242.1K,242100,23.1K,23100,636,636
TheEnaldinhO,Enaldinho,,18.5M,18500000,Brazil,365.9K,365900,28.2K,28200,518,518
Vlad and Niki Arabic,Vlad and Niki Arabic,,18.4M,18400000,N/A,2.6M,2600000,18.7K,18700,N/A,#VALOR!
OfficialClashOfClans,Clash of Clans,News & Politics,18.4M,18400000,United States,485.9K,485900,16.1K,16100,280,280
JimmyKimmelLive,Jimmy Kimmel Live,Movies,18.4M,18400000,United States,202.9K,202900,4.9K,4900,288,288
MARVEL,Marvel Entertainment,Movies,18.4M,18400000,United States,347.2K,347200,26.3K,26300,1K,1000
RobinHoodGamer1,Robin Hood Gamer,Animation,18.4M,18400000,Brazil,1.3M,1300000,59K,59000,1.1K,1100
Unbox Therapy,Unbox Therapy,Science & Technology,18.2M,18200000,United States,1.3M,1300000,17.7K,17700,2K,2000
NBA,NBA,Sports,18.2M,18200000,United States,49.4K,49400,1.6K,1600,92,92
Kurzgesagt,Kurzgesagt – In a Nutshell,Education,18.2M,18200000,United States,7.7M,7700000,354.7K,354700,15.7K,15700
TRT Originals Urdu,TRT Originals Urdu,,18.2M,18200000,Pakistan,387.9K,387900,17.1K,17100,747,747
CKN,CKN,Video games,18.2M,18200000,N/A,214.3K,214300,1.6K,1600,N/A,#VALOR!
gmapublicaffairs,GMA Public Affairs,News & Politics,18.1M,18100000,Philippines,10.6K,10600,131,131,10,10
corbuzierprediction,Deddy Corbuzier,,18.1M,18100000,Indonesia,3M,3000000,66.3K,66300,6.8K,6800
Eva Bravo Play,Eva Bravo Play,,18.1M,18100000,N/A,323.9K,323900,2.6K,2600,N/A,#VALOR!
★ Kids Roma Show,★ Kids Roma Show,Animation,18M,18000000,N/A,1.1M,1100000,10.2K,10200,N/A,#VALOR!
shfa show India,shfa show India,Daily vlogs,18M,18000000,N/A,3.3M,3300000,19K,19000,N/A,#VALOR!
Мирошка ТВ,Мирошка ТВ,,18M,18000000,Russia,15.4K,15400,67,67,N/A,#VALOR!
sonotekvideo,Sonotek,Music & Dance,18M,18000000,India,34.1K,34100,1.2K,1200,127,127
greengoldtv,Green Gold TV - Official Channel,,18M,18000000,N/A,305.5K,305500,2.5K,2500,N/A,#VALOR!
Kinder Spielzeug Kanal,Kinder Spielzeug Kanal,Animation,18M,18000000,N/A,168.8K,168800,1K,1000,N/A,#VALOR!
GEN HALILINTAR,GEN HALILINTAR,Music & Dance,18M,18000000,Indonesia,747.5K,747500,39.9K,39900,726,726
INCRÍVEL,INCRÍVEL,Animation,17.8M,17800000,Brazil,32.5K,32500,1.8K,1800,47,47
turmadamonicaTV,Turma da Mônica,Animation,17.8M,17800000,N/A,180.9K,180900,1.8K,1800,N/A,#VALOR!
DanielSaboya,Dan-Sa / Daniel Saboya,Music & Dance,17.8M,17800000,Brazil,33.9K,33900,1.6K,1600,20,20
BritainsGotTalent09,Britain's Got Talent,Music & Dance,17.8M,17800000,N/A,122.9K,122900,939,939,N/A,#VALOR!
kbsworld,KBS WORLD TV,,17.8M,17800000,Philippines,6.3K,6300,211,211,9,9
TheOdd1sOut,TheOdd1sOut,Animation,17.7M,17700000,United States,0,0,N/A,#VALOR!,N/A,#VALOR!
Ninja Kidz TV,Ninja Kidz TV,Video games,17.6M,17600000,United States,2.5M,2500000,22.4K,22400,1.1K,1100
Brent Rivera,Brent Rivera,Animation,17.6M,17600000,United States,3.9M,3900000,281.5K,281500,11.5K,11500
PinkPanther,Official Pink Panther,,17.6M,17600000,N/A,716.6K,716600,5.9K,5900,N/A,#VALOR!
FactTechz,FactTechz,,17.5M,17500000,India,791.1K,791100,66.9K,66900,1.9K,1900
Like Nastya Vlog,Like Nastya Vlog,Daily vlogs,17.5M,17500000,N/A,752.2K,752200,2.7K,2700,N/A,#VALOR!
TheGrefg,TheGrefg,Animation,17.5M,17500000,Spain,1.4M,1400000,97K,97000,1.5K,1500
SockeyeMedia,Mother Goose Club Playhouse,Music & Dance,17.5M,17500000,N/A,80.2K,80200,149,149,N/A,#VALOR!
Matroix,Ali-A,Video games,17.5M,17500000,United States,691.2K,691200,20.1K,20100,847,847
HiMan,HiMan,Video games,17.5M,17500000,Russia,1.2M,1200000,102.3K,102300,351,351
rhettandlink2,Good Mythical Morning,Food & Drinks,17.5M,17500000,United States,1.3M,1300000,40.2K,40200,1.4K,1400
CookieSwirlC,CookieSwirlC,Video games,17.5M,17500000,United States,411.8K,411800,4.7K,4700,842,842
ElTrollino,ElTrollino,Animation,17.5M,17500000,Mexico,3.3M,3300000,101K,101000,2.5K,2500
Naisa Alifia Yuriza (N.A.Y),Naisa Alifia Yuriza (N.A.Y),Music & Dance,17.5M,17500000,Indonesia,504.7K,504700,19.9K,19900,757,757
EeOneGuy,EeOneGuy,,17.5M,17500000,Russia,794K,794000,47K,47000,5.6K,5600
Stubborn Facts,Stubborn Facts,,17.3M,17300000,India,97K,97000,3K,3000,127,127
TheElenaYa,Diana and Roma EN,Animation,17.3M,17300000,N/A,607K,607000,2.3K,2300,N/A,#VALOR!
MiawAug,MiawAug,Video games,17.3M,17300000,Indonesia,1.3M,1300000,67.3K,67300,4.9K,4900
rsiammusic,RsiamMusic : อาร์สยาม,Music & Dance,17.3M,17300000,Thailand,8.4K,8400,306,306,10,10
Emiway Bantai,Emiway Bantai,Music & Dance,17.3M,17300000,India,864.4K,864400,106.6K,106600,7.3K,7300
Netflix India,Netflix India,ASMR,17.3M,17300000,India,61.9K,61900,2.8K,2800,72,72
farrukotv,Farruko,Music & Dance,17.3M,17300000,United States,493.2K,493200,22.3K,22300,807,807
dj47maryn,Marmok,Video games,17.3M,17300000,Russia,3.8M,3800000,437.5K,437500,15.1K,15100
portadosfundos,Porta dos Fundos,Movies,17.3M,17300000,Brazil,639.8K,639800,62.8K,62800,808,808
BabyBus - Cerita & Lagu Anak-anak,BabyBus - Cerita & Lagu Anak-anak,Toys,17.1M,17100000,N/A,926.4K,926400,5.7K,5700,N/A,#VALOR!
Willyrex,Willyrex,Video games,17.1M,17100000,Mexico,147.5K,147500,10K,10000,96,96
SCTVIndonesia,Surya Citra Televisi,Music & Dance,17.1M,17100000,Indonesia,23.6K,23600,433,433,39,39
SebastianYatra,Sebastián Yatra,Music & Dance,17.1M,17100000,Colombia,1.8M,1800000,55.5K,55500,1.2K,1200
Little Angel Español - Canciones Infantiles,Little Angel Español - Canciones Infantiles,Animation,17.1M,17100000,N/A,1.2M,1200000,7.5K,7500,N/A,#VALOR!
ThePoznavatel,Познаватель,Toys,16.9M,16900000,Russia,3.4M,3400000,92.3K,92300,3.2K,3200
A_S Gaming,A_S Gaming,,16.9M,16900000,India,1.1M,1100000,102.3K,102300,2.1K,2100
RobleisIUTU,RobleisIUTU,Animation,16.9M,16900000,Argentina,1.2M,1200000,79.3K,79300,2.3K,2300
Guava Juice,Guava Juice,,16.9M,16900000,United States,73.6K,73600,2.1K,2100,75,75
D Billions,D Billions,,16.9M,16900000,N/A,1.2M,1200000,2K,2000,N/A,#VALOR!
kidstvsongs,Doggy Doggy Cartoons,,16.9M,16900000,N/A,14.6K,14600,172,172,N/A,#VALOR!
aMOODIEsqueezie,SQUEEZIE,,16.9M,16900000,France,5.3M,5300000,430.4K,430400,5.4K,5400
Vania Mania Kids,Vania Mania Kids,Toys,16.7M,16700000,N/A,361.7K,361700,2.2K,2200,N/A,#VALOR!
Heidi & Zidane बच्चों की कहानियाँ,Heidi & Zidane बच्चों की कहानियाँ,Daily vlogs,16.7M,16700000,N/A,414.3K,414300,3.1K,3100,N/A,#VALOR!
The Royalty Family,The Royalty Family,Humor,16.7M,16700000,United States,2.8M,2800000,81.7K,81700,10.7K,10700
musicalrmastv,الـريماس - Al-Remas,Music & Dance,16.7M,16700000,Iraq,66.5K,66500,3.3K,3300,166,166
Masha e o Urso,Masha e o Urso,,16.7M,16700000,N/A,346.3K,346300,2.8K,2800,N/A,#VALOR!
grammygoldofficia,Grammy Gold Official,Music & Dance,16.7M,16700000,Thailand,12.1K,12100,198,198,19,19
IGNentertainment,IGN,Movies,16.5M,16500000,United States,65.8K,65800,1.5K,1500,150,150
Sun TV,Sun TV,,16.5M,16500000,India,92.1K,92100,1.6K,1600,32,32
TEDEducation,TED-Ed,Science & Technology,16.5M,16500000,United States,330.2K,330200,15.1K,15100,633,633
JasonDerulo,Jason Derulo,Music & Dance,16.5M,16500000,United States,73.9K,73900,5.2K,5200,81,81
Tu COSMOPOLIS,Tu COSMOPOLIS,Daily vlogs,16.5M,16500000,Mexico,211.1K,211100,17.1K,17100,1.2K,1200
jquintanac5,DeToxoMoroxo,Movies,16.5M,16500000,Mexico,835.1K,835100,37.5K,37500,10.6K,10600
LankyBox,LankyBox,Video games,16.5M,16500000,United States,1.1M,1100000,15.2K,15200,500,500
Beast Reacts,Beast Reacts,,16.4M,16400000,United States,10.3M,10300000,345.4K,345400,9.1K,9100
etvteluguindia,etvteluguindia,,16.4M,16400000,India,35.1K,35100,305,305,N/A,#VALOR!
ArabGamesNetwork,شبكة العاب العرب | Arab Games Network,,16.4M,16400000,Algeria,318.3K,318300,28.9K,28900,1.1K,1100
invictorgs3,invictor,Video games,16.4M,16400000,Mexico,2.9M,2900000,97.4K,97400,2.2K,2200
Vlad and Niki IDN,Vlad and Niki IDN,Music & Dance,16.3M,16300000,N/A,469.2K,469200,2.5K,2500,N/A,#VALOR!
STARVIJAY,Vijay Television,,16.3M,16300000,India,358.5K,358500,8.3K,8300,111,111
TheBrianMaps,TheBrianMaps,Video games,16.3M,16300000,Russia,2.6M,2600000,314.6K,314600,12.7K,12700
Rafa & Luiz,Rafa & Luiz,Video games,16.3M,16300000,Brazil,579.7K,579700,39.2K,39200,1.4K,1400
IDEAS EN 5 MINUTOS,IDEAS EN 5 MINUTOS,,16.3M,16300000,Mexico,28.9K,28900,474,474,13,13
SUPER SLICK SLIME SAM,SUPER SLICK SLIME SAM,DIY & Life Hacks,16.2M,16200000,Mexico,228.2K,228200,7.3K,7300,268,268
Jane ASMR 제인,Jane ASMR 제인,Daily vlogs,16.1M,16100000,United States,438.7K,438700,8.6K,8600,498,498
AnittaOficial,Anitta,Music & Dance,16.1M,16100000,Brazil,316.4K,316400,12.3K,12300,488,488
jeffreestar,jeffreestar,Beauty,16.1M,16100000,United States,878.5K,878500,36.7K,36700,3.2K,3200
Canal IN,Canal IN,Toys,16.1M,16100000,Brazil,26.2K,26200,1.6K,1600,16,16
Sandra Cires Art,Sandra Cires Art,,16.1M,16100000,Colombia,1.4M,1400000,76K,76000,3.6K,3600
iberethenorio,Manual do Mundo,Science & Technology,16.1M,16100000,Brazil,488.8K,488800,69.8K,69800,740,740
Antrax,Antrax,Video games,16.1M,16100000,Mexico,935.8K,935800,88.1K,88100,543,543
zbingzbing,zbing z.,Animation,15.9M,15900000,Thailand,657.3K,657300,26.3K,26300,1.1K,1100
Kiddiestv Hindi - Nursery Rhymes & Kids Songs,Kiddiestv Hindi - Nursery Rhymes & Kids Songs,Education,15.9M,15900000,United States,67.3K,67300,507,507,N/A,#VALOR!
littlemixmusic,Little Mix,Music & Dance,15.9M,15900000,United States,104.2K,104200,10K,10000,160,160
Prajapati News,Prajapati News,,15.8M,15800000,India,46.3K,46300,2.1K,2100,95,95
Kaykai Salaider,Kaykai Salaider,Movies,15.7M,15700000,Thailand,1.4M,1400000,104K,104000,8.2K,8200
Kids Play,Kids Play,,15.7M,15700000,N/A,120.2K,120200,957,957,N/A,#VALOR!
boyceavenue,Boyce Avenue,Music & Dance,15.7M,15700000,Brazil,338.5K,338500,8K,8000,355,355
failarmy,FailArmy,Animation,15.7M,15700000,United States,2.2M,2200000,19.9K,19900,642,642
Apple,Apple,,15.7M,15700000,N/A,4.3M,4300000,35K,35000,N/A,#VALOR!
DopeLyrics,DopeLyrics,Music & Dance,15.7M,15700000,United States,31.7K,31700,615,615,50,50
DUDU e CAROL,DUDU e CAROL,Toys,15.7M,15700000,Brazil,1.4M,1400000,65.9K,65900,142,142
queenofficial,Queen Official,Music & Dance,15.7M,15700000,United States,123.3K,123300,4.2K,4200,491,491
movieclipsTRAILERS,Movieclips Trailers,Movies,15.7M,15700000,United States,58.2K,58200,903,903,74,74
MatthewPatrick13,The Game Theorists,Science & Technology,15.7M,15700000,United States,3.1M,3100000,163.8K,163800,8.2K,8200
lescopaque,Les' Copaque Production,,15.6M,15600000,Indonesia,350.1K,350100,7.7K,7700,99,99
Khan GS Research Centre,Khan GS Research Centre,Education,15.6M,15600000,India,9.1M,9100000,641.5K,641500,44.7K,44700
TRANSTVofficial,TRANS TV Official,Music & Dance,15.5M,15500000,Indonesia,373,373,5,5,N/A,#VALOR!
SonyMusicSouthVEVO,SonyMusicSouthVEVO,Music & Dance,15.5M,15500000,India,110.2K,110200,4.1K,4100,40,40
RomanAtwoodVlogs,Roman Atwood Vlogs,Humor,15.5M,15500000,United States,677.4K,677400,33.8K,33800,1.2K,1200
marquesbrownlee,Marques Brownlee,Science & Technology,15.5M,15500000,United States,2.9M,2900000,119.2K,119200,6.5K,6500
Village Cooking Channel,Village Cooking Channel,,15.5M,15500000,India,8.2M,8200000,254.8K,254800,4.5K,4500
vice,VICE,News & Politics,15.5M,15500000,United States,257.5K,257500,5.6K,5600,767,767
Aayu and Pihu Show,Aayu and Pihu Show,Movies,15.5M,15500000,India,4.3M,4300000,111.3K,111300,7.7K,7700
हिंदी - Genevieve's Playhouse,हिंदी - Genevieve's Playhouse,Education,15.5M,15500000,N/A,1.1M,1100000,9.4K,9400,N/A,#VALOR!
Kids Channel India - Hindi Rhymes and Baby Songs,Kids Channel India - Hindi Rhymes and Baby Songs,Music & Dance,15.5M,15500000,N/A,114.4K,114400,731,731,N/A,#VALOR!
tanboy kun,tanboy kun,Music & Dance,15.4M,15400000,Indonesia,2.2M,2200000,56.8K,56800,2K,2000
El Reino a Jugar,El Reino a Jugar,Toys,15.4M,15400000,N/A,317.3K,317300,1.2K,1200,N/A,#VALOR!
Triggered Insaan,Triggered Insaan,Humor,15.4M,15400000,India,6.4M,6400000,800.9K,800900,26.5K,26500
monstafluffmusicTV,7clouds,Music & Dance,15.3M,15300000,United States,185.4K,185400,3K,3000,140,140
Dyland PROS,Dyland PROS,Music & Dance,15.3M,15300000,Indonesia,92.1K,92100,7.7K,7700,448,448
Camila Cabello,Camila Cabello,Music & Dance,15.3M,15300000,United States,109.4K,109400,14.2K,14200,146,146
JenniferLopez,Jennifer Lopez,Fashion,15.3M,15300000,United States,401.9K,401900,12.1K,12100,1.2K,1200
MegatoadStonie,Matt Stonie,Food & Drinks,15.3M,15300000,United States,0,0,N/A,#VALOR!,N/A,#VALOR!
AdMe.ru - Сайт о творчестве,AdMe.ru - Сайт о творчестве,Animation,15.3M,15300000,Russia,51.9K,51900,1.5K,1500,83,83
Zappy Toons - Hindi Nursery Rhymes and Stories,Zappy Toons - Hindi Nursery Rhymes and Stories,Education,15.3M,15300000,N/A,120.6K,120600,665,665,N/A,#VALOR!
Blippi - Educational Videos for Kids,Blippi - Educational Videos for Kids,Education,15.3M,15300000,N/A,1.2M,1200000,4.3K,4300,N/A,#VALOR!
Ivana Alawi,Ivana Alawi,Daily vlogs,15.3M,15300000,Philippines,2.7M,2700000,122.6K,122600,11K,11000
Oyuncak Avı,Oyuncak Avı,,15.3M,15300000,N/A,126.2K,126200,N/A,#VALOR!,N/A,#VALOR!
Jason Vlogs,Jason Vlogs,Toys,15.3M,15300000,N/A,273.1K,273100,1.6K,1600,N/A,#VALOR!
portalfitdance,FitDance,Music & Dance,15.1M,15100000,Brazil,46.3K,46300,1.3K,1300,23,23
Kerajinan 5-Menit,Kerajinan 5-Menit,Music & Dance,15.1M,15100000,Indonesia,20.8K,20800,221,221,10,10
TheRichest,TheRichest,News & Politics,15.1M,15100000,United States,17.3K,17300,588,588,45,45
Goldmines Great Indian Comedy,Goldmines Great Indian Comedy,,15.1M,15100000,India,11.4K,11400,122,122,6,6
popchartbusters,Pop Chartbusters,Music & Dance,15.1M,15100000,India,20.2K,20200,366,366,21,21
OGatoGalactico,Gato Galactico | GALÁXIA,Toys,15.1M,15100000,Brazil,79.6K,79600,4.7K,4700,106,106
wifistudy,wifistudy,Education,15M,15000000,India,7.4K,7400,645,645,15,15
ntvru,НТВ,News & Politics,15M,15000000,Russia,82.3K,82300,901,901,216,216
Dhar Mann,Dhar Mann,Health & Self Help,15M,15000000,United States,6.2M,6200000,140.9K,140900,6.3K,6300
حِرف إبداعية في 5 دقائق,حِرف إبداعية في 5 دقائق,,14.9M,14900000,Egypt,22.6K,22600,386,386,23,23
KSIOlajidebtHD,JJ Olatunji,Animation,14.9M,14900000,United States,4.8M,4800000,429.5K,429500,9.6K,9600
kwebbelkop,Kwebbelkop,Animation,14.9M,14900000,United States,218.8K,218800,17.5K,17500,882,882
RCTI - LAYAR DRAMA INDONESIA,RCTI - LAYAR DRAMA INDONESIA,Music & Dance,14.9M,14900000,Indonesia,26.1K,26100,455,455,23,23
Junya Official Channel,Junya Official Channel,,14.9M,14900000,Japan,407.2K,407200,2K,2000,43,43
makeuplocalypse,Mariale,,14.9M,14900000,Mexico,241.3K,241300,13.5K,13500,475,475
ranziscool,Ranz Kyle,Humor,14.9M,14900000,Philippines,362.3K,362300,15K,15000,507,507
Makiman131,Makiman131,Video games,14.9M,14900000,Spain,393.8K,393800,25.4K,25400,795,795
Lachlan,Lachlan,Video games,14.9M,14900000,United States,864.6K,864600,34.6K,34600,935,935
IDEIAS INCRÍVEIS,IDEIAS INCRÍVEIS,,14.7M,14700000,Brazil,15.4K,15400,331,331,9,9
IISuperwomanII,Lilly Singh,Animation,14.7M,14700000,United States,94.8K,94800,6.6K,6600,103,103
TalkingFriends,Talking Tom & Friends,Animation,14.7M,14700000,United States,445.8K,445800,4.3K,4300,N/A,#VALOR!
CanalTaBombando,LEGENDA FUNK,Music & Dance,14.7M,14700000,Brazil,9.3K,9300,529,529,22,22
Planeta das Gêmeas,Planeta das Gêmeas,Toys,14.7M,14700000,Brazil,531.2K,531200,23.2K,23200,22,22
Dave and Ava - Nursery Rhymes and Baby Songs,Dave and Ava - Nursery Rhymes and Baby Songs,Education,14.7M,14700000,N/A,449.1K,449100,1.9K,1900,N/A,#VALOR!
5-Minute Crafts FAMILY,5-Minute Crafts FAMILY,,14.6M,14600000,United States,21.5K,21500,242,242,12,12
Sony AATH,Sony AATH,,14.6M,14600000,Bangladesh,138K,138000,3.2K,3200,114,114
AMARINTV : อมรินทร์ทีวี,AMARINTV : อมรินทร์ทีวี,News & Politics,14.6M,14600000,Thailand,13.1K,13100,148,148,21,21
Super Polina,Super Polina,,14.6M,14600000,N/A,40.2K,40200,211,211,N/A,#VALOR!
LOKESH GAMER,LOKESH GAMER,,14.5M,14500000,India,657.3K,657300,85.7K,85700,3.2K,3200
News24page,News24,News & Politics,14.5M,14500000,India,9.5K,9500,186,186,19,19
Niana Guerrero,Niana Guerrero,Music & Dance,14.5M,14500000,Philippines,732.4K,732400,41K,41000,1.6K,1600
SriBalajiMovies,SriBalajiMovies,,14.5M,14500000,India,83.5K,83500,2.2K,2200,8,8
Drawblogs,Drawblogs,Movies,14.5M,14500000,Mexico,0,0,N/A,#VALOR!,N/A,#VALOR!
Sidemen,Sidemen,Video games,14.5M,14500000,United Kingdom,5.9M,5900000,276.4K,276400,9.5K,9500
zncoficial,Zé Neto e Cristiano,Music & Dance,14.5M,14500000,Brazil,5.3M,5300000,44K,44000,643,643
Super Senya,Super Senya,Animation,14.5M,14500000,N/A,30.5K,30500,152,152,N/A,#VALOR!
newvolgavideo,Volga Video,,14.5M,14500000,India,2.9K,2900,18,18,1,1
rkddigital,RKD Studios,Movies,14.5M,14500000,India,42.6K,42600,870,870,39,39
hejproducao,Henrique e Juliano,Music & Dance,14.5M,14500000,Brazil,96.8K,96800,4.1K,4100,75,75
MattyBRaps,MattyBRaps,Music & Dance,14.5M,14500000,United States,512.6K,512600,8K,8000,413,413
collegehumor,CollegeHumor,Humor,14.5M,14500000,United States,194.6K,194600,8.4K,8400,360,360
popskids,POPS Kids,Animation,14.5M,14500000,Poland,15.9K,15900,61,61,N/A,#VALOR!
La Rosa de Guadalupe,La Rosa de Guadalupe,Animation,14.5M,14500000,Mexico,361K,361000,3.2K,3200,81,81
حقائق وأسرار,حقائق وأسرار,,14.5M,14500000,Egypt,26K,26000,1.4K,1400,89,89
LinusTechTips,Linus Tech Tips,Science & Technology,14.5M,14500000,United States,1.5M,1500000,63.5K,63500,2.5K,2500
T3DDYgames,T3ddy,Daily vlogs,14.4M,14400000,Brazil,1.1M,1100000,140.1K,140100,5.6K,5600
indiancomedy,Shemaroo Comedy,,14.3M,14300000,India,248.3K,248300,2.2K,2200,27,27
XpressTV,XpressTV,Science & Technology,14.3M,14300000,Mexico,1.5M,1500000,62.2K,62200,764,764
Harsh Beniwal,Harsh Beniwal,Movies,14.3M,14300000,India,11.6M,11600000,1.3M,1300000,55.4K,55400
Like Nastya IDN,Like Nastya IDN,Music & Dance,14.3M,14300000,N/A,301.7K,301700,N/A,#VALOR!,N/A,#VALOR!
bbtvch7,Ch7HD,,14.3M,14300000,Thailand,12.7K,12700,235,235,4,4
chadwildclay,Chad Wild Clay,Movies,14.3M,14300000,United States,2.3M,2300000,43.8K,43800,7.4K,7400
iTownGamePlay,iTownGamePlay *Terror&Diversión*,News & Politics,14.3M,14300000,Mexico,131.2K,131200,6.2K,6200,340,340
MartinGarrix,Martin Garrix,Music & Dance,14.3M,14300000,United States,59.6K,59600,1.9K,1900,125,125
Canal Nostalgia,Canal Nostalgia,Science & Technology,14.3M,14300000,Brazil,265.1K,265100,36.8K,36800,536,536
With Kids[위드키즈],With Kids[위드키즈],,14.3M,14300000,United States,368.3K,368300,N/A,#VALOR!,N/A,#VALOR!
theslowmoguys,The Slow Mo Guys,Education,14.3M,14300000,United States,1.2M,1200000,72.7K,72700,3.2K,3200
LEGO,LEGO,Design/art,14.3M,14300000,United States,21.5K,21500,84,84,N/A,#VALOR!
mkmusicnews,MK MUSIC,Music & Dance,14.2M,14200000,Brazil,53.3K,53300,2.8K,2800,122,122
Daftar Populer,Daftar Populer,News & Politics,14.1M,14100000,Indonesia,139.3K,139300,2.9K,2900,224,224
Mobile Legends: Bang Bang Official,Mobile Legends: Bang Bang Official,Movies,14.1M,14100000,Indonesia,259.3K,259300,2.4K,2400,21,21
OfficialTrapCity,Trap City,Music & Dance,14.1M,14100000,United States,44.4K,44400,1.8K,1800,77,77
inventonahoratv,Invento na Hora,,14.1M,14100000,Brazil,1.2M,1200000,152.9K,152900,1.7K,1700
And TV,And TV,,14.1M,14100000,India,15.2K,15200,276,276,8,8
PlayStation,PlayStation,,14.1M,14100000,United States,24.5K,24500,748,748,89,89
camilaloures,Camila Loures,Food & Drinks,14.1M,14100000,Brazil,310.4K,310400,28.2K,28200,456,456
Genierock,Genierock,Music & Dance,14.1M,14100000,Thailand,16.5K,16500,340,340,20,20
Fede Vigevani,Fede Vigevani,,14.1M,14100000,Mexico,3M,3000000,230.2K,230200,9K,9000
It's Mamix,It's Mamix,DIY & Life Hacks,14.1M,14100000,Russia,2.8M,2800000,276.3K,276300,14.9K,14900
#Refugio Mental,#Refugio Mental,,14.1M,14100000,Mexico,745.6K,745600,8.1K,8100,125,125
Gyan Gamingㅤ,Gyan Gamingㅤ,,13.9M,13900000,India,581.3K,581300,70.9K,70900,1.1K,1100
Maha Fun Tv,Maha Fun Tv,,13.9M,13900000,India,9.1M,9100000,46.8K,46800,946,946
Johny FamilyShow,Johny FamilyShow,,13.9M,13900000,N/A,170.7K,170700,681,681,N/A,#VALOR!
Arif muhammad,Arif muhammad,Music & Dance,13.9M,13900000,Indonesia,3M,3000000,93.5K,93500,3.2K,3200
AM3NlC,AM3NlC,Food & Drinks,13.9M,13900000,Brazil,215.9K,215900,24.5K,24500,266,266
GMMTVSPOTLIKE,GMMTV OFFICIAL​​,Movies,13.9M,13900000,Thailand,26.5K,26500,779,779,29,29
NikkieTutorials,NikkieTutorials,Design/art,13.9M,13900000,United States,821.1K,821100,55.7K,55700,2.6K,2600
MasterskayaNastroeny,Мастерская Настроения,,13.9M,13900000,Russia,390.4K,390400,8.2K,8200,203,203
MRamadanOfficial,Mohamed Ramadan I محمد رمضان,Music & Dance,13.9M,13900000,Egypt,761.5K,761500,28.2K,28200,1.8K,1800
F2Freestylers,F2Freestylers - Ultimate Soccer Skills Channel,Sports,13.9M,13900000,United Kingdom,208.3K,208300,9.4K,9400,111,111
BollywoodClassics,Bollywood Classics,Music & Dance,13.9M,13900000,India,40.4K,40400,329,329,15,15
Smile Family Spanish,Smile Family Spanish,Animation,13.9M,13900000,N/A,1.1M,1100000,7.6K,7600,N/A,#VALOR!
WWWengie,Wengie,DIY & Life Hacks,13.9M,13900000,United States,84.8K,84800,5.7K,5700,170,170
thairathonline,Thairath Online,News & Politics,13.9M,13900000,Thailand,25.5K,25500,328,328,33,33
Sourav Joshi Vlogs,Sourav Joshi Vlogs,Daily vlogs,13.9M,13900000,India,6.3M,6300000,571.5K,571500,17K,17000
TeamFilmsBhojpuri,Team Films Bhojpuri,Music & Dance,13.8M,13800000,India,8.2K,8200,229,229,46,46
SOMOY TV,SOMOY TV,Daily vlogs,13.8M,13800000,Bangladesh,8.6K,8600,179,179,15,15
bbchindi,BBC News Hindi,News & Politics,13.7M,13700000,India,235.7K,235700,N/A,#VALOR!,336,336
Anasala I أنس و أصالة,Anasala I أنس و أصالة,,13.7M,13700000,Egypt,2.8M,2800000,189.5K,189500,6.3K,6300
Zach Choi ASMR,Zach Choi ASMR,Daily vlogs,13.7M,13700000,United States,765.6K,765600,40K,40000,1.3K,1300
MAIKI021,MAIKI021,Autos & Vehicles,13.7M,13700000,Brazil,38.5K,38500,5.7K,5700,177,177
bomberball,Bie The Ska,,13.7M,13700000,Thailand,892.8K,892800,30.9K,30900,713,713
Doc Tops,Doc Tops,News & Politics,13.7M,13700000,Mexico,1.4M,1400000,75.7K,75700,2.2K,2200
mispastelitosyoutub,Mis Pastelitos,Food & Drinks,13.7M,13700000,Mexico,2.3M,2300000,109.6K,109600,3.6K,3600
CH8vdo,ช่อง8 : Thai Ch8,,13.7M,13700000,Thailand,6.8K,6800,115,115,3,3
Трум Трум,Трум Трум,Humor,13.7M,13700000,Russia,450.8K,450800,6.1K,6100,205,205
vetealaversha,Darkar Company Studios,Animation,13.7M,13700000,Mexico,416.1K,416100,48.8K,48800,678,678
ndtvindia,NDTV India,News & Politics,13.6M,13600000,India,20K,20000,605,605,71,71
dangmattsmith,Dang Matt Smith,Animation,13.5M,13500000,United States,287.9K,287900,9.3K,9300,642,642
O Canal do Joãozinho - Little Angel Português,O Canal do Joãozinho - Little Angel Português,Animation,13.5M,13500000,N/A,805.2K,805200,5.7K,5700,N/A,#VALOR!
zeefilmimusic,Zee Music Classic,Music & Dance,13.5M,13500000,India,27.7K,27700,205,205,22,22
Kurt Hugo Schneider,Kurt Hugo Schneider,,13.5M,13500000,United States,48.8K,48800,2.8K,2800,80,80
AzzyLand,AzzyLand,Animation,13.5M,13500000,United States,198.5K,198500,7.3K,7300,455,455
TWICE,TWICE,Music & Dance,13.5M,13500000,Philippines,793.7K,793700,78.1K,78100,2.6K,2600
The World Adventures हिन्दी,The World Adventures हिन्दी,Daily vlogs,13.5M,13500000,India,46.7K,46700,2.5K,2500,60,60
NehaKakkarOfficial,Neha Kakkar,Music & Dance,13.5M,13500000,India,0,0,N/A,#VALOR!,N/A,#VALOR!
Zach King,Zach King,Humor,13.5M,13500000,United States,1.2M,1200000,82.3K,82300,1K,1000
Daily Dose Of Internet,Daily Dose Of Internet,Animals & Pets,13.5M,13500000,United States,4.5M,4500000,265.1K,265100,8.6K,8600
laharimusic,Lahari Music | T-Series,Music & Dance,13.5M,13500000,India,54.9K,54900,2.1K,2100,56,56
TheABSCBNNews,ABS-CBN News,News & Politics,13.4M,13400000,Philippines,4.5K,4500,47,47,6,6
CNN,CNN,News & Politics,13.4M,13400000,United States,239.2K,239200,3.1K,3100,2.9K,2900
NOBRU,NOBRU,Video games,13.3M,13300000,Brazil,109.7K,109700,12.2K,12200,285,285
fcbarcelona,FC Barcelona,Sports,13.3M,13300000,India,207.5K,207500,13.2K,13200,356,356
A2 Motivation {Arvind Arora},A2 Motivation {Arvind Arora},,13.3M,13300000,India,543.2K,543200,62.5K,62500,531,531
crashcourse,CrashCourse,Science & Technology,13.3M,13300000,United States,47.6K,47600,1.7K,1700,37,37
UFC,UFC - Ultimate Fighting Championship,Sports,13.3M,13300000,United States,155.2K,155200,2.9K,2900,347,347
infobells,infobells,Education,13.3M,13300000,N/A,16.6K,16600,82,82,N/A,#VALOR!
pognalishow,Дима Масленников,Video games,13.3M,13300000,Russia,4.8M,4800000,436.9K,436900,14.3K,14300
TazerCraft,TazerCraft,Animation,13.3M,13300000,Brazil,352.8K,352800,26.8K,26800,532,532
GallinaPintadita,Gallina Pintadita,Animation,13.3M,13300000,N/A,403.9K,403900,2.3K,2300,N/A,#VALOR!
elcanaldePlimPlim,Plim Plim - Kids Songs & Episodes - Spanish,Music & Dance,13.3M,13300000,N/A,831.3K,831300,4.9K,4900,N/A,#VALOR!
RosannaPansino,Rosanna Pansino,Food & Drinks,13.3M,13300000,United States,206K,206000,8.4K,8400,102,102
Online Job,Online Job,,13.3M,13300000,India,10.1K,10100,305,305,51,51
Kuplinov ► Play,Kuplinov ► Play,Video games,13.3M,13300000,Russia,1.2M,1200000,67.7K,67700,2.5K,2500
EdisonPts,EdisonPts,Video games,13.3M,13300000,Russia,2M,2000000,153.8K,153800,7.6K,7600
MNCTVOfficial,MNCTV Official,Music & Dance,13.2M,13200000,Indonesia,4.1K,4100,126,126,6,6
Totoy kids - Español,Totoy kids - Español,Toys,13.1M,13100000,N/A,165.9K,165900,1K,1000,N/A,#VALOR!
The LaBrant Fam,The LaBrant Fam,Music & Dance,13.1M,13100000,United States,792.5K,792500,25.7K,25700,N/A,#VALOR!
Bizarrap,Bizarrap,Music & Dance,13.1M,13100000,Argentina,80.5M,80500000,5.6M,5600000,313.6K,313600
Wow Kidz Action,Wow Kidz Action,,13.1M,13100000,N/A,1.2M,1200000,9.6K,9600,N/A,#VALOR!
AtlanticVideos,Atlantic Records,Music & Dance,13.1M,13100000,United States,9.6K,9600,325,325,17,17
Blippi Español,Blippi Español,Toys,13.1M,13100000,N/A,891.8K,891800,3.8K,3800,N/A,#VALOR!
CoryxKenshin,CoryxKenshin,Video games,13.1M,13100000,United States,4.7M,4700000,338.8K,338800,20.6K,20600
theRadBrad,theRadBrad,Video games,13.1M,13100000,United States,186.4K,186400,8.8K,8800,613,613
mymissanand,MyMissAnand,Movies,13.1M,13100000,India,2.1M,2100000,80.9K,80900,1.2K,1200
Narins Beauty,Narins Beauty,,13.1M,13100000,Iraq,2.7M,2700000,267.2K,267200,8.8K,8800
TV Ana Emilia,TV Ana Emilia,Fashion,13.1M,13100000,Mexico,425.6K,425600,14.1K,14100,1.4K,1400
iloveindianmakeup,Anaysa,Humor,13.1M,13100000,India,933.6K,933600,38K,38000,1.4K,1400
Auron,Auron,Video games,13.1M,13100000,Mexico,2.2M,2200000,137.7K,137700,1.7K,1700
Unspeakable,Unspeakable,Video games,13M,13000000,United States,1.9M,1900000,39.3K,39300,2.2K,2200
narendramodionline,NMF News,News & Politics,13M,13000000,India,6.2K,6200,123,123,18,18
Zig & Sharko,Zig & Sharko,,12.9M,12900000,N/A,375.3K,375300,2.6K,2600,N/A,#VALOR!
The Shiny Peanut,The Shiny Peanut,,12.9M,12900000,Indonesia,35.7K,35700,752,752,48,48
djzoi0,Everson Zoio,Humor,12.9M,12900000,Brazil,631K,631000,80.1K,80100,2.8K,2800
Fun For Kids TV - Hindi Rhymes,Fun For Kids TV - Hindi Rhymes,,12.9M,12900000,N/A,0,0,N/A,#VALOR!,N/A,#VALOR!
50CentMusic,50 Cent,Music & Dance,12.9M,12900000,United States,100.7K,100700,5.8K,5800,431,431
News18 India,News18 India,News & Politics,12.9M,12900000,India,2.7K,2700,51,51,7,7
MattSDance,Matt Steffanina,Music & Dance,12.9M,12900000,United States,124.5K,124500,7.8K,7800,104,104
SaturdayNightLive,Saturday Night Live,Movies,12.9M,12900000,United States,1.1M,1100000,19.2K,19200,858,858
MrSuicideSheep,MrSuicideSheep,,12.9M,12900000,United States,94.4K,94400,4K,4000,100,100
YOLO,YOLO,,12.9M,12900000,Mexico,267.1K,267100,26.2K,26200,1.9K,1900
MrBeast Shorts,MrBeast Shorts,Daily vlogs,12.9M,12900000,United States,0,0,N/A,#VALOR!,N/A,#VALOR!
SrtaLynaV,Lyna,Animation,12.9M,12900000,Argentina,737.1K,737100,37.7K,37700,1.7K,1700
MazhavilManorama,Mazhavil Manorama,,12.8M,12800000,India,22.3K,22300,332,332,10,10
Desi Gamers,Desi Gamers,,12.7M,12700000,India,727.8K,727800,94.7K,94700,3.8K,3800
ChallengeAcceptedInc,Aphmau,Animation,12.7M,12700000,United States,3.9M,3900000,84.6K,84600,4.2K,4200
The Q,The Q,,12.7M,12700000,United States,128.6K,128600,4.9K,4900,228,228
Aadishakti Films,Aadishakti Films,Music & Dance,12.7M,12700000,India,39K,39000,1.4K,1400,152,152
O Que Não Dizer Oficial,O Que Não Dizer Oficial,,12.7M,12700000,Brazil,113.5K,113500,14.3K,14300,53,53
skillzaisherebooya,Conor Maynard,Music & Dance,12.7M,12700000,United States,305.8K,305800,21.4K,21400,578,578
twentyonepilots,twenty one pilots,Music & Dance,12.7M,12700000,United States,1.7M,1700000,153.9K,153900,7.2K,7200
#Refúgio Mental,#Refúgio Mental,,12.7M,12700000,Brazil,471.8K,471800,10.3K,10300,87,87
ABCNews,ABC News,News & Politics,12.7M,12700000,United States,12K,12000,191,191,139,139
DALLMYD,DALLMYD,Mystery,12.7M,12700000,United States,322.7K,322700,12.4K,12400,735,735
PozzitifonShow,Поззи,Video games,12.7M,12700000,Russia,1.4M,1400000,87.7K,87700,4.7K,4700
1032010814,TKOR,DIY & Life Hacks,12.7M,12700000,United States,107.1K,107100,3.8K,3800,256,256
typicalgamer,Typical Gamer,Video games,12.7M,12700000,United States,804.4K,804400,14.3K,14300,474,474
123 GO! Spanish,123 GO! Spanish,Toys,12.7M,12700000,Mexico,888K,888000,11.8K,11800,235,235
Like Nastya VNM,Like Nastya VNM,,12.7M,12700000,N/A,666.4K,666400,N/A,#VALOR!,N/A,#VALOR!
Health Time,Health Time,Daily vlogs,12.6M,12600000,India,12.6K,12600,467,467,16,16
Dangal TV Channel,Dangal TV Channel,,12.6M,12600000,India,332.4K,332400,2.6K,2600,19,19
Wish 107.5,Wish 107.5,Music & Dance,12.6M,12600000,Philippines,146.8K,146800,4.4K,4400,372,372
RedeTVhdBrasil,RedeTV,News & Politics,12.6M,12600000,Brazil,2.7K,2700,74,74,3,3
NishaMadhulika,Nisha Madhulika,Food & Drinks,12.5M,12500000,India,220.6K,220600,5.2K,5200,934,934
ETV Jabardasth,ETV Jabardasth,,12.5M,12500000,India,192.6K,192600,2.7K,2700,44,44
ETV Jabardasth,ETV Jabardasth,,12.5M,12500000,India,192.6K,192600,2.7K,2700,44,44
canalparafernalha,Parafernalha,,12.5M,12500000,Brazil,50.8K,50800,4.4K,4400,49,49
Knowledge Tv हिन्दी,Knowledge Tv हिन्दी,Education,12.5M,12500000,India,158.7K,158700,9.4K,9400,468,468
JDCav24,ATHLEAN-X™,Fitness,12.5M,12500000,United States,395.6K,395600,19K,19000,693,693
MusicTalentNow,Top Viral Talent,,12.5M,12500000,United States,19.9K,19900,401,401,22,22
Vlad and Niki ARA,Vlad and Niki ARA,,12.5M,12500000,N/A,457.2K,457200,3.8K,3800,N/A,#VALOR!
React,People Vs Food,Food & Drinks,12.5M,12500000,United States,464.2K,464200,18K,18000,1K,1000
zeetvtelugu,Zee Telugu,,12.5M,12500000,India,128.3K,128300,1.3K,1300,12,12
PrestonPlayz,PrestonPlayz,Video games,12.5M,12500000,United States,2.1M,2100000,48.8K,48800,4K,4000
BUDI01 GAMING,BUDI01 GAMING,Video games,12.5M,12500000,Indonesia,1.1M,1100000,91.5K,91500,7.1K,7100
MstrJames,Hacksmith Industries,DIY & Life Hacks,12.5M,12500000,United States,896.7K,896700,46.3K,46300,1.8K,1800
Blossom,Blossom,,12.4M,12400000,United States,111K,111000,2.2K,2200,33,33
JesseAndMike,JesseAndMike,Humor,12.4M,12400000,United States,523.8K,523800,6.6K,6600,152,152
LOUD,LOUD,,12.3M,12300000,Brazil,138.5K,138500,15.5K,15500,53,53
Hongyu ASMR 홍유,Hongyu ASMR 홍유,ASMR,12.3M,12300000,United States,1.3M,1300000,15.6K,15600,646,646
Taarak Mehta Ka Ooltah Chashmah,Taarak Mehta Ka Ooltah Chashmah,,12.3M,12300000,India,701.3K,701300,10.8K,10800,151,151
htpunjabi,Lokdhun Punjabi,Music & Dance,12.3M,12300000,India,16.2K,16200,346,346,8,8
Piuzinho,Piuzinho,Video games,12.3M,12300000,Brazil,233.3K,233300,45.8K,45800,625,625
DisneyChannelUK,DisneyChannelUK,,12.3M,12300000,Singapore,0,0,N/A,#VALOR!,N/A,#VALOR!
Meghan Trainor,Meghan Trainor,Music & Dance,12.3M,12300000,United States,11.4K,11400,564,564,35,35
Juliana Baltar,Juliana Baltar,Toys,12.3M,12300000,Brazil,286.6K,286600,18.6K,18600,335,335
5-Minute Crafts Recycle,5-Minute Crafts Recycle,,12.3M,12300000,India,102.3K,102300,855,855,25,25
أترو/Atro,أترو/Atro,,12.3M,12300000,Iraq,521K,521000,71.6K,71600,9.9K,9900
alanalan9635,Stokes Twins,Humor,12.3M,12300000,United States,9.9M,9900000,281.5K,281500,19.4K,19400
BBC,BBC,,12.3M,12300000,United Kingdom,40.7K,40700,673,673,87,87
AdexeOficial,Adexe & Nau,Music & Dance,12.3M,12300000,Mexico,38.3K,38300,4.4K,4400,367,367
gymvirtual,gymvirtual,Music & Dance,12.3M,12300000,Mexico,76.4K,76400,3.5K,3500,89,89
einerdtv,Ei Nerd,Movies,12.3M,12300000,Brazil,265.4K,265400,42.3K,42300,1.2K,1200
Alex Gonzaga Official,Alex Gonzaga Official,Music & Dance,12.3M,12300000,Philippines,2.9M,2900000,116.6K,116600,2.9K,2900
Gibby :),Gibby :),Daily vlogs,12.3M,12300000,Mexico,582.6K,582600,28.4K,28400,1.8K,1800
LittleBabyBumEspanol,Little Baby Bum en Español,Autos & Vehicles,12.3M,12300000,N/A,98.2K,98200,N/A,#VALOR!,N/A,#VALOR!
Melon City Show - برنامج ولاية بطيخ,Melon City Show - برنامج ولاية بطيخ,,12.3M,12300000,Iraq,405.6K,405600,24.4K,24400,496,496
Troom Troom PT,Troom Troom PT,Toys,12.3M,12300000,Brazil,201.4K,201400,4.7K,4700,58,58
Jake Fellman,Jake Fellman,,12.3M,12300000,United States,857.6K,857600,36.7K,36700,167,167
jazzghost1,Jazzghost,Animation,12.3M,12300000,Brazil,758.7K,758700,55.9K,55900,2K,2000
Like Nastya Stories,Like Nastya Stories,,12.3M,12300000,N/A,166.2K,166200,1.2K,1200,N/A,#VALOR!
Bela Bagunça,Bela Bagunça,Toys,12.3M,12300000,Brazil,74.8K,74800,4.4K,4400,148,148
tseriesregional,T-Series Regional,Music & Dance,12.1M,12100000,India,6.9K,6900,148,148,18,18
Brawl Stars,Brawl Stars,Animation,12.1M,12100000,United States,6.4M,6400000,181.2K,181200,6.9K,6900
Crescendo com Luluca,Crescendo com Luluca,Toys,12.1M,12100000,Brazil,1.3M,1300000,52.8K,52800,4.4K,4400
PowerfulJRE,PowerfulJRE,Daily vlogs,12.1M,12100000,United States,498.9K,498900,14.7K,14700,1.8K,1800
bbcnews,BBC News,News & Politics,12.1M,12100000,United Kingdom,236.2K,236200,3.3K,3300,1.8K,1800
JustForLaughsTV,Just For Laughs Gags,,12.1M,12100000,India,66.4K,66400,1.2K,1200,46,46
NORMAN FAIT DES VIDÉOS,NORMAN FAIT DES VIDÉOS,Animation,12.1M,12100000,France,1.8M,1800000,168.2K,168200,6.9K,6900
GoldClassics,Goldmines Premiere,,12.1M,12100000,N/A,9.9K,9900,154,154,N/A,#VALOR!
awakeningrecords,Awakening Music,Music & Dance,12.1M,12100000,Indonesia,16.8K,16800,1.2K,1200,60,60
OficialPeppa,Peppa Pig em Português Brasil - Canal Oficial,Toys,12.1M,12100000,N/A,634.6K,634600,4.1K,4100,N/A,#VALOR!
zeebangla,Zee Bangla,,12M,12000000,India,43.9K,43900,476,476,7,7
MY FAMILY,MY FAMILY,,11.9M,11900000,India,1.1M,1100000,6.7K,6700,208,208
Kabita's Kitchen,Kabita's Kitchen,,11.9M,11900000,India,298.8K,298800,7.3K,7300,768,768
KaKa Kids TV - Nursery Rhymes Kids Animated Songs,KaKa Kids TV - Nursery Rhymes Kids Animated Songs,,11.9M,11900000,N/A,15.2K,15200,64,64,N/A,#VALOR!
EU FICO LOKO,EU FICO LOKO,,11.9M,11900000,Brazil,9.7K,9700,988,988,11,11
Zeinab Harake,Zeinab Harake,Daily vlogs,11.9M,11900000,Philippines,1.3M,1300000,71.2K,71200,1.8K,1800
OReinho,O Reino Infantil,Music & Dance,11.9M,11900000,N/A,109.3K,109300,489,489,N/A,#VALOR!
HZHtube Kids Fun,HZHtube Kids Fun,Toys,11.9M,11900000,N/A,491.2K,491200,3.1K,3100,N/A,#VALOR!
HusamYK,Katakit Baby TV,Music & Dance,11.9M,11900000,Saudi Arabia,179.9K,179900,1.6K,1600,N/A,#VALOR!
MrGear,MrGear,,11.9M,11900000,United States,44.7K,44700,587,587,47,47
Migosatl,Migos ATL,Music & Dance,11.9M,11900000,United States,3.3M,3300000,131K,131000,5.3K,5300
TheDaniRep,DaniRep | +6 Vídeos Diarios De GTA 5 Online!,Animation,11.9M,11900000,Mexico,349.9K,349900,19.5K,19500,346,346
colinfurze,colinfurze,DIY & Life Hacks,11.9M,11900000,United States,1.1M,1100000,36.8K,36800,1.1K,1100
Planet Earth INDIA,Planet Earth INDIA,Daily vlogs,11.9M,11900000,India,459.8K,459800,18.1K,18100,460,460
karameeshchannel,karameeshchannel,Music & Dance,11.9M,11900000,N/A,389.3K,389300,2.9K,2900,N/A,#VALOR!
RayWilliamJohnson,Ray William Johnson,,11.9M,11900000,United States,4M,4000000,356.5K,356500,1.8K,1800
Lulu99,Lulu99,,11.9M,11900000,Colombia,591.6K,591600,39.8K,39800,2.8K,2800
Dear Sir,Dear Sir,Education,11.9M,11900000,India,261.4K,261400,15.6K,15600,1.2K,1200
officialjassrecords,Jass Records,Music & Dance,11.8M,11800000,India,223.8K,223800,3.5K,3500,410,410
YairAuriazul,Yair17,,11.8M,11800000,Mexico,324.2K,324200,37.6K,37600,972,972
disneyjunior,Disney Junior,Music & Dance,11.8M,11800000,N/A,92.5K,92500,270,270,N/A,#VALOR!
ГЛЕНТ,ГЛЕНТ,Video games,11.8M,11800000,Russia,3.3M,3300000,281.7K,281700,9.5K,9500
Study IQ education,Study IQ education,Education,11.7M,11700000,India,11.4K,11400,519,519,12,12
Más SKabeche,Más SKabeche,,11.7M,11700000,Mexico,793.9K,793900,46.9K,46900,945,945
My Mate Nate,My Mate Nate,,11.7M,11700000,Thailand,1.4M,1400000,53.8K,53800,2K,2000
FrontaL Gaming,FrontaL Gaming,Animation,11.7M,11700000,Indonesia,490.8K,490800,35.5K,35500,1.8K,1800
Blockbuster Movies,Blockbuster Movies,Daily vlogs,11.7M,11700000,India,118.5K,118500,1.1K,1100,23,23
JOJO TV - Hindi Stories,JOJO TV - Hindi Stories,,11.7M,11700000,India,122.2K,122200,833,833,N/A,#VALOR!
AvrilLavigne,Avril Lavigne,Music & Dance,11.7M,11700000,United States,2.8M,2800000,130.4K,130400,6.5K,6500
Dani Russo Tv,Dani Russo Tv,Music & Dance,11.7M,11700000,Brazil,10.9K,10900,1.4K,1400,121,121
Wolfoo Channel,Wolfoo Channel,Toys,11.7M,11700000,N/A,1.1M,1100000,6.2K,6200,N/A,#VALOR!
MORGENSHTERN,MORGENSHTERN,Humor,11.7M,11700000,Russia,11M,11000000,789.9K,789900,54.8K,54800
rebeccazamolo1,Rebecca Zamolo,Video games,11.7M,11700000,United States,2.8M,2800000,70.6K,70600,6.9K,6900
Ice Cream Rolls,Ice Cream Rolls,,11.7M,11700000,United States,50.4K,50400,2.2K,2200,112,112
TommyInnit,TommyInnit,Animation,11.7M,11700000,United States,3.4M,3400000,294.6K,294600,14.4K,14400
Morgz,Morgz,Video games,11.7M,11700000,United States,0,0,N/A,#VALOR!,N/A,#VALOR!
TheInfographicsShow,The Infographics Show,Education,11.7M,11700000,United States,348.8K,348800,10.3K,10300,764,764
1veritasium,Veritasium,Science & Technology,11.7M,11700000,United States,3.9M,3900000,169.3K,169300,7.8K,7800
Come Play With Me,Come Play With Me,Toys,11.7M,11700000,N/A,2.7M,2700000,N/A,#VALOR!,N/A,#VALOR!
hamaarbhojpuri,T-Series Hamaar Bhojpuri,Music & Dance,11.7M,11700000,India,13.5K,13500,177,177,17,17
Troom Troom India,Troom Troom India,,11.7M,11700000,India,452.9K,452900,5.1K,5100,230,230
YOLO AVENTURAS,YOLO AVENTURAS,Daily vlogs,11.6M,11600000,Colombia,838.4K,838400,74.9K,74900,7K,7000
TheDodoSite,The Dodo,Animals & Pets,11.6M,11600000,United States,608.9K,608900,22.9K,22900,812,812
Panda,Panda,Animation,11.6M,11600000,India,1.1M,1100000,103.7K,103700,1.9K,1900
Troom Troom Indonesia,Troom Troom Indonesia,Toys,11.6M,11600000,Indonesia,256.7K,256700,2.5K,2500,96,96
RaptorGamer,RaptorGamer,Video games,11.5M,11500000,Mexico,741.4K,741400,46.5K,46500,1.5K,1500
CrazyRussianHacker,CrazyRussianHacker,DIY & Life Hacks,11.5M,11500000,United States,75.1K,75100,2.3K,2300,139,139
Kluna Tik,Kluna Tik,,11.5M,11500000,United States,442.1K,442100,5.4K,5400,367,367
Codiscos,Codiscos,Music & Dance,11.5M,11500000,Colombia,9.4K,9400,195,195,7,7
Garena Free Fire LATAM,Garena Free Fire LATAM,,11.5M,11500000,Mexico,277.5K,277500,6.1K,6100,222,222
LIV Crime,LIV Crime,Daily vlogs,11.5M,11500000,India,271.6K,271600,2.6K,2600,72,72
hoiitsroi,Wassabi,Humor,11.5M,11500000,United States,692.4K,692400,47.6K,47600,4.8K,4800
Nat and Essie,Nat and Essie,Toys,11.5M,11500000,N/A,289.2K,289200,1.8K,1800,N/A,#VALOR!
thinkmusicindia,Think Music India,Music & Dance,11.5M,11500000,India,75.4K,75400,3.2K,3200,106,106
The MriDul,The MriDul,,11.5M,11500000,India,8.9M,8900000,293K,293000,10.3K,10300
BanderitaX,BanderitaX,Animation,11.5M,11500000,Saudi Arabia,1.4M,1400000,101.2K,101200,3.8K,3800
Americanvogue,Vogue,Fashion,11.5M,11500000,United States,324.2K,324200,13.3K,13300,412,412
luansantanaoficial,Luan Santana,Music & Dance,11.5M,11500000,Brazil,3.4M,3400000,54.9K,54900,4.7K,4700
FIFATV,FIFA,Sports,11.5M,11500000,United States,63.4K,63400,1.9K,1900,152,152
Davie504,Davie504,Music & Dance,11.5M,11500000,United States,2M,2000000,194.4K,194400,1.4K,1400
Mor Haryanvi,Mor Haryanvi,Music & Dance,11.5M,11500000,India,3.3M,3300000,49K,49000,6.3K,6300
ExpCaseros,ExpCaseros,DIY & Life Hacks,11.5M,11500000,Spain,54.1K,54100,2.3K,2300,98,98
TsMadaan,TsMadaan,Education,11.5M,11500000,India,64.1K,64100,1.5K,1500,102,102
Koo Koo TV - Hindi,Koo Koo TV - Hindi,,11.5M,11500000,India,442.7K,442700,4.5K,4500,88,88
CHHOTU KI MASTI,CHHOTU KI MASTI,,11.5M,11500000,India,5M,5000000,47.3K,47300,757,757
Mythpat,Mythpat,,11.5M,11500000,India,3M,3000000,310.4K,310400,11.7K,11700
ndtv,NDTV,News & Politics,11.4M,11400000,India,4.9K,4900,84,84,19,19
Ya - Alisa,Ya - Alisa,,11.3M,11300000,N/A,28.6K,28600,126,126,N/A,#VALOR!
Coke Studio,Coke Studio,Music & Dance,11.3M,11300000,Pakistan,185.3K,185300,5.4K,5400,208,208
DeGoBooM,DeGoBooM,Video games,11.3M,11300000,Mexico,426K,426000,16.3K,16300,263,263
htbhakti,Sonotek Bhakti,Music & Dance,11.3M,11300000,India,101.8K,101800,149,149,55,55
MrTimbaVk,Timba Vk,Video games,11.3M,11300000,Mexico,1.5M,1500000,63.8K,63800,1.6K,1600
Yudist Ardhana,Yudist Ardhana,Video games,11.3M,11300000,Indonesia,330.4K,330400,11.2K,11200,451,451
elrubius,Rubius Z,Video games,11.3M,11300000,Argentina,2.3M,2300000,194.6K,194600,2.2K,2200
Trakin Tech,Trakin Tech,News & Politics,11.3M,11300000,India,283.1K,283100,21.9K,21900,1.1K,1100
FelipeViktor,LipaoGamer,Animation,11.3M,11300000,Brazil,164.5K,164500,12.4K,12400,168,168
CaptainSparklez,CaptainSparklez,Video games,11.3M,11300000,United States,111.2K,111200,8K,8000,436,436
ماشا و الدب,ماشا و الدب,Animation,11.3M,11300000,N/A,1.3M,1300000,11.6K,11600,N/A,#VALOR!
MBCMASR,MBC مصر,,11.3M,11300000,Egypt,2.7K,2700,51,51,4,4
eltreceok,El Trece,News & Politics,11.3M,11300000,Argentina,3.6K,3600,40,40,7,7
Infobells Bangla,Infobells Bangla,Education,11.3M,11300000,N/A,529.2K,529200,2.3K,2300,N/A,#VALOR!
MTV2,Wild 'N Out,Music & Dance,11.3M,11300000,United States,221K,221000,4.7K,4700,180,180
DANIEL EL TRAVIESO VIDEOS,DANIEL EL TRAVIESO VIDEOS,Animation,11.3M,11300000,Colombia,959.7K,959700,32.2K,32200,1.2K,1200
UnspeakableGaming,UnspeakableGaming,Video games,11.3M,11300000,United States,857.5K,857500,16.5K,16500,783,783
luzugames,luzugames,Video games,11.3M,11300000,Mexico,0,0,N/A,#VALOR!,N/A,#VALOR!
lokdhuntv,Wave Music Bhakti,Music & Dance,11.3M,11300000,India,7K,7000,106,106,16,16
gmanews,GMA News,News & Politics,11.3M,11300000,Philippines,4.9K,4900,50,50,12,12
Sony Music South,Sony Music South,Music & Dance,11.3M,11300000,India,265.3K,265300,5.5K,5500,135,135
VyQwaint,Vy Qwaint,Video games,11.2M,11200000,United States,2.2M,2200000,43.2K,43200,7K,7000
Wolfoo Family,Wolfoo Family,Animation,11.2M,11200000,N/A,1.5M,1500000,9K,9000,N/A,#VALOR!
KompasTVNews,KOMPASTV,News & Politics,11.2M,11200000,Indonesia,5.2K,5200,37,37,22,22
MaJa Tv Hindi Stories,MaJa Tv Hindi Stories,,11.2M,11200000,India,518.7K,518700,5.5K,5500,110,110
Hero Movies 2022,Hero Movies 2022,Daily vlogs,11.1M,11100000,India,177.7K,177700,1.2K,1200,22,22
Rauw Alejandro,Rauw Alejandro,Music & Dance,11.1M,11100000,Peru,0,0,N/A,#VALOR!,N/A,#VALOR!
الجانب المُشرق | Bright Side Arabic,الجانب المُشرق | Bright Side Arabic,,11.1M,11100000,Egypt,24.2K,24200,744,744,44,44
123 GO!,123 GO!,Humor,11.1M,11100000,United States,656K,656000,5.9K,5900,183,183
TastyCompot,Compot,Video games,11.1M,11100000,Russia,1.7M,1700000,74.4K,74400,2.9K,2900
办公室小野 Ms Yeah,办公室小野 Ms Yeah,,11.1M,11100000,United States,232.6K,232600,20K,20000,61,61
epicfortnite,Fortnite,Video games,11.1M,11100000,United States,321.3K,321300,10.3K,10300,433,433
Magic Five,Magic Five,Video games,11.1M,11100000,Russia,4M,4000000,230.2K,230200,17.1K,17100
Biperysusamigos,Biper y sus Amigos,Music & Dance,11.1M,11100000,N/A,539.5K,539500,N/A,#VALOR!,N/A,#VALOR!
crackrockcandy,Maymo,,11.1M,11100000,United States,328.2K,328200,1.3K,1300,67,67
FirstWeFeast,First We Feast,Food & Drinks,11.1M,11100000,United States,308.2K,308200,14.1K,14100,689,689
realannoyingorange,Annoying Orange,Animation,11.1M,11100000,United States,121.5K,121500,2.8K,2800,361,361
ElRinconDeGiorgio,El Rincón De Giorgio,Video games,11.1M,11100000,Spain,1.8M,1800000,170.4K,170400,3.1K,3100
ExplosmEntertainment,ExplosmEntertainment,Movies,11.1M,11100000,United States,711.2K,711200,45.2K,45200,2.2K,2200
Jaiden Animations,Jaiden Animations,,11.1M,11100000,United States,5.6M,5600000,602.7K,602700,94.3K,94300
Emily Tube,Emily Tube,Animation,11.1M,11100000,N/A,0,0,N/A,#VALOR!,N/A,#VALOR!
yogawithadriene,Yoga With Adriene,Fitness,11.1M,11100000,United States,952K,952000,19.7K,19700,702,702
Mo Vlogs,Mo Vlogs,Humor,11.1M,11100000,India,401.5K,401500,24.2K,24200,909,909
Star Casablanca | نجوم الدار البيضاء,Star Casablanca | نجوم الدار البيضاء,Music & Dance,11.1M,11100000,Iraq,46.5K,46500,2.2K,2200,164,164
BBCEarth,BBC Earth,Animals & Pets,11.1M,11100000,United States,87.7K,87700,2.5K,2500,192,192
Morphle TV,Morphle TV,Animation,11.1M,11100000,N/A,112.1K,112100,N/A,#VALOR!,N/A,#VALOR!
Free Fire India Official,Free Fire India Official,Animation,11.1M,11100000,India,177.7K,177700,15.6K,15600,821,821
YMWayneCarter,Lil Wayne,Music & Dance,11.1M,11100000,United States,2M,2000000,100.1K,100100,4.8K,4800
GoldminesAction,GoldminesAction,,11.1M,11100000,N/A,8.4K,8400,116,116,N/A,#VALOR!
coisadenerd,Coisa de Nerd,Design/art,11.1M,11100000,Brazil,1.1M,1100000,126.1K,126100,3.7K,3700
Vlad and Niki ESP,Vlad and Niki ESP,Toys,11.1M,11100000,N/A,1.5M,1500000,8.1K,8100,N/A,#VALOR!
Alejo Igoa,Alejo Igoa,DIY & Life Hacks,11M,11000000,Argentina,4.1M,4100000,142.2K,142200,4K,4000
Simone e Simaria,Simone e Simaria,Music & Dance,10.9M,10900000,Brazil,2.4M,2400000,57.2K,57200,1.7K,1700
YoungBoy Never Broke Again,YoungBoy Never Broke Again,Music & Dance,10.9M,10900000,United States,7.6M,7600000,274.7K,274700,23.2K,23200
TheViralFeverVideos,The Viral Fever,Movies,10.9M,10900000,India,1.9M,1900000,89.4K,89400,3K,3000
hawkrecord,Single Track Studio,Music & Dance,10.9M,10900000,India,989.2K,989200,29.8K,29800,439,439
Avocado Couple I Crazy Comics,Avocado Couple I Crazy Comics,,10.9M,10900000,United States,579.1K,579100,5.3K,5300,83,83
mirandasings08,Miranda Sings,Humor,10.9M,10900000,United States,153.9K,153900,10.3K,10300,1.1K,1100
watchcut,Cut,Humor,10.9M,10900000,United States,409.6K,409600,16.9K,16900,762,762
oyabakatousan,"Sen, Momo, Ai & Shii's Channel",Daily vlogs,10.9M,10900000,N/A,92.5K,92500,340,340,N/A,#VALOR!
pocoyotv,POCOYÓ en ESPAÑOL - Canal Oficial,,10.9M,10900000,N/A,130.1K,130100,1.4K,1400,N/A,#VALOR!
MashaBearUkraine,Маша та Ведмідь,Education,10.9M,10900000,N/A,218.6K,218600,1.2K,1200,N/A,#VALOR!
chotoonz,Chotoonz TV - Funny Cartoons for Kids,,10.9M,10900000,N/A,79.6K,79600,N/A,#VALOR!,N/A,#VALOR!
Луномосик,Луномосик,Video games,10.9M,10900000,Russia,2.5M,2500000,83.9K,83900,2.9K,2900
barbie,Barbie,,10.9M,10900000,N/A,161.9K,161900,365,365,N/A,#VALOR!
Technology Gyan,Technology Gyan,,10.9M,10900000,India,331.2K,331200,26.4K,26400,1.4K,1400
TygaTygaTV,Tyga,Music & Dance,10.9M,10900000,United States,45.6K,45600,3.1K,3100,83,83
comedycentral,Comedy Central,Humor,10.9M,10900000,United States,42.4K,42400,924,924,50,50
DemolitionRanch,DemolitionRanch,Video games,10.9M,10900000,United States,1.6M,1600000,75.4K,75400,5.4K,5400
RapGeniusVideo,Genius,Music & Dance,10.9M,10900000,United States,52.1K,52100,2.2K,2200,144,144
WiederDude,WiederDude,,10.9M,10900000,United States,863K,863000,17.6K,17600,418,418
E-MasterSensei,E-MasterSensei,Animation,10.9M,10900000,Mexico,1.5M,1500000,103.2K,103200,1.3K,1300
CarryisLive,CarryisLive,,10.9M,10900000,India,916.9K,916900,84.1K,84100,389,389
Juanpa Zurita,Juanpa Zurita,,10.9M,10900000,Mexico,1.9M,1900000,149.4K,149400,4.2K,4200
BakLol Video,BakLol Video,Movies,10.9M,10900000,India,1.4M,1400000,33.4K,33400,1.8K,1800
HellomaphieMX,HellomaphieMX,DIY & Life Hacks,10.9M,10900000,Mexico,654.4K,654400,76K,76000,284,284
Levinho,Levinho,,10.9M,10900000,India,304.1K,304100,29.3K,29300,850,850
jpgameplayfull,JP Plays,Video games,10.9M,10900000,Brazil,112.7K,112700,6K,6000,207,207
Dan Rhodes,Dan Rhodes,Animation,10.8M,10800000,India,334.1K,334100,29.6K,29600,211,211
geonews,Geo News,News & Politics,10.8M,10800000,Pakistan,3.8K,3800,53,53,5,5
ToysPlay,ToysPlay,Animation,10.7M,10700000,N/A,183.4K,183400,1.1K,1100,N/A,#VALOR!
bharatzkitchen HINDI,bharatzkitchen HINDI,,10.7M,10700000,India,232.9K,232900,6K,6000,199,199
Área Secreta,Área Secreta,DIY & Life Hacks,10.7M,10700000,Brazil,0,0,N/A,#VALOR!,N/A,#VALOR!
Virgínia Fonseca,Virgínia Fonseca,Daily vlogs,10.7M,10700000,Brazil,922.6K,922600,78.6K,78600,1.4K,1400
programagalofrito,Galo Frito,,10.7M,10700000,Brazil,7.7K,7700,777,777,19,19
FilmTheorists,The Film Theorists,Movies,10.7M,10700000,United States,2.2M,2200000,110.3K,110300,5.5K,5500
videogyan,Videogyan Nursery Rhymes - Kids Songs & Cartoons,Animation,10.7M,10700000,N/A,69K,69000,318,318,N/A,#VALOR!
GamesEduUu,Games EduUu,Movies,10.7M,10700000,Brazil,1.5M,1500000,218.1K,218100,7.7K,7700
MC Divertida,MC Divertida,Music & Dance,10.7M,10700000,N/A,230.3K,230300,2K,2000,N/A,#VALOR!
kidstvindia,Kids TV India Hindi Nursery Rhymes,Education,10.7M,10700000,N/A,69.7K,69700,327,327,N/A,#VALOR!
TiempodeSol,Duo Tiempo De Sol,Music & Dance,10.7M,10700000,N/A,423.7K,423700,1.6K,1600,N/A,#VALOR!
"Baby Big Mouth Kids - Sing, Dance, Explore","Baby Big Mouth Kids - Sing, Dance, Explore",Animation,10.7M,10700000,N/A,1K,1000,18,18,N/A,#VALOR!
Quantum Tech HD,Quantum Tech HD,,10.7M,10700000,United States,1.2M,1200000,7.2K,7200,109,109
ComedyShortsGamer,Deji,Animation,10.7M,10700000,United Kingdom,1.5M,1500000,50.7K,50700,3.2K,3200
HikakinTV,HikakinTV,Music & Dance,10.7M,10700000,Japan,1.2M,1200000,42.6K,42600,1.8K,1800
storybots,Netflix Jr.,Animation,10.7M,10700000,N/A,38.6K,38600,105,105,N/A,#VALOR!
GoProCamera,GoPro,Sports,10.7M,10700000,United States,55.3K,55300,2.1K,2100,59,59
Slogomanify,Slogo,Video games,10.7M,10700000,United States,387.1K,387100,17.8K,17800,424,424
tomiii 11,tomiii 11,Daily vlogs,10.7M,10700000,Mexico,78.5K,78500,9.7K,9700,445,445
Narendra Modi,Narendra Modi,Science & Technology,10.7M,10700000,India,31.5K,31500,1.8K,1800,133,133
Dobre Brothers,Dobre Brothers,Humor,10.7M,10700000,United States,284.4K,284400,10.2K,10200,381,381
OGGY,OGGY,,10.7M,10700000,N/A,504.3K,504300,5.5K,5500,N/A,#VALOR!
OYUNCAKOYNUYORUM,OYUNCAKOYNUYORUM,,10.7M,10700000,N/A,311.2K,311200,1.1K,1100,N/A,#VALOR!
Experienced Mojaraba TV,Experienced Mojaraba TV,Health & Self Help,10.7M,10700000,United States,190.7K,190700,5.2K,5200,128,128
rangeldovine,Lucas Rangel,,10.6M,10600000,Brazil,169.6K,169600,18.2K,18200,69,69
NEXT9NEWS हर खबर आप तक,NEXT9NEWS हर खबर आप तक,,10.6M,10600000,India,1.6K,1600,7,7,N/A,#VALOR!
Jessica Jane,Jessica Jane,Food & Drinks,10.5M,10500000,Indonesia,826.4K,826400,46.2K,46200,1.1K,1100
Ceylin - H Official,Ceylin - H Official,Music & Dance,10.5M,10500000,Cyprus,73.1K,73100,N/A,#VALOR!,N/A,#VALOR!
stampylonghead,stampylonghead,Video games,10.5M,10500000,United States,155.9K,155900,8.2K,8200,759,759
Flamingo,Flamingo,Animation,10.5M,10500000,United States,2.1M,2100000,68.3K,68300,7.1K,7100
Golemcito Games,Golemcito Games,Video games,10.5M,10500000,Peru,2.8M,2800000,290K,290000,6.4K,6400
Daniel LaBelle,Daniel LaBelle,,10.5M,10500000,United States,5.6M,5600000,273.6K,273600,2.4K,2400
Vox,Vox,News & Politics,10.5M,10500000,United States,2.3M,2300000,69.3K,69300,3.6K,3600
craftingeek,Craftingeek,,10.5M,10500000,Mexico,231.2K,231200,9.2K,9200,113,113
francinyehlke,Franciny Ehlke,Fashion,10.5M,10500000,Brazil,197.2K,197200,19.2K,19200,629,629
BuzzFeedYellow,As/Is,Fashion,10.5M,10500000,United States,27.1K,27100,1.1K,1100,12,12
doctruyencotich,Kênh Thiếu Nhi - BHMEDIA,Music & Dance,10.5M,10500000,United States,21.3K,21300,94,94,N/A,#VALOR!
ChillStepNation,Chill Nation,Music & Dance,10.5M,10500000,United States,53.7K,53700,1.1K,1100,46,46
Acenix,Acenix,Video games,10.5M,10500000,Mexico,2.4M,2400000,111K,111000,2.2K,2200
Taylor RS,Taylor RS,,10.5M,10500000,United States,39.8K,39800,348,348,12,12
pinkfongko,핑크퐁 (인기 동요・동화),Music & Dance,10.5M,10500000,N/A,66.9K,66900,325,325,N/A,#VALOR!
SaraBeautyCorner,"SaraBeautyCorner - DIY, Comedy, Makeup, Nail Art",DIY & Life Hacks,10.5M,10500000,United States,133.3K,133300,7.6K,7600,722,722
WarnerBrosPictures,Warner Bros. Pictures,Movies,10.5M,10500000,United States,424.8K,424800,17.7K,17700,861,861
Google,Google,,10.5M,10500000,United States,11.6K,11600,158,158,15,15
redbull,Red Bull,Sports,10.5M,10500000,United States,292.5K,292500,5.2K,5200,246,246
LA DIVAZA,LA DIVAZA,,10.5M,10500000,Mexico,0,0,N/A,#VALOR!,N/A,#VALOR!
CJENMMUSIC,Stone Music Entertainment,Music & Dance,10.5M,10500000,United States,8.4K,8400,719,719,34,34
telugufilmnagar,Telugu Filmnagar,,10.5M,10500000,India,4.5K,4500,71,71,2,2
brancoala,Brancoala,Toys,10.5M,10500000,Brazil,398.2K,398200,8.2K,8200,202,202
Kids smile TV,Kids smile TV,,10.5M,10500000,N/A,227.5K,227500,1.4K,1400,N/A,#VALOR!
soicon295,Magnet World,,10.5M,10500000,United States,12.6K,12600,423,423,5,5
Sidhu Moose Wala,Sidhu Moose Wala,Music & Dance,10.4M,10400000,India,3.9M,3900000,336K,336000,59K,59000
AlArabiya,AlArabiya العربية,News & Politics,10.4M,10400000,Morocco,6.3K,6300,92,92,22,22
Troom Troom Arabic,Troom Troom Arabic,,10.3M,10300000,Egypt,558.9K,558900,9.1K,9100,184,184
MeKcanal,Matheus e Kauan,Music & Dance,10.3M,10300000,Brazil,6.2K,6200,663,663,11,11
DuDuPopTOY,DuDuPopTOY,Animation,10.3M,10300000,N/A,16.1K,16100,374,374,N/A,#VALOR!
Playing with Rafael,Playing with Rafael,,10.3M,10300000,Brazil,3.9K,3900,25,25,N/A,#VALOR!
Jamuna TV,Jamuna TV,News & Politics,10.3M,10300000,Bangladesh,60.1K,60100,1.5K,1500,96,96
Cris Devil Gamer,Cris Devil Gamer,Music & Dance,10.3M,10300000,United States,460.5K,460500,19.9K,19900,669,669
prantoniojunior,Pastor Antônio Júnior,Music & Dance,10.3M,10300000,Brazil,341K,341000,79.9K,79900,8.8K,8800
Pari's Lifestyle,Pari's Lifestyle,Daily vlogs,10.3M,10300000,India,545.6K,545600,12.1K,12100,113,113
sbtthenoite,The Noite com Danilo Gentili,,10.3M,10300000,Brazil,26.4K,26400,1.4K,1400,42,42
HISHEdotcom,How It Should Have Ended,Movies,10.3M,10300000,United States,903.9K,903900,33.9K,33900,1.3K,1300
penguinz0,penguinz0,Animation,10.3M,10300000,United States,1.4M,1400000,49.3K,49300,2.6K,2600
destinws2,SmarterEveryDay,Science & Technology,10.3M,10300000,United States,1.9M,1900000,72.2K,72200,4.7K,4700
Flowers Comedy,Flowers Comedy,,10.3M,10300000,India,124.5K,124500,2K,2000,126,126
lucygerardi43,Luli Pampín,Music & Dance,10.3M,10300000,N/A,546.6K,546600,3.1K,3100,N/A,#VALOR!
cbstvdinsideedition,Inside Edition,News & Politics,10.3M,10300000,United States,213.1K,213100,5.5K,5500,684,684
Oum Walid,Oum Walid,Education,10.3M,10300000,Algeria,527.8K,527800,29.4K,29400,1.6K,1600
Lofi Girl,Lofi Girl,Music & Dance,10.3M,10300000,United States,96.9K,96900,3.8K,3800,179,179
TwinRoozi 쌍둥이 루지,TwinRoozi 쌍둥이 루지,Daily vlogs,10.3M,10300000,Indonesia,197.5K,197500,N/A,#VALOR!,N/A,#VALOR!
infobellskannada,infobells - Kannada,Education,10.3M,10300000,N/A,759.4K,759400,3.3K,3300,N/A,#VALOR!
Mrwhosetheboss,Mrwhosetheboss,Science & Technology,10.3M,10300000,United States,2.7M,2700000,152.9K,152900,10.1K,10100
TikTak Draw,TikTak Draw,Science & Technology,10.3M,10300000,Mexico,120.9K,120900,7.7K,7700,345,345
sagahits,SagaHits,Music & Dance,10.3M,10300000,India,45.3K,45300,1.2K,1200,51,51
Sab kuchh sikho jano,Sab kuchh sikho jano,News & Politics,10.2M,10200000,India,28.8K,28800,1.5K,1500,61,61
zeetamil,Zee Tamil,,10.2M,10200000,India,85K,85000,1.6K,1600,13,13
Milena Stepanienco - MILENINHA,Milena Stepanienco - MILENINHA,Toys,10.2M,10200000,Brazil,342.5K,342500,2.6K,2600,N/A,#VALOR!
Wylsacom,Wylsacom,News & Politics,10.2M,10200000,Russia,946.9K,946900,38.8K,38800,6.9K,6900
TWO SIDE GAMERS,TWO SIDE GAMERS,,10.1M,10100000,India,681.4K,681400,62.3K,62300,1.6K,1600
aljazeerachannel,AlJazeera Channel قناة الجزيرة,News & Politics,10.1M,10100000,Morocco,36.7K,36700,485,485,89,89
cleanbandit,Clean Bandit,Music & Dance,10.1M,10100000,United States,64.8K,64800,2.1K,2100,100,100
JessicaJulioeBaby,Laurinha e Helena - Clubinho da Laura,Toys,10.1M,10100000,Brazil,246.1K,246100,5.7K,5700,176,176
Rawan and Rayan,Rawan and Rayan,Daily vlogs,10.1M,10100000,Algeria,1M,1000000,61.5K,61500,4.4K,4400
T-STUDIO,T-STUDIO,,10.1M,10100000,United States,50.2K,50200,4.9K,4900,15,15
TV9 Bharatvarsh,TV9 Bharatvarsh,News & Politics,10.1M,10100000,India,27.9K,27900,484,484,19,19
AsapSCIENCE,AsapSCIENCE,Science & Technology,10.1M,10100000,United States,772K,772000,55.8K,55800,1.8K,1800
Caso Cerrado,Caso Cerrado,,10.1M,10100000,Mexico,410.7K,410700,4.7K,4700,174,174
DalasReview,Dalas Review,Science & Technology,10.1M,10100000,Mexico,684.7K,684700,82.1K,82100,9.7K,9700
francoescamilla,Franco Escamilla,,10.1M,10100000,Mexico,450K,450000,16.2K,16200,352,352
Pinkfong en español - Canciones Infantiles,Pinkfong en español - Canciones Infantiles,Animation,10.1M,10100000,N/A,44.9K,44900,156,156,N/A,#VALOR!
BE AMAZED,BE AMAZED,Education,10.1M,10100000,United States,577K,577000,14.1K,14100,762,762
Pen Multiplex,Pen Multiplex,,10.1M,10100000,India,10.3K,10300,60,60,5,5
0214mex,はじめしゃちょー（hajime）,Music & Dance,10.1M,10100000,Japan,1.2M,1200000,34.2K,34200,1.3K,1300
Republic Bharat,Republic Bharat,News & Politics,10.1M,10100000,India,15.4K,15400,N/A,#VALOR!,17,17
Captain Watch Hits,Captain Watch Hits,,10.1M,10100000,India,41.2K,41200,234,234,6,6
Влад и Никита,Влад и Никита,Toys,10.1M,10100000,N/A,1M,1000000,6K,6000,N/A,#VALOR!
Dynamo Gaming,Dynamo Gaming,,10.1M,10100000,India,497.9K,497900,58.5K,58500,261,261
TomorrowlandChannel,Tomorrowland,Music & Dance,10.1M,10100000,Brazil,19.4K,19400,914,914,50,50
VitalyzdTv,VitalyzdTv,Humor,10.1M,10100000,United States,67.9K,67900,1.2K,1200,236,236
вДудь,вДудь,News & Politics,10.1M,10100000,Russia,16.8M,16800000,615.5K,615500,89.4K,89400
atv,atv,Animation,10.1M,10100000,Turkey,41.2K,41200,420,420,25,25
Rachit Rojha,Rachit Rojha,,10.1M,10100000,India,5.2M,5200000,101.8K,101800,4.4K,4400
ChuChuTV Hindi,ChuChuTV Hindi,Education,10.1M,10100000,N/A,160.6K,160600,1K,1000,N/A,#VALOR!
MTV,MTV,Music & Dance,10.1M,10100000,United States,6.7K,6700,343,343,23,23
Hindi Kahaniya,Hindi Kahaniya,,10.1M,10100000,India,159.2K,159200,1.9K,1900,52,52
ctctv,СТС,Video games,10.1M,10100000,Russia,19K,19000,168,168,13,13
Luan Palomera,Luan Palomera,,10.1M,10100000,Mexico,757.5K,757500,40.2K,40200,1.6K,1600
Hindi Fairy Tales,Hindi Fairy Tales,,10.1M,10100000,India,557.2K,557200,9.3K,9300,N/A,#VALOR!
Hindi Countdown,Hindi Countdown,Education,10.1M,10100000,India,3.6M,3600000,89.6K,89600,3K,3000
Diana and Roma IND,Diana and Roma IND,,10.1M,10100000,N/A,294K,294000,1.8K,1800,N/A,#VALOR!
Lorrayne Oliveira,Lorrayne Oliveira,Toys,10.1M,10100000,Brazil,281.5K,281500,17.5K,17500,502,502
Busy Fun Ltd,Busy Fun Ltd,,10.1M,10100000,India,2.4M,2400000,13.9K,13900,334,334
Goldmines Housefull,Goldmines Housefull,,10M,10000000,N/A,13.4K,13400,N/A,#VALOR!,N/A,#VALOR!
RDCGujarati,RDC Gujarati,Music & Dance,10M,10000000,India,26.1K,26100,808,808,26,26
Wolfoo's stories,Wolfoo's stories,Animation,10M,10000000,N/A,724.3K,724300,4.2K,4200,N/A,#VALOR!
Juice WRLD,Juice WRLD,Music & Dance,10M,10000000,United States,7.6M,7600000,308.3K,308300,19.4K,19400
jordanmatter,Jordan Matter,Music & Dance,10M,10000000,United States,4.9M,4900000,137K,137000,12.5K,12500
whoisjimmy,How Ridiculous,Sports,9.9M,9900000,United States,25.5M,25500000,750.3K,750300,5.2K,5200
BestCodComedy,BCC Gaming,Video games,9.9M,9900000,United States,2.3K,2300,75,75,8,8
familyfunpack,Family Fun Pack,,9.9M,9900000,United States,114.5K,114500,2.2K,2200,273,273
makebymarimaria,Mari Maria,Fashion,9.9M,9900000,Brazil,132.1K,132100,13.8K,13800,436,436
Toymong tv 토이몽TV,Toymong tv 토이몽TV,,9.9M,9900000,N/A,27.1K,27100,211,211,N/A,#VALOR!
BERTH-OH,BERTH-OH,,9.9M,9900000,Mexico,520K,520000,24.6K,24600,591,591
Comedy Captain,Comedy Captain,,9.9M,9900000,India,16.3K,16300,127,127,3,3
Joe HaTTab,Joe HaTTab,Travel,9.9M,9900000,Saudi Arabia,3.5M,3500000,233.2K,233200,15.9K,15900
NASAtelevision,NASA,News & Politics,9.9M,9900000,United States,92.6K,92600,4.2K,4200,N/A,#VALOR!
historychannel,HISTORY,,9.9M,9900000,United States,71.2K,71200,1.3K,1300,108,108
MSA previously My Story Animated,MSA previously My Story Animated,Animation,9.9M,9900000,United States,5.4M,5400000,154K,154000,4.8K,4800
Nirahua Music World,Nirahua Music World,,9.9M,9900000,India,112.6K,112600,5K,5000,152,152
Nickelodeon,Nickelodeon,Movies,9.9M,9900000,N/A,60K,60000,767,767,N/A,#VALOR!
Will Smith,Will Smith,Movies,9.9M,9900000,United States,332.2K,332200,10.5K,10500,5.5K,5500
Heroine Movies 2022,Heroine Movies 2022,Daily vlogs,9.9M,9900000,India,151.9K,151900,1.1K,1100,22,22
WAMIndiaMovies,Wamindia Movies,,9.9M,9900000,India,138.5K,138500,2.2K,2200,41,41
shrutiarjunanand,Shruti Arjun Anand,Movies,9.8M,9800000,India,1.5M,1500000,47.1K,47100,1.5K,1500
barcroftmedia,truly,News & Politics,9.8M,9800000,United States,105K,105000,N/A,#VALOR!,382,382
5-Minute Recipes,5-Minute Recipes,,9.8M,9800000,India,76.4K,76400,860,860,15,15
rathorvideo,Rathore Cassettes,,9.8M,9800000,India,13.5K,13500,134,134,13,13
buzzfeedblue,BuzzFeed Multiplayer,,9.8M,9800000,United States,8.5K,8500,342,342,79,79
5-Minute Crafts LIKE,5-Minute Crafts LIKE,,9.8M,9800000,United States,48.3K,48300,394,394,8,8
panicopgm,Programa Pânico Lab,Toys,9.8M,9800000,Brazil,22.9K,22900,1.1K,1100,27,27
RUOK FF,RUOK FF,,9.8M,9800000,Brazil,687K,687000,80.7K,80700,4K,4000
htv2channel,Vie Channel - HTV2,Music & Dance,9.8M,9800000,United States,8.5K,8500,114,114,7,7
KiKiDo,KiKiDo,Video games,9.8M,9800000,Russia,1.7M,1700000,44K,44000,1.5K,1500
MBCkpop,MBCkpop,Music & Dance,9.8M,9800000,Philippines,19K,19000,925,925,87,87
Receitas de Pai,Receitas de Pai,Food & Drinks,9.8M,9800000,Brazil,99K,99000,13K,13000,336,336
TheSyndicateProject,Syndicate,Video games,9.8M,9800000,United States,157.7K,157700,4.9K,4900,1.3K,1300
Family Box,Family Box,Video games,9.8M,9800000,Russia,510.7K,510700,9.7K,9700,483,483
Sơn Tùng M-TP Official,Sơn Tùng M-TP Official,Music & Dance,9.8M,9800000,United States,61.2K,61200,4.6K,4600,233,233
Peppa Pig Hindi,Peppa Pig Hindi,Education,9.8M,9800000,N/A,338.9K,338900,2.5K,2500,N/A,#VALOR!
Vlad and Niki PRT,Vlad and Niki PRT,,9.7M,9700000,N/A,1.8M,1800000,N/A,#VALOR!,N/A,#VALOR!
OneRepublic,OneRepublic,Music & Dance,9.7M,9700000,United States,9.9K,9900,749,749,21,21
BBCArabicNews,BBC News عربي,News & Politics,9.7M,9700000,Egypt,38.5K,38500,736,736,145,145
The Daily Show with Trevor Noah,The Daily Show with Trevor Noah,News & Politics,9.7M,9700000,United States,497.4K,497400,10.2K,10200,1.1K,1100
Islam Populer,Islam Populer,Education,9.7M,9700000,Indonesia,82.3K,82300,2.1K,2100,164,164
Viki Show,Viki Show,Humor,9.7M,9700000,Russia,2.8M,2800000,109.6K,109600,3.1K,3100
Raditya Dika,Raditya Dika,Food & Drinks,9.7M,9700000,Indonesia,179.2K,179200,7.8K,7800,299,299
mrplotvideos,Mundo Bita,Music & Dance,9.7M,9700000,N/A,505.9K,505900,4.9K,4900,N/A,#VALOR!
مصطفى GAME OVER,مصطفى GAME OVER,,9.7M,9700000,Iraq,658.9K,658900,74.9K,74900,2.9K,2900
ChennaiExp2013,Red Chillies Entertainment,,9.7M,9700000,India,28.4K,28400,990,990,72,72
MrGustavoParodias,Gustavo Paródias,Humor,9.7M,9700000,Brazil,214.5K,214500,22K,22000,367,367
ChuChuTV Español,ChuChuTV Español,Humor,9.7M,9700000,N/A,35K,35000,204,204,N/A,#VALOR!
welovekamikaze,welovekamikaze,,9.7M,9700000,Thailand,3K,3000,132,132,4,4
singkingkaraoke,Sing King,Music & Dance,9.7M,9700000,United States,10.8K,10800,157,157,17,17
EugenBro,EugenBro,Video games,9.7M,9700000,Russia,724.3K,724300,36.5K,36500,2.7K,2700
KapilComedyNights,Colors Rishtey,,9.7M,9700000,India,247.3K,247300,1.7K,1700,20,20
Larva2011ani,Larva TUBA,,9.6M,9600000,United States,21.8K,21800,259,259,12,12
Netflix Latinoamérica,Netflix Latinoamérica,,9.6M,9600000,Mexico,20.3K,20300,993,993,76,76
ThePersica,Orkun Işıtmak,Video games,9.6M,9600000,Turkey,1.7M,1700000,75.5K,75500,2.1K,2100
TeremokTV,Теремок ТВ,Video games,9.6M,9600000,N/A,117.3K,117300,546,546,N/A,#VALOR!
Prince Royce,Prince Royce,Music & Dance,9.6M,9600000,United States,7M,7000000,160.8K,160800,3.6K,3600
قناة وناسة -  Wanasah TV,قناة وناسة -  Wanasah TV,Music & Dance,9.6M,9600000,N/A,12.4M,12400000,78.2K,78200,N/A,#VALOR!
Heidi y Zidane en español,Heidi y Zidane en español,Toys,9.6M,9600000,N/A,339.4K,339400,2.2K,2200,N/A,#VALOR!
SerbianGamesBL2,Life Hacks & Experiments,,9.6M,9600000,United States,42.5K,42500,194,194,14,14
mainaCassette,Haryanvi Maina,Music & Dance,9.6M,9600000,India,6.3K,6300,55,55,4,4
mamilosmolengas,Mussoumano,Music & Dance,9.6M,9600000,Brazil,860.5K,860500,88.2K,88200,3.6K,3600
sadhguru,Sadhguru,,9.6M,9600000,India,196.7K,196700,9.6K,9600,186,186
Sonotek Haryanvi,Sonotek Haryanvi,Music & Dance,9.6M,9600000,India,11.3K,11300,192,192,21,21
Survival Builder,Survival Builder,,9.6M,9600000,United States,151.6K,151600,3.3K,3300,134,134
luisitorey,luisitorey,,9.6M,9600000,Mexico,33.1K,33100,2.2K,2200,48,48
Bispo Bruno Leonardo,Bispo Bruno Leonardo,Music & Dance,9.6M,9600000,Brazil,577.9K,577900,208.7K,208700,139.8K,139800
bgfilms,Babish Culinary Universe,Food & Drinks,9.6M,9600000,United States,817.9K,817900,34.4K,34400,1.2K,1200
5-Minute Crafts TEENS,5-Minute Crafts TEENS,,9.6M,9600000,India,23.8K,23800,386,386,13,13
BIBI,BIBI,,9.6M,9600000,Brazil,30.8K,30800,3K,3000,51,51
ZarcortGame,ZarcortGame,Music & Dance,9.5M,9500000,Mexico,111K,111000,15.3K,15300,538,538
DELRECORDS,DEL Records,Music & Dance,9.5M,9500000,Mexico,289K,289000,12.8K,12800,200,200
ehbeefamily,The Bee Family,Humor,9.5M,9500000,United States,58K,58000,2.6K,2600,170,170
Eagle Home Entertainments,Eagle Home Entertainments,,9.5M,9500000,India,3K,3000,27,27,N/A,#VALOR!
Ben Azelart,Ben Azelart,Video games,9.5M,9500000,United States,2.3M,2300000,89.3K,89300,31.1K,31100
PicaPicaVEVO,Pica - Pica Oficial,,9.5M,9500000,N/A,211.5K,211500,519,519,N/A,#VALOR!
Talent Recap,Talent Recap,Music & Dance,9.5M,9500000,United States,33.5K,33500,328,328,29,29
lincolnvelasquez,Cong TV,,9.5M,9500000,Philippines,2.5M,2500000,163.6K,163600,4.2K,4200
Garena Free Fire Brasil,Garena Free Fire Brasil,Video games,9.5M,9500000,Brazil,200.9K,200900,3.1K,3100,302,302
InquisitorMaster,InquisitorMaster,Animation,9.5M,9500000,United States,544.3K,544300,20.5K,20500,1.3K,1300
Niki and Gabi,Niki and Gabi,Fashion,9.5M,9500000,United States,485.5K,485500,25.2K,25200,531,531
منوعات الكوميديا العراقية,منوعات الكوميديا العراقية,,9.5M,9500000,Iraq,1.4M,1400000,78.5K,78500,1.7K,1700
TopMovieClips,TopMovieClips,Movies,9.5M,9500000,United States,268.3K,268300,5.4K,5400,190,190
timesmusicindia,Times Music,Music & Dance,9.5M,9500000,India,456.1K,456100,10.3K,10300,178,178
DaBaby,DaBaby,Music & Dance,9.5M,9500000,United States,976.4K,976400,36.4K,36400,1.3K,1300
Dharma Productions,Dharma Productions,,9.5M,9500000,India,20.4K,20400,1.2K,1200,44,44
IniTalkShow,Ini Talk Show,Music & Dance,9.5M,9500000,Indonesia,0,0,N/A,#VALOR!,N/A,#VALOR!
BETO GAMER,BETO GAMER,Animation,9.5M,9500000,Brazil,448.9K,448900,28.1K,28100,372,372
MrStiven Tc,MrStiven Tc,Video games,9.5M,9500000,Colombia,671.7K,671700,66.9K,66900,352,352
NetflixBRA,Netflix Brasil,Humor,9.4M,9400000,Brazil,23.3K,23300,1.6K,1600,90,90
JoeyGraceffa,Joey Graceffa,Animals & Pets,9.4M,9400000,United States,317.9K,317900,23.3K,23300,2.9K,2900
aanandaaudio,Anand Audio,,9.4M,9400000,India,132.3K,132300,3.6K,3600,126,126
sonyliv,SonyLIV,,9.4M,9400000,India,3.4K,3400,56,56,3,3
서은이야기[SeoeunStory],서은이야기[SeoeunStory],,9.4M,9400000,N/A,36.5K,36500,176,176,N/A,#VALOR!
Grandpa Kitchen,Grandpa Kitchen,Food & Drinks,9.4M,9400000,United States,162.7K,162700,8.6K,8600,318,318
MrMuselk,Muselk,Video games,9.4M,9400000,United States,465.5K,465500,19.6K,19600,636,636
JoshDub,JoshDub,Animation,9.4M,9400000,United States,0,0,N/A,#VALOR!,N/A,#VALOR!
BrPVPHu3,João Caetano,,9.4M,9400000,Brazil,755.5K,755500,69.1K,69100,1.2K,1200
Power Vision,Power Vision,,9.4M,9400000,United States,24.1K,24100,428,428,4,4
N1Noobtubers,웃웃TwinsFromRussia,Daily vlogs,9.4M,9400000,India,55.6K,55600,3.6K,3600,19,19
bhaktisongs,Shemaroo Bhakti,Music & Dance,9.4M,9400000,India,2.8K,2800,45,45,6,6
The Voice Global,The Voice Global,Music & Dance,9.4M,9400000,United States,320.8K,320800,4.1K,4100,87,87
POPSVIETNAM,POPS MUSIC,Music & Dance,9.4M,9400000,United States,7.7K,7700,217,217,4,4
CRACKS,CRACKS,Video games,9.4M,9400000,Colombia,21.3K,21300,2K,2000,139,139
hasanjr11,hasanjr11,,9.4M,9400000,Indonesia,23K,23000,2.3K,2300,208,208
Adriana Show,Adriana Show,Animation,9.4M,9400000,N/A,53.8K,53800,N/A,#VALOR!,N/A,#VALOR!
Cleo y Cuquin - Canciones infantiles,Cleo y Cuquin - Canciones infantiles,Music & Dance,9.4M,9400000,N/A,225.1K,225100,1K,1000,N/A,#VALOR!
efdewe,efdewe,Music & Dance,9.3M,9300000,Indonesia,195K,195000,11.2K,11200,670,670
SAS-ASMR,SAS-ASMR,,9.3M,9300000,United States,216.7K,216700,7.3K,7300,238,238
fozimozi,Fozi Mozi,,9.3M,9300000,N/A,273.1K,273100,3.2K,3200,N/A,#VALOR!
sonotektv,Sonotek Music,Music & Dance,9.3M,9300000,India,1.6M,1600000,34.5K,34500,1K,1000
TeremokSongs,Теремок - Песенки для детей,Music & Dance,9.3M,9300000,Russia,115.4K,115400,615,615,N/A,#VALOR!
YFrostA,FROST,Video games,9.3M,9300000,Russia,560.5K,560500,48.5K,48500,1.8K,1800
DreamworksAnimation,Peacock Kids,,9.3M,9300000,N/A,12.2K,12200,47,47,N/A,#VALOR!
RSVDO,rsfriends,Music & Dance,9.3M,9300000,Thailand,4.4K,4400,118,118,12,12
Classic Mr Bean,Classic Mr Bean,,9.3M,9300000,India,86K,86000,1K,1000,47,47
LetDa Hyper,LetDa Hyper,Music & Dance,9.3M,9300000,Indonesia,95K,95000,5.2K,5200,332,332
brunoberti10,Irmãos Berti,Toys,9.3M,9300000,Brazil,116.3K,116300,7K,7000,194,194
Karina Garcia,Karina Garcia,DIY & Life Hacks,9.3M,9300000,United States,220.8K,220800,9.2K,9200,301,301
Bhojpuri Movies,Bhojpuri Movies,,9.3M,9300000,India,4.2M,4200000,14.9K,14900,142,142
Dolly and Friends,Dolly and Friends,Animation,9.3M,9300000,N/A,415.3K,415300,2.7K,2700,N/A,#VALOR!
PlaticaPolinesa,PlaticaPolinesia,Music & Dance,9.3M,9300000,Mexico,38.5K,38500,3.9K,3900,370,370
Bessan Ismail - بيسان اسماعيل,Bessan Ismail - بيسان اسماعيل,,9.3M,9300000,Iraq,1.9M,1900000,175.1K,175100,13K,13000
FoxNewsChannel,Fox News,News & Politics,9.3M,9300000,United States,207.1K,207100,5.1K,5100,1.8K,1800
RoosterTeeth,Rooster Teeth,Movies,9.3M,9300000,United States,40.8K,40800,1.3K,1300,136,136
Rayito,Rayito,,9.3M,9300000,Mexico,7.6K,7600,306,306,33,33
[햄지]Hamzy,[햄지]Hamzy,,9.3M,9300000,United States,2.5M,2500000,55.8K,55800,1.6K,1600
monsta,Monsta,,9.2M,9200000,Indonesia,44.8K,44800,1.2K,1200,N/A,#VALOR!
Soothing Relaxation,Soothing Relaxation,Music & Dance,9.2M,9200000,United States,112.3K,112300,3.6K,3600,258,258
NFL,NFL,Sports,9.2M,9200000,United States,107.3K,107300,1.8K,1800,206,206
FilterCopy,FilterCopy,,9.2M,9200000,India,723.4K,723400,24.3K,24300,326,326
Thơ Nguyễn,Thơ Nguyễn,,9.2M,9200000,United States,266.6K,266600,3.9K,3900,194,194
Troom Troom SELECT,Troom Troom SELECT,Movies,9.2M,9200000,United States,342.7K,342700,4K,4000,93,93
chetakvideo,Chetak,Music & Dance,9.2M,9200000,India,15.6K,15600,308,308,10,10
Denis,Denis,Video games,9.2M,9200000,United States,194.2K,194200,9.1K,9100,461,461
cartoonnetworkuk,Cartoon Network UK,,9.2M,9200000,N/A,47.3K,47300,387,387,N/A,#VALOR!
Tom Slime,Tom Slime,,9.2M,9200000,United States,21K,21000,206,206,10,10
FutParódias,FutParódias,Music & Dance,9.2M,9200000,Brazil,1.4M,1400000,110.1K,110100,2.5K,2500
EL GATO,EL GATO,Toys,9.2M,9200000,Brazil,243.8K,243800,30.7K,30700,636,636
CinemaSins,CinemaSins,Movies,9.2M,9200000,United States,296K,296000,10.2K,10200,874,874
CricketICC,ICC,Sports,9.2M,9200000,India,15.2K,15200,854,854,58,58
BRKsEDU,BRKsEDU,Animation,9.2M,9200000,Brazil,112.3K,112300,9.8K,9800,246,246