instagram name,influencer name ,Category_1,Category_2,Subscribers count,Subscribers count,Views avg.,Likes avg,Likes avg,Comments avg.,Comments avg.
433,433,Sports with a ball,,50.7M,50700000,Spain,274.9K,274900,456.7K,456700
____kimwoobin,á„€á…µá†·á„‹á…®á„‡á…µá†«,Lifestyle,,3.6M,3600000,Indonesia,449.4K,449400,592.7K,592700
__youngbae__,TAEYANG,Music,,13.4M,13400000,Indonesia,269.6K,269600,304.1K,304100
_agentgirl_,ĞĞĞ¡Ğ¢Ğ¯ Ğ˜Ğ’Ğ›Ğ•Ğ•Ğ’Ğ,Shows,,18.6M,18600000,Russia,164.4K,164400,189.4K,189400
_hakkencoser_,Hakken å…«çŠ¬,Lifestyle,Photography,3.5M,3500000,United States,525.1K,525100,643K,643000
_hakkencoser_,Hakken å…«çŠ¬,Lifestyle,Photography,3.5M,3500000,United States,525.1K,525100,643K,643000
_imyour_joy,Joy,Lifestyle,,14M,14000000,Indonesia,1.1M,1100000,1.4M,1400000
_jeongjaehyun,Jaehyun,,,11.9M,11900000,Indonesia,2.1M,2100000,2.6M,2600000
_mariahwasa,HWASA,,,8.2M,8200000,Brazil,957.2K,957200,1.2M,1200000
_rl9,Robert Lewandowski,Sports with a ball,,26.6M,26600000,Poland,381.9K,381900,486K,486000
_seorina,á„‰á…¥á†¯á„‹á…µá†«á„‹á…¡ sá´‡á´Ê€ÉªÉ´á´€,Lifestyle,Cinema & Actors/actresses,5.7M,5700000,South Korea,728K,728000,903.5K,903500
_shotaroo_,SHOTARO ã‚·ãƒ§ã‚¦ã‚¿ãƒ­ã‚¦,Lifestyle,Music,5.3M,5300000,Indonesia,866.9K,866900,1.1M,1100000
_zyozyo,ì§€íš¨ (JIHYO),,,3.6M,3600000,0,1.9M,1900000,,0
03_hu,á„‡á…¡á†¨á„Œá…µá„’á…®,Lifestyle,,4.2M,4200000,South Korea,632.2K,632200,775.6K,775600
21savage,,Music,,13.5M,13500000,United States,271.2K,271200,475.8K,475800
39saku_chan,Sakura Miyawaki,Cinema & Actors/actresses,,3.5M,3500000,Indonesia,666.2K,666200,822.3K,822300
3gerardpique,Gerard PiqueÌ,Sports with a ball,,20.4M,20400000,Spain,453.3K,453300,668.8K,668800
5sos,5 Seconds of Summer,Music,,10.1M,10100000,United States,154.3K,154300,213.7K,213700
9gag,9GAG: Go Fun The World,Humor & Fun & Happiness,,58.2M,58200000,Indonesia,118.5K,118500,154.4K,154400
ab,Antonio Brown,Sports with a ball,,9.6M,9600000,United States,131.9K,131900,268K,268000
abdevilliers17,AB de Villiers,Sports with a ball,Lifestyle,18.3M,18300000,India,274.1K,274100,315.8K,315800
achrafhakimi,Achraf Hakimi,Sports with a ball,,9.8M,9800000,Morocco,359.2K,359200,527.2K,527200
actor_jg,"ğŸ’“ë°°ìš° ì´ì¤€ê¸° LEE JOON GI , a.k.a Actor JG ææº–åŸº ğŸ’“",Cinema & Actors/actresses,,6.4M,6400000,Indonesia,332.2K,332200,389.9K,389900
actorleeminho,á„‹á…µá„†á…µá†«á„’á…© leeminho,Cinema & Actors/actresses,,29.9M,29900000,Indonesia,2.5M,2500000,3.3M,3300000
actorsuriya,Suriya Sivakumar,Cinema & Actors/actresses,,4.8M,4800000,India,715.6K,715600,928.7K,928700
acunilicali,Acun IlÄ±calÄ±,Cinema & Actors/actresses,,13.7M,13700000,Turkey,128.1K,128100,157.4K,157400
adamsandler,Adam Sandler,Cinema & Actors/actresses,,13.3M,13300000,United States,126.8K,126800,161.8K,161800
adamweitsman,Adam Weitsman,Business & Careers,,17.2M,17200000,Russia,235.8K,235800,321.7K,321700
addisonraee,Addison Rae,Beauty,,40.5M,40500000,United States,569.5K,569500,880.1K,880100
adinross,,,,2.8M,2800000,United States,497.2K,497200,1M,1000000
adinross,,,,2.7M,2700000,United States,497.3K,497300,1M,1000000
aespa_official,aespa á„‹á…¦á„‰á…³á„‘á…¡,Lifestyle,,8.9M,8900000,Indonesia,211.9K,211900,304.2K,304200
agustd,SUGA of BTS ë¯¼ìœ¤ê¸°,Lifestyle,Music,35.9M,35900000,10.2M,10.2M,10200000,,0
ahmedabohashima,Ahmed Abouhashima,Business & Careers,Finance & Economics,14.8M,14800000,Egypt,121.9K,121900,164.4K,164400
ahmedhelmy,Ahmed Helmy,Humor & Fun & Happiness,,16.6M,16600000,Egypt,107.9K,107900,135.6K,135600
ahmedhelmy,Ahmed Helmy,Humor & Fun & Happiness,,16.6M,16600000,Egypt,107.9K,107900,135.6K,135600
akshaykumar,Akshay Kumar,Cinema & Actors/actresses,,62.5M,62500000,India,501.1K,501100,593.8K,593800
albafloresoficial,Alba Flores,Cinema & Actors/actresses,,11.7M,11700000,Spain,244.4K,244400,328.9K,328900
aleoliveiracm,AleÌ‚ Oliveira,Humor & Fun & Happiness,,8.4M,8400000,Brazil,232.5K,232500,589.6K,589600
alexandradaddario,alexandra daddario,Cinema & Actors/actresses,,22.6M,22600000,India,281.1K,281100,343.8K,343800
alexis_officia1,Sanchez Alexis,Sports with a ball,,14M,14000000,Chile,123.2K,123200,202.2K,202200
alexisren,Alexis Ren,Lifestyle,,16.5M,16500000,United States,98.7K,98700,153.3K,153300
alfinetei,Alfinetadas Dos Famosos ğŸ“Œ,Humor & Fun & Happiness,,21.6M,21600000,Brazil,82.5K,82500,185.4K,185400
aliaabhatt,Alia Bhatt ğŸ¤â˜€ï¸,Cinema & Actors/actresses,,66.6M,66600000,India,1.3M,1300000,1.6M,1600000
aliandooo,Aliando Syarief,Music,Cinema & Actors/actresses,16.6M,16600000,Indonesia,132.5K,132500,212.3K,212300
aliiiiiiiikarimi8,Ali Karimi,Sports with a ball,,9.4M,9400000,Iran,383.8K,383800,578.1K,578100
alishalehmann7,Alisha Lehmann,Sports with a ball,,7.7M,7700000,Brazil,235.6K,235600,444.8K,444800
alluarjunonline,Allu Arjun,Cinema & Actors/actresses,,18.5M,18500000,India,1.1M,1100000,1.4M,1400000
alok,Alok,Music,Art/Artists,27.6M,27600000,Brazil,103.9K,103900,132K,132000
alvaromorata,AÌlvaro Morata,Sports with a ball,Literature & Journalism,17.2M,17200000,Italy,104.7K,104700,162.1K,162100
alvaromorte,Ãlvaro Morte,Cinema & Actors/actresses,,12.2M,12200000,India,125.2K,125200,172.1K,172100
alvxaro,ALVARO,Lifestyle,,9.6M,9600000,Brazil,205.7K,205700,515.7K,515700
alwaysramcharan,Ram Charan,Lifestyle,Cinema & Actors/actresses,7.8M,7800000,India,833.6K,833600,933.7K,933700
amadorat,N I C O L E   A M A D O ğŸ‰,Fashion,Lifestyle,8.2M,8200000,Mexico,440.9K,440900,492.5K,492500
amandacerny,Amanda ğ•®ğ–Šğ–—ğ–“ğ–,Humor & Fun & Happiness,,24M,24000000,India,97.4K,97400,157.1K,157100
amauryguichon,Amaury Guichon,Food & Cooking,,8.9M,8900000,United States,416K,416000,507.8K,507800
amin.hayai,Amin Hayaiee,,,9M,9000000,Iran,298.1K,298100,392.5K,392500
amitabhbachchan,Amitabh Bachchan,Cinema & Actors/actresses,,30.6M,30600000,India,202.2K,202200,233.7K,233700
amitabhbachchan,Amitabh Bachchan,Cinema & Actors/actresses,,30.7M,30700000,India,173K,173000,199.3K,199300
amybethmcnulty,Amybeth,Lifestyle,Cinema & Actors/actresses,7M,7000000,Brazil,430.5K,430500,591.5K,591500
ana_d_armas,A N A   D E   A R M A S,Cinema & Actors/actresses,Lifestyle,7M,7000000,United States,613.8K,613800,830.2K,830200
anahi,Anahi,Music,Modeling,9.7M,9700000,Brazil,340.1K,340100,596.3K,596300
ananyapanday,Ananya ğŸ’›ğŸ’«,Cinema & Actors/actresses,,22.9M,22900000,India,355.5K,355500,415.7K,415700
anas,Anas,Family,Shows,5.7M,5700000,0,577.7K,577700,,0
andreavaldirisos,ANDREA VALDIRI ğŸ‡¨ğŸ‡´,Lifestyle,Beauty,8.5M,8500000,Colombia,462.1K,462100,656.9K,656900
andresiniesta8,Andres Iniesta,Sports with a ball,,39.6M,39600000,Spain,63K,63000,91.7K,91700
angela_aguilar_,AÌngela Aguilar ğŸ‡²ğŸ‡½,Lifestyle,,8.7M,8700000,Mexico,320K,320000,388.1K,388100
angeldimariajm,AÌngel Di MariÌa,Sports with a ball,,17.5M,17500000,Argentina,178.7K,178700,262.9K,262900
angelinajolie,Angelina Jolie,Lifestyle,,13.2M,13200000,Brazil,213.8K,213800,354.2K,354200
angelinajolie,Angelina Jolie,,,13.2M,13200000,Brazil,213.8K,213800,354.2K,354200
angeliqueboyer,Angelique Boyer,Shows,Cinema & Actors/actresses,14.1M,14100000,Brazil,254.2K,254200,318.8K,318800
angelrai07,Angel Rai :),Humor & Fun & Happiness,,19.9M,19900000,India,448.1K,448100,539K,539000
anguscloud,Angus Cloud,,,8.3M,8300000,United States,864.8K,864800,1.4M,1400000
anirudhofficial,Anirudh,Lifestyle,Music,5.9M,5900000,India,351.8K,351800,445.5K,445500
anitta,Anitta ğŸ¤,Music,,62.7M,62700000,Brazil,185.7K,185700,345.5K,345500
anjimaxuofficially,Anjali Arora,Lifestyle,,11.4M,11400000,India,422.1K,422100,540K,540000
annehathaway,Anne Hathaway,Cinema & Actors/actresses,,24.3M,24300000,United States,685.6K,685600,903.8K,903800
ansufati,Ansu Fati,Sports with a ball,,8.6M,8600000,Spain,252.3K,252300,382.7K,382700
antogriezmann,Antoine Griezmann,Sports with a ball,,36.3M,36300000,Spain,85.7K,85700,138.1K,138100
antonelaroccuzzo,Antonela Roccuzzo,Modeling,Family,19.5M,19500000,Argentina,1M,1000000,1.7M,1700000
anuel,â€œREAL HASTA LA MUERTEâ€,Music,,28.7M,28700000,Spain,382K,382000,587.4K,587400
anupamaparameswaran96,Anupama Parameswaran,Cinema & Actors/actresses,,12.2M,12200000,India,400K,400000,456.8K,456800
anushkasen0408,Anushka Sen,Cinema & Actors/actresses,,37.6M,37600000,India,388.4K,388400,451.8K,451800
anushkasharma,AnushkaSharma1588,Cinema & Actors/actresses,,59.1M,59100000,India,1.1M,1100000,1.3M,1300000
anyageraldine,anya geraldine,Music,,10.8M,10800000,Indonesia,120.7K,120700,202.2K,202200
anyageraldine,anya geraldine,Music,,10.8M,10800000,Indonesia,120.7K,120700,202.2K,202200
anyataylorjoy,Anya Taylor-Joy,,,9.1M,9100000,United States,711.2K,711200,1M,1000000
araikgalstyanmoscowschool,ï¼¡ï¼²ï¼¡ï¼©ï¼«  ï¼§ï¼¡ï¼¬ï¼³ï¼´ï¼¹ï¼¡ï¼®Â®ï¸,Beauty,,15.1M,15100000,Turkey,288K,288000,372.1K,372100
arashi_5_official,ARASHI,Music,,4.4M,4400000,Japan,535K,535000,557.8K,557800
arianagrande,Ariana Grande,Music,,318.3M,318300000,United States,2M,2000000,2.8M,2800000
arigameplays,ARIGAMEPLAYS,,,10.5M,10500000,Mexico,764.4K,764400,918K,918000
arishfakhan138,Sayyed Arishfa Khan ğŸ’,Cinema & Actors/actresses,,29.1M,29100000,India,152.2K,152200,184.9K,184900
arishfakhan138,Sayyed Arishfa Khan ğŸ’,Cinema & Actors/actresses,,29.1M,29100000,India,152.2K,152200,184.9K,184900
aron.piper,ARONğŸŒœğŸŒ,Music,Lifestyle,13.9M,13900000,Brazil,312.4K,312400,589.6K,589600
arthuraguiar,Arthur Aguiar,Music,Cinema & Actors/actresses,14M,14000000,Brazil,103.6K,103600,239.6K,239600
asabopp,Asa Butterfield,Cinema & Actors/actresses,,5.8M,5800000,Brazil,602.9K,602900,881.7K,881700
asalamaleh,Asala Maleh,Shows,,6.9M,6900000,Iraq,326.1K,326100,403.8K,403800
asaprocky,GRIM,Music,,15M,15000000,United States,437.5K,437500,730.7K,730700
ashishchanchlani,Ashish Chanchlani,Cinema & Actors/actresses,,14.5M,14500000,India,655.6K,655600,802.1K,802100
aslisona,Sonakshi Sinha,Cinema & Actors/actresses,Lifestyle,22.8M,22800000,India,81.3K,81300,99.3K,99300
ataliapr,atalia praratya,Lifestyle,,3.9M,3900000,Indonesia,825.5K,825500,1.3M,1300000
ateez_official_,ATEEZ(ì—ì´í‹°ì¦ˆ),Music,,6.7M,6700000,United States,287.4K,287400,329.4K,329400
ateez_official_,ATEEZ(ì—ì´í‹°ì¦ˆ),Music,,6.7M,6700000,United States,287.4K,287400,329.4K,329400
auba,Pierre-Emerick Aubameyang,Sports with a ball,,12.8M,12800000,United Kingdom,130.3K,130300,207K,207000
aurelie.hermansyah,Aurelie Hermansyah Atta,Beauty,,26.4M,26400000,Indonesia,236.9K,236900,299.2K,299200
avani,avani,Beauty,Lifestyle,19M,19000000,United States,176.5K,176500,237.6K,237600
avengers,Avengers,Cinema & Actors/actresses,,13.5M,13500000,India,180.2K,180200,226.2K,226200
avneetkaur_13,Avneet Kaur Official,Cinema & Actors/actresses,,32.1M,32100000,India,266.9K,266900,325K,325000
avrillavigne,Avril Lavigne,Music,Cinema & Actors/actresses,11.2M,11200000,Brazil,163.2K,163200,203.5K,203500
awez_darbar,Awez Darbar,Shows,Humor & Fun & Happiness,21.1M,21100000,India,715.1K,715100,857.6K,857600
badbunnypr,,Music,,40.6M,40600000,United States,3.5M,3500000,5.5M,5500000
bambam1a,BamBam,Music,,16.5M,16500000,Brazil,928.7K,928700,1.2M,1200000
barackobama,Barack Obama,Finance & Economics,Business & Careers,35.4M,35400000,United States,84.9K,84900,100.4K,100400
barbieferreira,barbie ferreira,,,6.3M,6300000,United States,597.2K,597200,1.1M,1100000
bbrightvc,bright,Cinema & Actors/actresses,,15.4M,15400000,Indonesia,1.3M,1300000,1.6M,1600000
beautifuldestinations,BEAUTIFUL DESTINATIONS,Photography,Travel,24.6M,24600000,United States,105K,105000,141K,141000
beberexha,Bebe Rexha,Music,Lifestyle,10.8M,10800000,India,188.3K,188300,278.5K,278500
beingsalmankhan,Salman Khan,Cinema & Actors/actresses,Art/Artists,52.8M,52800000,India,390.5K,390500,501.3K,501300
belindapop,Beli,Music,,15.4M,15400000,Mexico,405K,405000,581K,581000
belindapop,Beli,Music,,15.4M,15400000,Mexico,270.5K,270500,388.3K,388300
bellahadid,Bella ğŸ¦‹,Modeling,,53.1M,53100000,United States,425.2K,425200,682.5K,682500
bellapoarch,Bella Poarch,,,14.2M,14200000,United States,772K,772000,1M,1000000
bellathorne,BELLA,Music,Art/Artists,25.4M,25400000,United States,189.9K,189900,317.3K,317300
bernardokath,Kathryn Bernardo ğŸ˜,Beauty,Cinema & Actors/actresses,17.2M,17200000,Philippines,206K,206000,248.7K,248700
beyonce,BeyonceÌ,Music,Fashion,265M,265000000,United States,922.6K,922600,1.3M,1300000
bhadbhabie,Bhabie,Music,,16.4M,16400000,United States,122K,122000,228.6K,228600
bhuvan.bam22,Bhuvan Bam,Cinema & Actors/actresses,,14.6M,14600000,India,544.1K,544100,673.7K,673700
bianca,BIANCA ROSA,Beauty,,18M,18000000,Brazil,72.6K,72600,170.9K,170900
bibisbeautypalace,! Bibi,Family,Lifestyle,8.3M,8300000,Germany,357.6K,357600,411.2K,411200
bighit_ent,BigHit Music Updates,Music,,13M,13000000,Indonesia,584.3K,584300,720K,720000
billieeilish,BILLIE EILISH,Music,,104.1M,104100000,United States,2.6M,2600000,3.4M,3400000
bizarrap,BZRP,Music,,13.2M,13200000,Argentina,1M,1000000,1.2M,1200000
blackpinkofficial,BLÎ›Æ†KPIĞ˜K,Music,,47.4M,47400000,Indonesia,1.2M,1200000,1.5M,1500000
bleacherreport,Bleacher Report,Sports with a ball,,19.2M,19200000,United States,86.8K,86800,171.7K,171700
blythe,Andrea Brillantes,Cinema & Actors/actresses,Modeling,13.5M,13500000,Philippines,149.9K,149900,170.6K,170600
bn_sj2013,á„‡á…¡á†¨á„‰á…¥á„Œá…®á†«,Cinema & Actors/actresses,Modeling,22.1M,22100000,Indonesia,2.1M,2100000,2.5M,2500000
borodylia,ĞšÑĞµĞ½Ğ¸Ñ Ğ‘Ğ¾Ñ€Ğ¾Ğ´Ğ¸Ğ½Ğ°,Shows,Family,18.4M,18400000,Russia,116.7K,116700,143.4K,143400
brentrivera,Brent Rivera,Music,Cinema & Actors/actresses,22.3M,22300000,United States,732.6K,732600,950.3K,950300
bretmanrock,Bretman (Da Baddest) Rock,Art/Artists,Beauty,18.4M,18400000,United States,368.8K,368800,620.3K,620300
brfootball,Bleacher Report Football,Sports with a ball,,12.4M,12400000,United States,116K,116000,187.9K,187900
briandadeyanara,BRIANDA ğŸ’–,,,12.9M,12900000,Mexico,222.7K,222700,261.2K,261200
britneyspears,Britney Spears,Music,,41.6M,41600000,United States,494.6K,494600,685.6K,685600
bronny,,,,6.3M,6300000,United States,718.4K,718400,1.3M,1300000
brooklynpeltzbeckham,,Modeling,Lifestyle,14.2M,14200000,United States,106.9K,106900,164.5K,164500
brunamarquezine,Bruna Marquezine,Cinema & Actors/actresses,,43M,43000000,Brazil,102.5K,102500,176.2K,176200
brunogagliasso,Bruno Gagliasso,Cinema & Actors/actresses,Photography,21.4M,21400000,Brazil,139K,139000,202.5K,202500
brunomars,Bruno Mars,Music,,25.7M,25700000,Brazil,547.5K,547500,829.5K,829500
brycehall,Bryce Hall,Music,,7.3M,7300000,United States,304.2K,304200,390.5K,390500
bts.bighitofficial,BTS official,Music,,65.4M,65400000,Indonesia,3.7M,3700000,4.1M,4100000
bugatti,BUGATTI,Cars & Motorbikes,Luxury,16.5M,16500000,United States,118.4K,118400,159.9K,159900
bumkeyk,SHINee KEY,Music,,9.2M,9200000,Indonesia,324K,324000,388.7K,388700
burakozcivit,Burak OÌˆzcÌ§ivit,Cinema & Actors/actresses,,21.4M,21400000,Turkey,232.2K,232200,282.8K,282800
burcuozberk,Burcu Ã–zberk,Cinema & Actors/actresses,,9.2M,9200000,Turkey,295.8K,295800,382.9K,382900
c.syresmith,Jaden Smith,Cinema & Actors/actresses,Lifestyle,19M,19000000,United States,147.8K,147800,228K,228000
caiocastro,Caio Castro,Cars & Motorbikes,Racing Sports,20.6M,20600000,Brazil,74.9K,74900,132.6K,132600
camila_cabello,camila,Music,,64.1M,64100000,Brazil,434.7K,434700,588.8K,588800
camilaloures,Camila Loures,Shows,,18.2M,18200000,Brazil,91.9K,91900,136.5K,136500
camilo,C A M I L O,Music,,27.4M,27400000,Argentina,197.7K,197700,314.7K,314700
candiceking,Candice King,Family,Lifestyle,9.9M,9900000,Brazil,267.8K,267800,373.4K,373400
canelo,Saul Alvarez,Fitness & Gym,,13.4M,13400000,Mexico,133.7K,133700,185.7K,185700
canyaman,Can Yaman,Cinema & Actors/actresses,Modeling,9.7M,9700000,Italy,197.4K,197400,245.8K,245800
caradelevingne,Cara Delevingne,Modeling,Cinema & Actors/actresses,43M,43000000,United States,120K,120000,166.3K,166300
carlinhosmaiaof,Carlinhos MaiağŸŒ»,Lifestyle,,25.8M,25800000,Brazil,449.6K,449600,822.3K,822300
carryminati,ğ‘¨ğ’‹ğ’†ğ’š ğ‘µğ’‚ğ’ˆğ’‚ğ’“,Computers & Gadgets,Machinery & Technologies,15.8M,15800000,India,719.7K,719700,847.6K,847600
casemiro,Casemiro,Sports with a ball,,15.7M,15700000,Spain,195.3K,195300,291.8K,291800
catherinemcbroom,Catherine Paiz,Family,,7.4M,7400000,United States,581.8K,581800,999.2K,999200
caviarmagnat,by Tregubov,,,15.2M,15200000,Russia,216.2K,216200,313.2K,313200
cazzu,â™¡ ğ–“ğ–Šğ–“ğ–† á´›Ê€á´€á´á´˜á´€,Music,,10.3M,10300000,Argentina,215K,215000,275.9K,275900
cbum,Chris Bumstead,Fitness & Gym,,8.5M,8500000,United States,504.2K,504200,833.2K,833200
centralcee,ğŸ“²,,,3.6M,3600000,United Kingdom,378.3K,378300,926.3K,926300
chaelincl,CL,Art/Artists,Fashion,10.2M,10200000,Brazil,211.6K,211600,279.8K,279800
champagnepapi,champagnepapi,Music,,114.8M,114800000,United States,763.6K,763600,1.2M,1200000
charles_leclerc,Charles Leclerc,Racing Sports,,7.8M,7800000,Italy,346.9K,346900,461.3K,461300
charlidamelio,charli,Lifestyle,Shows,48.8M,48800000,United States,638.8K,638800,739.2K,739200
charlieputh,Charlie Puth,Music,,16.2M,16200000,United States,331.4K,331400,472K,472000
chelseafc,Chelsea FC,Sports with a ball,,34.7M,34700000,Indonesia,88.3K,88300,133.1K,133100
chiaraferragni,Chiara Ferragni âœ¨,Beauty,,27.4M,27400000,Italy,168.6K,168600,280.6K,280600
chieffkeeffsossa,Chief Keef,Music,,7.7M,7700000,United States,168.6K,168600,311.4K,311400
chinguamiga,sujin kim,Humor & Fun & Happiness,Shows,6M,6000000,Mexico,336.1K,336100,390.4K,390400
chloegmoretz,ChloÃ« Grace Moretz,Cinema & Actors/actresses,,20.9M,20900000,United States,171.1K,171100,229.9K,229900
choi_seung_hyun_tttop,TOP,,,14.2M,14200000,Indonesia,352.3K,352300,418.6K,418600
chrisbrownofficial,BREEZY,Music,,113.5M,113500000,United States,153.5K,153500,237.7K,237700
chrisevans,Chris Evans,,,16.7M,16700000,United States,1.7M,1700000,2.1M,2100000
chrishemsworth,Chris Hemsworth,Cinema & Actors/actresses,,55M,55000000,India,837.2K,837200,1.1M,1100000
chrismcg,Christopher McGinnis,,,10.5M,10500000,United States,164.5K,164500,362.1K,362100
chrissyteigen,chrissy teigen,Shows,Modeling,38.3M,38300000,United States,56K,56000,72K,72000
christian_fig,Christian Figueiredo,Cinema & Actors/actresses,Lifestyle,10.6M,10600000,Brazil,127.9K,127900,199.2K,199200
ciara,Ciara,Music,Modeling,32.1M,32100000,United States,97.7K,97700,132.5K,132500
clean_0828,á„€á…µá†·á„‰á…¦á„Œá…¥á†¼,Lifestyle,,7.9M,7900000,Indonesia,1.6M,1600000,2M,2000000
cocielo,JuÌlio Cocielo Estaniecki,Cinema & Actors/actresses,,18.6M,18600000,Brazil,169K,169000,265.6K,265600
coldplay,Coldplay,Music,,16.5M,16500000,Brazil,127.3K,127300,176.2K,176200
cole.labrant,Cole LaBrant,Lifestyle,Fashion,5M,5000000,United States,348.6K,348600,490.7K,490700
colesprouse,Cole Sprouse,Modeling,,36M,36000000,United States,653.6K,653600,854.9K,854900
conangray,Conan Gray,Music,,6.3M,6300000,Brazil,607.5K,607500,907.8K,907800
coolio_daryl,Coolio,,,5.9M,5900000,0,581.3K,581300,,0
corinnakopf,corinna kopf,Beauty,,6.6M,6600000,United States,492.4K,492400,753.9K,753900
courteneycoxofficial,Courteney Cox,Cinema & Actors/actresses,,12.2M,12200000,India,198.5K,198500,262.4K,262400
cristiano,Cristiano Ronaldo,Sports with a ball,,459.2M,459200000,India,5.1M,5100000,6.2M,6200000
cvillaloboss,CARMEN VILLALOBOS,Shows,Cinema & Actors/actresses,19.9M,19900000,Colombia,102K,102000,125.8K,125800
cznburak,Burak OÌˆzdemir,Food & Cooking,,36M,36000000,Turkey,531.8K,531800,722.1K,722100
cznburak,Burak OÌˆzdemir,Food & Cooking,,36.1M,36100000,Turkey,504K,504000,683.6K,683600
d_degeaofficial,David De Gea,Sports with a ball,,13.4M,13400000,United Kingdom,167.7K,167700,237.2K,237200
dababy,BILLION DOLLAR BABY ğŸ‘¶ğŸ¾,Music,,21.1M,21100000,United States,165.1K,165100,267.7K,267700
daddyyankee,Daddy Yankee,Music,,45.8M,45800000,Argentina,210.9K,210900,294.3K,294300
dagelan,Dagelan,Humor & Fun & Happiness,,20.8M,20800000,Indonesia,65.8K,65800,111.8K,111800
danbilzerian,Dan Bilzerian,Cinema & Actors/actresses,,32.9M,32900000,India,1.3M,1300000,2.2M,2200000
danialves,Daniel Alves,Sports with a ball,,36.6M,36600000,Brazil,66.2K,66200,102.1K,102100
dannapaola,Danna Paola,Music,,34.2M,34200000,Mexico,571.3K,571300,829.8K,829800
daquan,Daquan,Humor & Fun & Happiness,,16.8M,16800000,United States,293.2K,293200,451.7K,451700
darianrojasc,DARIAN R. C R A W S T O N âœ—,Lifestyle,,7.9M,7900000,Mexico,748.4K,748400,827.5K,827500
darshanravaldz,Darshan Raval #Goriye,Music,,15.4M,15400000,India,416.2K,416200,502.5K,502500
dava_m,Ğ”Ğ°Ğ²Ğ° â“‚ï¸ Ğ’ÑĞµÌˆ Ğ±ÑƒĞ´ĞµÑ‚ Ñ…Ğ¾Ñ€Ğ¾ÑˆĞ¾ğŸ§¸,Business & Careers,,13.6M,13600000,Russia,164.6K,164600,213.6K,213600
davidalaba,David Alaba,Sports with a ball,,10M,10000000,Spain,332K,332000,470.5K,470500
davidbeckham,David Beckham,Family,Sports with a ball,74.3M,74300000,India,272.9K,272900,346.4K,346400
davidluiz23,David Luiz,Sports with a ball,,21.8M,21800000,Brazil,45.8K,45800,101.5K,101500
davidluiz23,David Luiz,Sports with a ball,,21.8M,21800000,Brazil,45.8K,45800,101.5K,101500
davidmichigan,David Michigan âš¡ï¸,Art/Artists,Photography,16.7M,16700000,United States,96.5K,96500,125.4K,125400
davido,Davido,Music,,24.4M,24400000,Nigeria,129.8K,129800,181.1K,181100
dbook,Devin,,,5.3M,5300000,United States,381.6K,381600,749.6K,749600
ddlovato,Demi Lovato,Music,,135.2M,135200000,United States,230.9K,230900,302.5K,302500
dean.schneider,Dean Schneider,Animals,,10.1M,10100000,India,236.6K,236600,303.2K,303200
dear.zia,ğ‘“ğ‘Ÿğ‘’ğ‘’ğ‘§ğ‘–ğ‘ .ğŸŒ¼,Lifestyle,,3.6M,3600000,South Korea,1.3M,1300000,1.4M,1400000
dearra,De'arra Taylor,Lifestyle,,6.2M,6200000,United States,182.4K,182400,454.9K,454900
dedesecco,Deborah Secco,Cinema & Actors/actresses,,24M,24000000,Brazil,73.1K,73100,95.6K,95600
deepikapadukone,Deepika Padukone,Cinema & Actors/actresses,,67.6M,67600000,India,462K,462000,602.8K,602800
deiveleonardo,Deive Leonardo,Literature & Journalism,Trainers & Coaches,11.5M,11500000,Brazil,222.4K,222400,409.2K,409200
deiveleonardo,Deive Leonardo,Literature & Journalism,Trainers & Coaches,11.5M,11500000,Brazil,222.4K,222400,409.2K,409200
dejesusoficial,Gabriel Jesus,Sports with a ball,,17.3M,17300000,Brazil,97.4K,97400,150.7K,150700
demetozdemir,Demet OÌˆzdemir,Cinema & Actors/actresses,,15.2M,15200000,India,318.7K,318700,406.5K,406500
demirose,Demi ğŸŒ¹,Modeling,Lifestyle,19.9M,19900000,United States,263.5K,263500,343.9K,343900
dew_jsu,2000,Cinema & Actors/actresses,,6M,6000000,Indonesia,543.8K,543800,731.7K,731700
dhanushkraja,Dhanush,Cinema & Actors/actresses,,4.3M,4300000,India,484.9K,484900,628.3K,628300
dilettaleotta,ğŸŒ¸Diletta LeottağŸŒ¸,Shows,,8.3M,8300000,Italy,188.9K,188900,282.1K,282100
diljitdosanjh,DILJIT DOSANJH,Cinema & Actors/actresses,,13.5M,13500000,India,148.5K,148500,179.4K,179400
dindahw,Dinda Hauw,Cinema & Actors/actresses,,14.4M,14400000,Indonesia,150.4K,150400,224.8K,224800
dishapatani,disha patani (paatni) ğŸ¦‹,Cinema & Actors/actresses,Lifestyle,51.8M,51800000,India,688.1K,688100,845.4K,845400
dixiedamelio,dixie,Music,Clothing & Outfits,25.1M,25100000,United States,217.5K,217500,318K,318000
djokernole,Novak Djokovic,Sports with a ball,,10.9M,10900000,Serbia,172.2K,172200,211.9K,211900
djsnake,djsnake,Music,,9.5M,9500000,India,383K,383000,455.4K,455400
djxiao_888,XIAOJUN,,,6.8M,6800000,Indonesia,980.1K,980100,1.2M,1200000
dkharbour,David Harbour,Cinema & Actors/actresses,,7.7M,7700000,United States,238.4K,238400,312.7K,312700
dlwlrma,á„‹á…µá„Œá…µá„€á…³á†· IU,Art/Artists,,26.9M,26900000,South Korea,2.5M,2500000,3M,3000000
dntlrdl,CHOIWOOSHIK,Lifestyle,,6.4M,6400000,Indonesia,787.7K,787700,1M,1000000
do0_nct,Doyoung,Lifestyle,,10.3M,10300000,Indonesia,1.4M,1400000,1.8M,1800000
dojacat,Doja Cat,Music,,24.3M,24300000,United States,2.4M,2400000,3.3M,3300000
domelipa,domelipa,Lifestyle,,18.7M,18700000,Mexico,882.4K,882400,1.1M,1100000
donatella_versace,Donatella Versace,Fashion,,8.9M,8900000,United States,159.1K,159100,275.4K,275400
donya,Donya,Fashion,,15.1M,15100000,Iran,192.3K,192300,301.6K,301600
dovecameron,DOVE,Cinema & Actors/actresses,,47.9M,47900000,United States,1.1M,1100000,1.4M,1400000
dqsalmaan,Dulquer Salmaan,Cinema & Actors/actresses,,10.6M,10600000,India,363.4K,363400,492.6K,492600
dra.deolanebezerra,Deolane Bezerra,Lifestyle,,14.3M,14300000,Brazil,282.8K,282800,605.7K,605700
dualipa,DUA LIPA,Music,,84.7M,84700000,Mexico,1.2M,1200000,1.5M,1500000
dudewithsign,Seth,,,8.1M,8100000,United States,219.2K,219200,345.3K,345300
duki,Ya Supiste,Music,,9.9M,9900000,Argentina,429.1K,429100,660.2K,660200
dylanminnette,Dylan Minnette,Music,Cinema & Actors/actresses,7.4M,7400000,United States,283.2K,283200,460.3K,460300
dylansprouse,Dylan Sprouse,Cinema & Actors/actresses,,9.2M,9200000,United States,356.9K,356900,560K,560000
earthpix,ğŸŒ  EarthPix  ğŸŒ,Nature & landscapes,Photography,23.3M,23300000,United States,175.2K,175200,214K,214000
easportsfifa,EA SPORTS FIFA,Sports with a ball,,26.6M,26600000,Spain,81.1K,81100,136.1K,136100
easymoneysniper,,Lifestyle,Sports with a ball,13M,13000000,United States,324.3K,324300,608.6K,608600
eda.ece,Eda Ece,Lifestyle,Cinema & Actors/actresses,6.5M,6500000,Turkey,290.1K,290100,356.8K,356800
eduincaz,Eduin Caz,Lifestyle,,7.1M,7100000,Mexico,234.2K,234200,299.6K,299600
egorkreed,Ğ•Ğ³Ğ¾Ñ€ ĞšÑ€Ğ¸Ğ´ | #HeartBreakKid,Music,,14.7M,14700000,Russia,241.9K,241900,297.4K,297400
egupta,Esha Gupta,Lifestyle,Modeling,8.6M,8600000,India,347.4K,347400,435.1K,435100
eilirjani,Elton ILIRJANI,Lifestyle,,10.3M,10300000,Albania,153.9K,153900,222.7K,222700
elcinsangu,ElcÌ§in Sangu,Cinema & Actors/actresses,Lifestyle,8.5M,8500000,Turkey,216.9K,216900,260.6K,260600
elmarianaa,El Mariana,Humor & Fun & Happiness,,3.6M,3600000,Mexico,568.6K,568600,831.3K,831300
elrodrigocontreras,RODğŸ¥´,Lifestyle,,12.9M,12900000,Mexico,683.7K,683700,754.2K,754200
elrubiuswtf,el rubius WTF,Computers & Gadgets,,16.7M,16700000,Mexico,1.2M,1200000,1.4M,1400000
emiliamernes,Emilia Mernes,Music,,5.8M,5800000,Argentina,325.2K,325200,612.3K,612300
eminem,Marshall Mathers,Cinema & Actors/actresses,Music,36.1M,36100000,Iran,442.8K,442800,571.6K,571600
emmachamberlain,emma chamberlain,Lifestyle,Shows,15.7M,15700000,United States,934.7K,934700,1.4M,1400000
emmaroberts,Emma Roberts,Cinema & Actors/actresses,,18.1M,18100000,United States,126.3K,126300,185.8K,185800
emrata,Emily Ratajkowski,Modeling,,29.4M,29400000,United States,431.7K,431700,688.8K,688800
enhypen,ENHYPEN,Music,,10.4M,10400000,Indonesia,757.8K,757800,1.1M,1100000
erling.haaland,Erling Braut Haaland,,,16.8M,16800000,Brazil,797.2K,797200,1.2M,1200000
esbilgic,Esra Bilgic,Lifestyle,Modeling,6.9M,6900000,India,309.1K,309100,393.7K,393700
espn,ESPN,Sports with a ball,,23.1M,23100000,United States,74K,74000,134.7K,134700
ester_exposito,Ester ğŸŒ™,Cinema & Actors/actresses,,29.3M,29300000,Russia,2.3M,2300000,3.4M,3400000
eunwo.o_c,ì°¨ì€ìš°,Music,Lifestyle,28.9M,28900000,Indonesia,3.7M,3700000,4.6M,4600000
euphoria,euphoria,,,7.9M,7900000,United States,564.2K,564200,910.6K,910600
evaluna,Evaluna Montaner de Echeverry,Family,Music,20.7M,20700000,Argentina,846.8K,846800,1.2M,1200000
everyone_woo,Wonwoo,,,2.8M,2800000,Indonesia,787.5K,787500,1M,1000000
ewsbdi,ë¡œìš´,,,4.5M,4500000,Indonesia,504.5K,504500,753.8K,753800
f1,FORMULA 1Â®,Racing Sports,,19.7M,19700000,Italy,107.6K,107600,136.2K,136200
fabriziorom,Fabrizio Romano,Literature & Journalism,Shows,8M,8000000,Italy,387.7K,387700,670.8K,670800
fabriziorom,Fabrizio Romano,Literature & Journalism,Shows,8M,8000000,Italy,387.7K,387700,670.8K,670800
fadiljaidi,Fadil Jaidi,Lifestyle,,7.6M,7600000,Indonesia,409.4K,409400,615.2K,615200
farhaddddddd,Farhad Majidi,Sports with a ball,,3.6M,3600000,Iran,477K,477000,787.6K,787600
faz3,Fazza,Lifestyle,,14.4M,14400000,United Arab Emirates,189.4K,189400,248.7K,248700
fcbarcelona,FC Barcelona,Sports with a ball,,109.7M,109700000,Indonesia,316.9K,316900,481K,481000
fcbayern,FC Bayern,Sports with a ball,,33.1M,33100000,Germany,214.9K,214900,314.6K,314600
fedeevalverde,Fede Valverde,Sports with a ball,,6.2M,6200000,Spain,314.8K,314800,446.4K,446400
fedez,FEDEZ,Music,,14.1M,14100000,Italy,441.6K,441600,612.2K,612200
feliciathegoat,"Tyler, The Creator",Music,,12.8M,12800000,United States,822K,822000,1.4M,1400000
felipeneto,Felipe Neto ğŸ¦‰,Lifestyle,,15.9M,15900000,Brazil,162.3K,162300,231.1K,231100
fenerbahce,FenerbahÃ§e,Sports with a ball,,7.9M,7900000,Turkey,205.3K,205300,274.5K,274500
fernandasouzaoficial,ğŸ‡«â€ŠğŸ‡ªâ€ŠğŸ‡·â€ŠğŸ‡³â€ŠğŸ‡¦â€ŠğŸ‡³â€Šâ€ŠğŸ‡©â€ŠğŸ‡¦â€Š  ğŸ‡¸â€ŠğŸ‡´â€ŠğŸ‡ºâ€ŠğŸ‡¿â€ŠğŸ‡¦,Music,Cinema & Actors/actresses,22M,22000000,Brazil,106.5K,106500,147.2K,147200
fifaworldcup,FIFA World Cup,Sports with a ball,,28M,28000000,India,55.8K,55800,83.8K,83800
filiperet,Ret,Lifestyle,,6.8M,6800000,Brazil,147.9K,147900,379.4K,379400
finnwolfhardofficial,Finn Wolfhard,Music,Cinema & Actors/actresses,23.3M,23300000,Brazil,1M,1000000,1.4M,1400000
florencepugh,Florence Pugh,Humor & Fun & Happiness,Cinema & Actors/actresses,7.4M,7400000,United States,562.4K,562400,859.8K,859800
floydmayweather,Floyd Mayweather,Fitness & Gym,,28.3M,28300000,United States,73.2K,73200,127.7K,127700
fortnite,Fortnite,Computers & Gadgets,,25.9M,25900000,United States,161.1K,161100,189.6K,189600
francety,Francia James,Adult content,,11.3M,11300000,India,158.4K,158400,207.4K,207400
frenkiedejong,Frenkie de Jong,Sports with a ball,,10.4M,10400000,Spain,311.4K,311400,466.8K,466800
friends,Friends,Shows,,11.9M,11900000,Brazil,270.3K,270300,339.7K,339700
fuckjerry,FUCKJERRY,Humor & Fun & Happiness,,16.8M,16800000,United States,175.5K,175500,226.4K,226400
fuji_an,Fujianti Utami Putri,Lifestyle,Family,11.7M,11700000,Indonesia,191.3K,191300,454.7K,454700
funnymike,FunnyMike,Art/Artists,,7.9M,7900000,United States,166.6K,166600,295.1K,295100
future,Future PLUTO Hendrix,Music,,20.6M,20600000,United States,490K,490000,979.6K,979600
g_eazy,G-Eazy,Music,Art/Artists,9.6M,9600000,United States,154.5K,154500,236K,236000
g_eazy,G-Eazy,Music,Art/Artists,9.6M,9600000,United States,154.5K,154500,236K,236000
gabigol,Gabi ğŸ‡§ğŸ‡· Lil Gabi,Sports with a ball,,9.8M,9800000,Brazil,164.4K,164400,248.8K,248800
gal_gadot,Gal Gadot,Cinema & Actors/actresses,,82.9M,82900000,United States,443.9K,443900,572.8K,572800
galatasaray,Galatasaray,Sports with a ball,,11.4M,11400000,Turkey,198.3K,198300,240.1K,240100
garethbale11,Gareth Bale,Sports with a ball,,47.7M,47700000,Spain,481.4K,481400,759.5K,759500
gatenm123,Gaten Matarazzo,Music,Cinema & Actors/actresses,15.8M,15800000,Brazil,429.1K,429100,566.7K,566700
geewonii,ê¹€ì§€ì›,,,7.5M,7500000,Indonesia,473.4K,473400,624.3K,624300
geneliad,Genelia Deshmukh,Cinema & Actors/actresses,,10.1M,10100000,India,174.4K,174400,215.5K,215500
geneliad,Genelia Deshmukh,Cinema & Actors/actresses,,10.1M,10100000,India,174.4K,174400,215.5K,215500
georgenotfound,GeorgeNotFound,,,3M,3000000,United States,1M,1000000,1.1M,1100000
georginagio,Georgina RodriÌguez,Lifestyle,Fashion,38.6M,38600000,India,2M,2000000,2.9M,2900000
germangarmendia,GERMAN,Cinema & Actors/actresses,Fitness & Gym,14.6M,14600000,Argentina,799.4K,799400,966.4K,966400
ggonekim,,,,5.4M,5400000,Indonesia,426.1K,426100,523.9K,523900
gianlucavacchi,Gianluca Vacchi,Lifestyle,,22.4M,22400000,Brazil,231.9K,231900,358K,358000
giannis_an34,Giannis Antetokounmpo,Sports with a ball,,12.8M,12800000,United States,157.9K,157900,249.9K,249900
gigihadid,Gigi Hadid,Modeling,Lifestyle,74.9M,74900000,United States,1.6M,1600000,2.4M,2400000
gildovigor,GIL DO VIGOR,Family,Lifestyle,15.2M,15200000,Brazil,143.8K,143800,202.1K,202100
gioewbank,Giovanna Ewbank,Cinema & Actors/actresses,Modeling,28.4M,28400000,Brazil,78.4K,78400,125.3K,125300
gisele,Gisele BuÌˆndchen,Modeling,Fashion,19.4M,19400000,Brazil,128.3K,128300,190.7K,190700
goar_avetisyan,Goar Avetisyan,Beauty,,11.6M,11600000,Russia,227.7K,227700,315.7K,315700
golfarahani,Golshifteh Farahani,Cinema & Actors/actresses,,13.3M,13300000,Iran,389K,389000,503.4K,503400
greeicy,Greeicy,Shows,Cinema & Actors/actresses,21.1M,21100000,Colombia,776.2K,776200,1M,1000000
grefg_official,TheGrefg,Computers & Gadgets,Machinery & Technologies,7.3M,7300000,Spain,285.4K,285400,343.5K,343500
grisha_eric,Grisha Eric,,,12.5M,12500000,Turkey,172.1K,172100,248.6K,248600
gucci,,Accessories & Jewellery,Clothing & Outfits,48.7M,48700000,United States,33.1K,33100,45.1K,45100
gucci,,Accessories & Jewellery,Clothing & Outfits,48.7M,48700000,United States,33.1K,33100,45.1K,45100
gururandhawa,Guru Randhawa,Music,,32.8M,32800000,India,161.2K,161200,197.1K,197100
gusttavolima,ğŸ› Gusttavo Lima ğŸ›,Music,,43.6M,43600000,Brazil,95.4K,95400,157.6K,157600
hadise,Hadise,Music,Shows,13.8M,13800000,Turkey,183.9K,183900,214.4K,214400
haechanahceah,HAECHAN,,,3.5M,3500000,0,2.1M,2100000,,0
haifawehbe,Haifa Wehbe,Music,,10M,10000000,Iraq,251.4K,251400,368.1K,368100
haileesteinfeld,hailee steinfeld,Cinema & Actors/actresses,,19M,19000000,United States,794.6K,794600,1M,1000000
haileybieber,Hailey Rhode Baldwin Bieber,Lifestyle,Modeling,45.5M,45500000,United States,900.8K,900800,1.2M,1200000
hakkiakdenizz,hakki akdeniz,Business & Careers,,22.5M,22500000,Russia,169.5K,169500,245.8K,245800
handemiyy,Hande ErcÌ§el,Cinema & Actors/actresses,,28.3M,28300000,Turkey,1.6M,1600000,2.1M,2100000
hannahelzahed,Hannah El-Zahed,Cinema & Actors/actresses,,17.7M,17700000,Egypt,136.2K,136200,169.1K,169100
hannahstocking,Hannah Stocking,Modeling,,22M,22000000,United States,483.8K,483800,686.9K,686900
hardikpandya93,Hardik Himanshu Pandya,Sports with a ball,,21.6M,21600000,India,573.7K,573700,718.7K,718700
harrystyles,,Music,Fashion,45.9M,45900000,United States,2.2M,2200000,3M,3000000
harshbeniwal,Harsh KADAMBADI Beniwal,Humor & Fun & Happiness,Shows,5.5M,5500000,India,370.6K,370600,482.7K,482700
hasan_yazdani73,hasan yazdani73,Extreme Sports & Outdoor activity,Fitness & Gym,2.7M,2700000,Iran,506.7K,506700,917K,917000
hassan_reyvandi,hasan reyvandi Ø­Ø³Ù† Ø±ÛŒÙˆÙ†Ø¯ÛŒ,Cinema & Actors/actresses,Humor & Fun & Happiness,19.4M,19400000,Iran,304.6K,304600,420.2K,420200
hazalkaya,Hazal Kaya,Cinema & Actors/actresses,Lifestyle,7.1M,7100000,Turkey,310.9K,310900,368.7K,368700
hazardeden_10,Eden Hazard,Sports with a ball,,27M,27000000,Spain,677.1K,677100,1.1M,1100000
hegdepooja,Pooja Hegde,Cinema & Actors/actresses,,20.6M,20600000,India,926.4K,926400,1.1M,1100000
henrycavill,Henry Cavill,Cinema & Actors/actresses,,21.2M,21200000,Brazil,815.6K,815600,992.1K,992100
heybiblee,á„‹á…µá„‰á…¥á†¼á„€á…§á†¼,Modeling,,14.3M,14300000,Indonesia,996.1K,996100,1.3M,1300000
hi_high_hiy,á„’á…ªá†¼á„‹á…µá†«á„‹á…§á†¸,Cinema & Actors/actresses,,14.1M,14100000,South Korea,2.1M,2100000,2.5M,2500000
hi_songjoongki,á„‰á…©á†¼á„Œá…®á†¼á„€á…µ songjoongki official,Cinema & Actors/actresses,,9.3M,9300000,Indonesia,1.9M,1900000,2.6M,2600000
hi_sseulgi,ìŠ¬ê¸° Seulgi,Modeling,,12.5M,12500000,Indonesia,738K,738000,925.4K,925400
hilaryduff,Hilary Duff,Cinema & Actors/actresses,,21.8M,21800000,United States,84.2K,84200,107.1K,107100
hm_son7,Son HeungMin(ì†í¥ë¯¼)ğŸ‡°ğŸ‡·,,,7.3M,7300000,Brazil,420.4K,420400,684.3K,684300
holyhaein,ì •í•´ì¸,,,10.2M,10200000,Indonesia,1.4M,1400000,1.7M,1700000
hoooooyeony,Hoyeon,Lifestyle,,23.5M,23500000,South Korea,1.6M,1600000,2.1M,2100000
houseofhighlights,House of Highlights,Sports with a ball,,34.6M,34600000,United States,121.5K,121500,223.1K,223100
hrithikroshan,Hrithik Roshan,Cinema & Actors/actresses,,43.2M,43200000,India,1M,1000000,1.3M,1300000
hshq,Harry Styles HQ,Music,Cinema & Actors/actresses,6.3M,6300000,United States,487K,487000,856.4K,856400
huddy,Chase Hudson,Lifestyle,Art/Artists,11.8M,11800000,United States,177.9K,177900,244.8K,244800
humansofny,Humans of New York,Lifestyle,Photography,12.1M,12100000,United States,166.5K,166500,196.7K,196700
hunterschafer,Hunter,,,7.3M,7300000,United States,741.7K,741700,1.2M,1200000
hyeri_0609,á„’á…¨á„…á…µ,Music,,7.2M,7200000,South Korea,338.1K,338100,407K,407000
hyunah_aa,Hyun Ah,Music,,18M,18000000,South Korea,349.9K,349900,414.2K,414200
i_m_hendery,HiğŸ‘‰ğŸ»im HenderyğŸ‘ˆğŸ»,,,6.2M,6200000,United States,905.6K,905600,1.2M,1200000
i_nivethathomas,Nivetha Thomas,Cinema & Actors/actresses,,6.1M,6100000,India,330.9K,330900,374.3K,374300
i_nivethathomas,Nivetha Thomas,Cinema & Actors/actresses,,6.1M,6100000,India,330.9K,330900,374.3K,374300
iambeckyg,Becky G,Music,,32.7M,32700000,Mexico,258K,258000,311.2K,311200
iamcardib,Cardi B,Music,Fashion,135.6M,135600000,United States,1.2M,1200000,1.7M,1700000
iamferv,fer,Lifestyle,Art/Artists,9.8M,9800000,Mexico,1M,1000000,1.5M,1500000
iamhalsey,halsey,Music,,30M,30000000,United States,442.8K,442800,581.3K,581300
iammichelemorroneofficial,Michele Morrone,Lifestyle,Cinema & Actors/actresses,14.8M,14800000,Brazil,761.6K,761600,1.1M,1100000
iampauloandre,Paulo AndreÌ ğŸ,Lifestyle,,10M,10000000,Brazil,68K,68000,239.7K,239700
iamsrk,Shah Rukh Khan,Cinema & Actors/actresses,,29.9M,29900000,India,1M,1000000,1.3M,1300000
iamzlatanibrahimovic,Zlatan IbrahimoviÄ‡,Sports with a ball,,54.3M,54300000,Italy,675.7K,675700,1M,1000000
iansomerhalder,iansomerhalder,Cinema & Actors/actresses,,23M,23000000,United States,536.2K,536200,800.7K,800700
ibaillanos,Ibai,Art/Artists,,7.5M,7500000,Spain,787.2K,787200,1.1M,1100000
ignaciaa_antonia,Ignacia HernandezğŸ‘‘,Lifestyle,,9.7M,9700000,Mexico,210.7K,210700,273K,273000
ikercasillas,Iker Casillas,Sports with a ball,,18.2M,18200000,Spain,119K,119000,164.3K,164300
imcryansp,TUBARAO GIGANTE ğŸ¦ˆ,,,3.8M,3800000,Brazil,254.6K,254600,605.4K,605400
imhyoseop,ì•ˆíš¨ì„­,Lifestyle,,8.4M,8400000,Indonesia,2.2M,2200000,2.6M,2600000
imouniroy,mon,Cinema & Actors/actresses,,23.7M,23700000,India,142.6K,142600,172.6K,172600
imsebastianstan,Sebastian Stan,Shows,Cinema & Actors/actresses,9.4M,9400000,United States,918.8K,918800,1.1M,1100000
inanna,Inanna,Shows,,14.6M,14600000,United States,103.3K,103300,155.9K,155900
indiancricketteam,Team India,Sports with a ball,,24.4M,24400000,India,249.1K,249100,291.1K,291100
indiaroyale,India,Lifestyle,,4.3M,4300000,United States,240.9K,240900,714.9K,714900
instagram,Instagram,Photography,,523.3M,523300000,India,294.3K,294300,356.5K,356500
iqbaal.e,iqbaal ramadhan,Cinema & Actors/actresses,,13.5M,13500000,Indonesia,121.1K,121100,207.4K,207400
irinashayk,irinashayk,Modeling,,18.7M,18700000,Russia,132.5K,132500,183K,183000
isaias,IsaiÌas,Shows,,9.2M,9200000,Brazil,72.8K,72800,239.4K,239400
iscoalarcon,Isco Alarcon Suarez,Sports with a ball,,24.7M,24700000,Spain,215.1K,215100,309.4K,309400
itsmarziapie,Marzia Kjellberg,Beauty,Lifestyle,8.3M,8300000,United States,630.9K,630900,737.5K,737500
itzy.all.in.us,ITZY,Music,,17M,17000000,Indonesia,954.9K,954900,1.2M,1200000
ivetesangalo,Veveta,Music,Shows,34.6M,34600000,Brazil,57K,57000,74.4K,74400
iynemliarasbulut,Aras Bulut IÌ‡ynemli,Cinema & Actors/actresses,Lifestyle,10.3M,10300000,Turkey,546.7K,546700,763.4K,763400
j.m,JIMIN,,,37M,37000000,11.8M,11.8M,11800000,,0
jackblack,Jack Black,Cinema & Actors/actresses,,8.8M,8800000,United States,198K,198000,258.2K,258200
jackblack,Jack Black,Cinema & Actors/actresses,,8.8M,8800000,United States,198K,198000,258.2K,258200
jackharlow,Jack Harlow,Lifestyle,Music,6.7M,6700000,United States,361.9K,361900,675.8K,675800
jacksepticeye,Jacksepticeye,Computers & Gadgets,Machinery & Technologies,7.9M,7900000,United States,231.9K,231900,269K,269000
jacksonwang852g7,Jackson Wang,Music,,28.7M,28700000,China,1.2M,1200000,1.4M,1400000
jacquelinef143,Jacqueline Fernandez,Cinema & Actors/actresses,,61.8M,61800000,India,254.3K,254300,309.6K,309600
jadenhossler,jxdn,Music,,4.6M,4600000,United States,463.3K,463300,714.9K,714900
jadepicon,JADE ğŸŒª,Modeling,Fashion,20.6M,20600000,Brazil,194.9K,194900,429.3K,429300
jadethirlwall,jade amelia thirlwall,Music,Art/Artists,9.2M,9200000,United States,197.7K,197700,259.1K,259100
jailyneojeda,Jailyne Ojeda Ochoa,Modeling,Lifestyle,14.2M,14200000,United States,304.2K,304200,421.4K,421400
jairmessiasbolsonaro,Jair M. Bolsonaro,Finance & Economics,Business & Careers,20.1M,20100000,Brazil,163.7K,163700,229.7K,229700
jamescharles,James Charles,Beauty,,22.9M,22900000,United States,382K,382000,560.9K,560900
jamesrodriguez10,James RodriÌguez,Sports with a ball,,49.7M,49700000,Colombia,292.2K,292200,443.9K,443900
jamorant,12 ğŸ¥·ğŸ½ğŸ–¤,Lifestyle,Sports with a ball,7.2M,7200000,United States,259.1K,259100,419.1K,419100
janhvikapoor,Janhvi Kapoor,Lifestyle,Cinema & Actors/actresses,17.5M,17500000,India,708.4K,708400,844.5K,844500
jannatzubair29,Jannat Zubair Rahmani,Cinema & Actors/actresses,,43.1M,43100000,India,617.3K,617300,753.4K,753400
jasonstatham,Jason Statham,Cinema & Actors/actresses,,30.6M,30600000,Iran,549.6K,549600,810K,810000
jaspritb1,jasprit bumrah,Lifestyle,,9.8M,9800000,India,331.6K,331600,380.8K,380800
jaybnow.hr,LIM JAE BEOM,Music,,6.9M,6900000,Brazil,521.7K,521700,684.1K,684100
jbalvin,J Balvin,Music,,52.8M,52800000,Mexico,241.8K,241800,317K,317000
jbayleaf,JONATHAN BAILEY,,,3.4M,3400000,United Kingdom,448.6K,448600,623.5K,623500
jennaortega,Jenna Ortega,Cinema & Actors/actresses,Lifestyle,8.1M,8100000,United States,530K,530000,755.1K,755100
jennierubyjane,J,Music,,67.6M,67600000,Indonesia,7M,7000000,8.4M,8400000
jennifer.garner,Jennifer Garner,Cinema & Actors/actresses,,13.3M,13300000,United States,198.5K,198500,225.2K,225200
jenniferaniston,Jennifer Aniston,Cinema & Actors/actresses,,40.7M,40700000,Brazil,624.8K,624800,907.7K,907700
jensenackles,Jensen Ackles,Cinema & Actors/actresses,,9.4M,9400000,United States,317.9K,317900,413.9K,413900
jeonghaniyoo_n,ìœ¤ì •í•œ,,,2.9M,2900000,Iran,823.1K,823100,1M,1000000
jeremyrenner,Jeremy Renner,Shows,Cinema & Actors/actresses,17.7M,17700000,United States,114.2K,114200,137.3K,137300
jeromepolin,Jerome Polin Sijabat ã‚·ã‚™ã‚§ãƒ­ãƒ¼ãƒ ,Education,Humor & Fun & Happiness,6.9M,6900000,Indonesia,435.1K,435100,637.5K,637500
jessica.syj,Jessica Jung,Modeling,Beauty,10.6M,10600000,Indonesia,173.8K,173800,212.5K,212500
jessicah_o,Jessi / á„Œá…¦á„‰á…µ,Music,,11.8M,11800000,United States,928.8K,928800,1.2M,1200000
jessicajane99,Jessica Jane,Lifestyle,,6M,6000000,Indonesia,408.8K,408800,538.9K,538900
jessnolimit,Jess No Limit,Shows,,7.3M,7300000,Indonesia,532.2K,532200,637.9K,637900
jharden13,James Harden,Sports with a ball,,11.6M,11600000,United States,122.2K,122200,209.9K,209900
jhope_bighitentertainment,J-HOPE (ì œì´í™‰) Updates,Lifestyle,,8M,8000000,Brazil,1.1M,1100000,1.2M,1200000
jichangwook,ì§€ì°½ìš±,Cinema & Actors/actresses,,20.5M,20500000,Indonesia,832.8K,832800,1.1M,1100000
jimena.jimenezr,Jimena,,,5.8M,5800000,Mexico,580.1K,580100,837.9K,837900
jimin_bighitentertainment,JIMIN (ë°•ì§€ë¯¼) Updates,Lifestyle,,8.9M,8900000,Indonesia,754.7K,754700,836.6K,836600
jin,Jin of BTS,,,36.6M,36600000,United States,9.3M,9300000,9.3M,9300000
jin_bighitentertainment,JIN (á„€á…µá†·á„‰á…¥á†¨á„Œá…µá†«) Updates,Lifestyle,,8.3M,8300000,Indonesia,685.7K,685700,779.3K,779300
jinyoung_0922jy,ë°•ì§„ì˜,Music,,9.8M,9800000,Indonesia,712.7K,712700,943.6K,943600
jlo,Jennifer Lopez,Music,Cinema & Actors/actresses,215.5M,215500000,United States,700K,700000,896.2K,896200
joaogomescantor,JoaÌƒo Gomes ğŸ™,Family,Music,12.6M,12600000,Brazil,133.9K,133900,366.8K,366800
joaoguilherme,JÒ‰OÒ‰TÒ‰IÒ‰NÒ‰HÒ‰AÒ‰,Music,Cinema & Actors/actresses,16M,16000000,Brazil,157.3K,157300,306.5K,306500
joeyking,Joey King,Music,Cinema & Actors/actresses,19M,19000000,Brazil,262.3K,262300,374.4K,374400
johnnydepp,Johnny Depp,Cinema & Actors/actresses,,26.2M,26200000,India,2.3M,2300000,3.1M,3100000
johnnyjsuh,Johnny Suh,Lifestyle,Music,8.6M,8600000,Indonesia,1.3M,1300000,1.6M,1600000
jojotodynho,JoJo,Music,,22.5M,22500000,Brazil,83.7K,83700,136.8K,136800
jokowi,Joko Widodo,Finance & Economics,,47.1M,47100000,Indonesia,109.5K,109500,138.6K,138600
jongsuk0206,ì´ì¢…ì„,Cinema & Actors/actresses,,22.9M,22900000,Indonesia,1.8M,1800000,2.4M,2400000
jordialbaoficial,Jordi Alba,Sports with a ball,,14.4M,14400000,Spain,128.1K,128100,185.2K,185200
jorgelopez_as,Jorge Lopez,Cinema & Actors/actresses,,9.6M,9600000,Brazil,161K,161000,264.3K,264300
joshrichards,Josh Richards,Shows,Modeling,6.9M,6900000,United States,225.1K,225100,315.8K,315800
joshu_acoustic,Joshua Hong,Music,,4.2M,4200000,0,1M,1000000,,0
juandediospantoja,JD PANTOJA ğŸ‡²ğŸ‡½,Music,Art/Artists,22.2M,22200000,Mexico,548.6K,548600,625.4K,625400
juanpazurita,Juanpa Zurita,Cinema & Actors/actresses,,29.7M,29700000,Mexico,127.2K,127200,182K,182000
juki_lop,JukiLop,Shows,Family,9.4M,9400000,Mexico,313.6K,313600,364.6K,364600
julesleblanc,julianna,Music,Shows,9.7M,9700000,United States,420.2K,420200,608.3K,608300
juliette,Juliette,Cinema & Actors/actresses,,33.8M,33800000,Brazil,178.1K,178100,282.1K,282100
juliopfernandez,J U L I O   P E Ã‘ A   F. D E Z,,,3.5M,3500000,Brazil,614.9K,614900,782.5K,782500
jungkook_bighitentertainment,JUNGKOOK (ì „ì •êµ­) Updates,Management & Marketing,Music,9.6M,9600000,Brazil,660.1K,660100,749K,749000
jungkook.97,ì „ ì •êµ­ ì´ì˜¬ì‹œë‹¤,Music,,41.8M,41800000,4.9M,4.9M,4900000,,0
justinbieber,Justin Bieber,Music,,244M,244000000,India,758.6K,758600,1.1M,1100000
juventus,Juventus,Sports with a ball,,53.9M,53900000,India,52K,52000,77.7K,77700
jy_piece,ì •ì—° (JEONGYEON),,,2.4M,2400000,0,1.2M,1200000,,0
k.mbappe,Kylian MbappeÌ,Sports with a ball,,72.1M,72100000,France,2.1M,2100000,3M,3000000
kajalaggarwalofficial,Kajal A Kitchlu,Cinema & Actors/actresses,,23M,23000000,India,522.9K,522900,632.9K,632900
kajol,Kajol Devgan,Cinema & Actors/actresses,,12.6M,12600000,India,134.5K,134500,166.1K,166100
kaka,KakaÌ,Sports with a ball,,18.6M,18600000,Brazil,89.3K,89300,145.6K,145600
kaliuchis,,Music,,3.9M,3900000,United States,408.1K,408100,704.4K,704400
kanik4kapoor,Kanika Kapoor,Shows,Lifestyle,10.6M,10600000,India,214.9K,214900,257.1K,257100
kapilsharma,Kapil Sharma,Cinema & Actors/actresses,Shows,41.7M,41700000,India,293.4K,293400,332.9K,332900
kareenakapoorkhan,Kareena Kapoor Khan,Lifestyle,Cinema & Actors/actresses,9.3M,9300000,India,211.7K,211700,264.1K,264100
karelyruiz,Karely Ruiz,Lifestyle,,5.8M,5800000,Mexico,656K,656000,823.6K,823600
karimbenzema,Karim Benzema,Sports with a ball,,55.3M,55300000,France,743.2K,743200,1.1M,1100000
karljacobs,Karl Jacobs,,,4.1M,4100000,United States,645.4K,645400,840.6K,840600
karna.val,ğŸ–¤ValentinağŸ–¤,Lifestyle,,7.3M,7300000,Russia,455.9K,455900,532.5K,532500
karolg,KAROL G,Music,,54.1M,54100000,Mexico,2.5M,2500000,3M,3000000
karrrambaby,ĞšĞ°Ñ€Ğ¸Ğ½Ğ° KARRRAMBABY ĞšĞÑ€ĞœĞĞ½ Ğ‘ÑĞ‘Ğ˜,Lifestyle,,4M,4000000,Russia,532.6K,532600,590.8K,590800
kartikaaryan,KARTIK AARYAN,Cinema & Actors/actresses,,25.2M,25200000,India,389.9K,389900,484.6K,484600
kashikakapoor09,Kashika Kapoor,,,8.1M,8100000,Indonesia,274K,274000,295.2K,295200
kashikakapoor09,Kashika Kapoor,,,8.1M,8100000,Indonesia,271.6K,271600,292.6K,292600
katherinelangford,KATHERINE LANGFORD,Cinema & Actors/actresses,,27.8M,27800000,India,172.3K,172300,247K,247000
katrinakaif,Katrina Kaif,Beauty,,65.4M,65400000,India,1.9M,1900000,2.1M,2100000
katyperry,KATY PERRY,Music,,165.5M,165500000,Brazil,129K,129000,168.8K,168800
kaylanicolejones,,Shows,,7.4M,7400000,United States,144.1K,144100,304.8K,304800
kaylanicolejones,,Shows,,7.4M,7400000,United States,144.1K,144100,304.8K,304800
keerthysureshofficial,Keerthy Suresh,Fashion,Cinema & Actors/actresses,13.2M,13200000,India,428.3K,428300,489.4K,489400
kellyrowland,Kelly Rowland,Music,Cinema & Actors/actresses,13.3M,13300000,United States,153.6K,153600,211.2K,211200
kendalljenner,Kendall,Modeling,Fashion,244.7M,244700000,United States,2.5M,2500000,4M,4000000
keniaos,Kenia Os,Music,,13.5M,13500000,Mexico,705.7K,705700,918.5K,918500
kentooyamazaki,å±±ï¨‘è³¢äºº,Cinema & Actors/actresses,,5M,5000000,Japan,623.1K,623100,724.5K,724500
kenzie,kenzie â™¡,Art/Artists,,14.9M,14900000,United States,155.7K,155700,236.7K,236700
kevindebruyne,Kevin De Bruyne,Sports with a ball,,18M,18000000,United Kingdom,322.4K,322400,499.5K,499500
kevinhart4real,Kevin Hart,Cinema & Actors/actresses,,147.3M,147300000,United States,46.8K,46800,55.8K,55800
khabib_nurmagomedov,Ğ¥Ğ°Ğ±Ğ¸Ğ± ĞÑƒÑ€Ğ¼Ğ°Ğ³Ğ¾Ğ¼ĞµĞ´Ğ¾Ğ²,Fitness & Gym,,33.5M,33500000,Russia,119.8K,119800,168.6K,168600
khaby00,Khaby Lame,Sports with a ball,,78.3M,78300000,Iran,3.5M,3500000,5.3M,5300000
khloekardashian,KhloeÌ Kardashian,Clothing & Outfits,Lifestyle,256.5M,256500000,United States,604.3K,604300,751.7K,751700
kiaraaliaadvani,KIARA,Cinema & Actors/actresses,,23.8M,23800000,India,555.5K,555500,630.3K,630300
kikakim,Kristina Kim,Lifestyle,,6.9M,6900000,Kazakhstan,311.7K,311700,412.4K,412400
kimberly.loaiza,KIM LOAIZA ğŸ–¤,Clothing & Outfits,Lifestyle,35M,35000000,Mexico,1.3M,1300000,1.6M,1600000
kimjuncotton,SUHO,Lifestyle,,10.2M,10200000,Indonesia,889.7K,889700,1.1M,1100000
kimkardashian,,Fashion,Beauty,320.5M,320500000,United States,724K,724000,1.1M,1100000
kingarturo23oficial,Arturo Vidal,Sports with a ball,,17.3M,17300000,Italy,81.7K,81700,132.9K,132900
kingbach,King Bach,Music,Art/Artists,22.7M,22700000,United States,141.9K,141900,283.6K,283600
kingjames,ğŸ‘‘,Sports with a ball,,125.7M,125700000,United States,776K,776000,1.3M,1300000
kit.connor,Kit Connor,Cinema & Actors/actresses,,4.1M,4100000,United States,377.8K,377800,626.1K,626100
kittychicha,NANNO | KITTYCHICHA AMATAYAKUL,Lifestyle,,4.2M,4200000,Philippines,654.7K,654700,794.1K,794100
kjapa,KJ Apa,Cinema & Actors/actresses,,18.9M,18900000,United States,541.6K,541600,773K,773000
klaythompson,Klay Thompson,Sports with a ball,Lifestyle,12.8M,12800000,United States,179.1K,179100,260.3K,260300
klrahul,KL RahulğŸ‘‘,Sports with a ball,,12.8M,12800000,India,824.4K,824400,1.1M,1100000
kourtneykardash,Kourtney Kardashian Barker â¤ï¸â€ğŸ”¥,Lifestyle,,185.3M,185300000,United States,997.3K,997300,1.4M,1400000
krisjenner,Kris Jenner,Shows,Beauty,48.8M,48800000,United States,128.6K,128600,195.2K,195200
krithi.shetty_official,Krithi Shetty,,,3.4M,3400000,India,531.1K,531100,628K,628000
kritisanon,Kriti,Modeling,,49.5M,49500000,India,348.7K,348700,407.7K,407700
ksi,KSI,Music,,11.5M,11500000,United Kingdom,545.9K,545900,766.3K,766300
kto_takaya,Liza Miller,Family,,7M,7000000,Russia,303.5K,303500,374.4K,374400
kun11xd,KUN,Lifestyle,,6.7M,6700000,Indonesia,818.8K,818800,1M,1000000
kunaguero,Sergio Leonel AguÌˆero,Sports with a ball,,23.4M,23400000,Argentina,332.2K,332200,575K,575000
kyliejenner,Kylie ğŸ¤,Fashion,Modeling,352.7M,352700000,United States,2.8M,2800000,4.6M,4600000
kyrieirving,K.A.I HÃ©lÃ ,Sports with a ball,,16.8M,16800000,United States,165.2K,165200,250.7K,250700
l7nnon,L7,Lifestyle,Shows,7.8M,7800000,Brazil,168.5K,168500,400.6K,400600
lacasadepapel,La Casa de Papel,Shows,Cinema & Actors/actresses,12.9M,12900000,Brazil,304K,304000,457.1K,457100
lacikaysomers,Laci Kay Somers,Music,Modeling,12.2M,12200000,United States,167.4K,167400,287.2K,287200
ladygaga,Lady Gaga,Music,Cinema & Actors/actresses,53M,53000000,United States,421.5K,421500,590.6K,590600
lalala_lfamily,Lfamily,,,2.2M,2200000,Thailand,801.7K,801700,959.4K,959400
lalalalisa_m,LISA,Music,,79.2M,79200000,Indonesia,7.3M,7300000,8.4M,8400000
lamborghini,Lamborghini,Luxury,Cars & Motorbikes,32M,32000000,India,137K,137000,187.5K,187500
lanarhoades,Lana Rhoades,Lifestyle,Modeling,16.8M,16800000,United States,1M,1000000,1.7M,1700000
larasilva,Lara Silva ğŸ’¦,Shows,Adult content,17.4M,17400000,Brazil,525.3K,525300,810.1K,810100
larissamanoela,Larissa Manoela,Cinema & Actors/actresses,,45.9M,45900000,Brazil,72.1K,72100,121.9K,121900
larissamanoela,Larissa Manoela,Cinema & Actors/actresses,,45.9M,45900000,Brazil,49.9K,49900,83.8K,83800
larray,larri,Lifestyle,Modeling,6.8M,6800000,United States,301.2K,301200,440.8K,440800
latto777,BIG LATTOğŸ°,Music,,9.4M,9400000,United States,156.6K,156600,319.8K,319800
laurenjauregui,Lauren Jauregui,Music,,10.6M,10600000,United States,140K,140000,207.2K,207200
laurenjauregui,Lauren Jauregui,Music,,10.6M,10600000,United States,140K,140000,207.2K,207200
laurenlondon,Lauren London,Cinema & Actors/actresses,Modeling,9.8M,9800000,United States,138.6K,138600,237.1K,237100
layzhang,Lay Zhang,Music,,14.2M,14200000,Indonesia,810.6K,810600,862.4K,862400
ldh_sky,á„‹á…µá„ƒá…©á„’á…§á†«,,,5.6M,5600000,Indonesia,819.8K,819800,1.1M,1100000
leaelui,Lea Elui G,Modeling,Lifestyle,11.6M,11600000,India,395.5K,395500,664.5K,664500
leedongwook_official,ì´ë™ìš± (Official_Instagram),Cinema & Actors/actresses,,14.5M,14500000,Indonesia,1M,1000000,1.4M,1400000
leeyoum262,á„‹á…µá„‹á…²á„†á…µ,Photography,Humor & Fun & Happiness,7.8M,7800000,South Korea,352.8K,352800,432.2K,432200
leighannepinnock,Leigh-Anne Pinnock,Music,,8.9M,8900000,Brazil,193.2K,193200,274.8K,274800
leomessi,Leo Messi,Sports with a ball,Family,341.7M,341700000,Argentina,4.7M,4700000,6.3M,6300000
leonardodicaprio,Leonardo DiCaprio,Cinema & Actors/actresses,,54M,54000000,United States,100.2K,100200,125.7K,125700
leonardodicaprio,Leonardo DiCaprio,Cinema & Actors/actresses,,54M,54000000,United States,87.1K,87100,111.4K,111400
ler_chek,Ğ’Ğ°Ğ»ĞµÑ€Ğ¸Ñ Ğ§ĞµĞºĞ°Ğ»Ğ¸Ğ½Ğ°,Lifestyle,Beauty,10.4M,10400000,Russia,360.4K,360400,465.8K,465800
lestykejora,Lestikejora,Music,,25.6M,25600000,Indonesia,330K,330000,426.6K,426600
letthelordbewithyou,Scott Disick,Lifestyle,Family,27.2M,27200000,United States,73.9K,73900,112.7K,112700
lewishamilton,Lewis Hamilton,Racing Sports,,28.7M,28700000,Brazil,538.2K,538200,773.4K,773400
lexibrookerivera,Lexi Rivera,Shows,Humor & Fun & Happiness,8.5M,8500000,United States,761K,761000,953K,953000
liamhemsworth,Liam Hemsworth,Cinema & Actors/actresses,,13.1M,13100000,United States,274.1K,274100,389.8K,389800
liampayne,Liam Payne,Music,,24.3M,24300000,United States,348.6K,348600,486.7K,486700
lilbaby,WHAM,Music,,19.6M,19600000,United States,389.3K,389300,718.8K,718800
lildurk,DURKIOOO,Music,Art/Artists,13.7M,13700000,United States,230.9K,230900,653.1K,653100
lilnasx,MONTERO,Music,,12.5M,12500000,United States,376.6K,376600,630.2K,630200
liluzivert,,Music,,15.9M,15900000,United States,632.7K,632700,1.2M,1200000
liluzivert,,Music,,15.9M,15900000,United States,632.7K,632700,1.2M,1200000
lilyjcollins,Lily Collins,Cinema & Actors/actresses,,27M,27000000,United States,186.7K,186700,277.6K,277600
lilyrose_depp,Lily-Rose Depp,Modeling,,6.3M,6300000,United States,360.8K,360800,567.3K,567300
litkillah,MAWZğŸ’¬,Music,,7.9M,7900000,Argentina,498.4K,498400,657.4K,657400
littlemix,Little Mix,Music,,15.9M,15900000,Brazil,137.3K,137300,184.6K,184600
liverpoolfc,Liverpool Football Club,Sports with a ball,,39.4M,39400000,United Kingdom,127.3K,127300,176.9K,176900
lizakoshy,Liza Koshy,Cinema & Actors/actresses,,20M,20000000,United States,144.3K,144300,191.3K,191300
lizasoberano,Liza Soberano,Beauty,Cinema & Actors/actresses,17.3M,17300000,Philippines,466.9K,466900,556.7K,556700
lizgillz,Elizabeth Gillies,Music,Cinema & Actors/actresses,14M,14000000,Mexico,462.1K,462100,669.4K,669400
lizzobeeating,Lizzo,Music,Lifestyle,12.7M,12700000,United States,192.3K,192300,269.6K,269600
lm_____ltm,TAEMIN,,,5.4M,5400000,Indonesia,940.7K,940700,1.2M,1200000
loganpaul,Logan Paul,Fitness & Gym,,23.2M,23200000,United States,123.7K,123700,166.3K,166300
loreimprota,Lorena Improta,Art/Artists,,13.3M,13300000,Brazil,98.8K,98800,229.3K,229300
loud_babi,BaÌrbara Passos,Lifestyle,,9.1M,9100000,Brazil,186K,186000,299.8K,299800
loud_victor,Victor Augusto,Lifestyle,Sports with a ball,10.6M,10600000,Brazil,336.4K,336400,428.4K,428400
louispartridge_,LouisğŸ’,Cinema & Actors/actresses,,7.6M,7600000,United States,883.6K,883600,1.3M,1300000
louist91,Louis Tomlinson,Music,,18.5M,18500000,Brazil,817.2K,817200,1.1M,1100000
lucas_lira,Lucas Lira,Humor & Fun & Happiness,Lifestyle,5.8M,5800000,Brazil,269.5K,269500,394.6K,394600
lucasranngel,LUCAS RANGEL,Lifestyle,,19.7M,19700000,Brazil,234.5K,234500,520K,520000
lucasvazquez91,Lucas VaÌzquez,Sports with a ball,,14.4M,14400000,Spain,171.9K,171900,253.4K,253400
lucyhale,Lucy Hale,Cinema & Actors/actresses,,24.4M,24400000,United States,121.1K,121100,159.5K,159500
ludmilla,Ludmilla,Music,,27.3M,27300000,Brazil,99.5K,99500,147.4K,147400
luissuarez9,Luis Suarez,Sports with a ball,,43.8M,43800000,Brazil,263.4K,263400,397K,397000
lukadoncic,Luka Doncic,Sports with a ball,,7M,7000000,United States,203.7K,203700,304.4K,304400
lukamodric10,Luka Modric,Sports with a ball,,24.2M,24200000,Spain,625K,625000,914.3K,914300
luvadepedreiro,Iran Ferreira,Family,Sports with a ball,14.4M,14400000,Brazil,331.7K,331700,752.1K,752100
m_kayoung,MUN KA YOUNG,Cinema & Actors/actresses,,8.2M,8200000,Indonesia,864.4K,864400,1.2M,1200000
m.by__sana,ì‚¬ë‚˜ (SANA),,,2.8M,2800000,0,1.5M,1500000,,0
m10_official,Mesut OÌˆzil,Sports with a ball,,24.5M,24500000,Turkey,642K,642000,903.8K,903800
machinegunkelly,the Blonde Don,Music,,9.6M,9600000,United States,215.4K,215400,346.5K,346500
maddieziegler,maddie,Cinema & Actors/actresses,Modeling,13.9M,13900000,United States,139.2K,139200,208.3K,208300
madelame,Madelaine Petsch,Cinema & Actors/actresses,,25.5M,25500000,Russia,1.1M,1100000,1.6M,1600000
madelyncline,Maddie,,,12.6M,12600000,United States,1.7M,1700000,2.4M,2400000
madhuridixitnene,Madhuri Dixit,Music,Cinema & Actors/actresses,32M,32000000,India,230.4K,230400,266.5K,266500
madisonbaileybabe,Maddie Baby,Lifestyle,,6.7M,6700000,United States,361.6K,361600,676.9K,676900
madisonbeer,Madison Beer,Music,,31.6M,31600000,United States,498K,498000,744K,744000
madonna,Madonna,Music,,18.3M,18300000,Italy,99.3K,99300,148.1K,148100
maisa,#NOMBRE?,Music,,43.6M,43600000,Brazil,102.7K,102700,138.2K,138200
maluma,MALUMA,Music,,62.6M,62600000,Italy,420.8K,420800,645.7K,645700
malutrevejo,MaluÌ ğŸ¦‹ 222ğŸ¤,Music,,11.5M,11500000,United States,267.8K,267800,480.5K,480500
malutrevejo,MaluÌ ğŸ¦‹ 222ğŸ¤,Music,,11.5M,11500000,United States,254.8K,254800,456.8K,456800
manchesterunited,Manchester United,Sports with a ball,,58.7M,58700000,United Kingdom,136K,136000,217.9K,217900
mancity,Manchester City,Sports with a ball,,32.8M,32800000,United Kingdom,92.4K,92400,126K,126000
maneskinofficial,MaÌŠneskin,Lifestyle,,6.1M,6100000,Italy,384.6K,384600,542.9K,542900
manurios,Manu Rios,Shows,,11.1M,11100000,Mexico,1M,1000000,1.7M,1700000
manurios,Manu Rios,Shows,,11.1M,11100000,Mexico,981.7K,981700,1.7M,1700000
marcelotwelve,Marcelo Vieira,Sports with a ball,,57M,57000000,Spain,518.8K,518800,773K,773000
marcoasensio10,Marco Asensio,Sports with a ball,,14.4M,14400000,Spain,167.9K,167900,257.6K,257600
marcusrashford,Marcus Rashford MBE,Sports with a ball,,12.7M,12700000,United Kingdom,224.8K,224800,356.4K,356400
mariaalice,Maria Alice,,,7.3M,7300000,Brazil,665.7K,665700,1.4M,1400000
mariabecerra,Maria Becerra,Music,,9.6M,9600000,Argentina,490.8K,490800,1.2M,1200000
mariapedraza_,MariÌa Pedraza,Cinema & Actors/actresses,,12M,12000000,Spain,159.5K,159500,211K,211000
marimaria,Mari Maria,Beauty,,20.1M,20100000,Brazil,117.5K,117500,225K,225000
marinaruybarbosa,Marina Ruy Barbosa,Cinema & Actors/actresses,,40.5M,40500000,Brazil,307.1K,307100,467.6K,467600
markiplier,Markiplier,Shows,,10.3M,10300000,United States,353.8K,353800,403.4K,403400
markruffalo,Mark Ruffalo,Cinema & Actors/actresses,,20.9M,20900000,Brazil,108.2K,108200,136.8K,136800
marktuan,Mark Tuan,Music,Cinema & Actors/actresses,12.7M,12700000,Thailand,769.1K,769100,1M,1000000
marshmello,marshmello,Music,,29.4M,29400000,0,601.3K,601300,,0
marshmello,marshmello,,,29.4M,29400000,0,536.8K,536800,,0
martinpdisalvo,Coscu,,,3.6M,3600000,Argentina,421.1K,421100,637.7K,637700
marvel,Marvel Entertainment,Cinema & Actors/actresses,Comics & sketches,65.2M,65200000,United States,77K,77000,89K,89000
marvelstudios,Marvel Studios,Cinema & Actors/actresses,Comics & sketches,37.4M,37400000,India,126.9K,126900,142.1K,142100
mathildtantot,Mathilde,Lifestyle,Modeling,10.2M,10200000,United States,531.6K,531600,804.6K,804600
mattyperry4,Matthew Perry,,,7.9M,7900000,Brazil,413.5K,413500,564.4K,564400
maudeapatow,Maude Apatow,Lifestyle,Cinema & Actors/actresses,4.9M,4900000,United States,471K,471000,779.6K,779600
maudyayunda,Maudy Ayunda,Music,,16.8M,16800000,Indonesia,412.1K,412100,607.7K,607700
maxverstappen1,Max Verstappen,Racing Sports,,8.8M,8800000,United States,306K,306000,402.3K,402300
mclomaofficial,Paloma Santos ğŸŸ,Music,,8M,8000000,Brazil,246.4K,246400,421.9K,421900
meganfox,Megan Fox,Cinema & Actors/actresses,,20.3M,20300000,United States,1M,1000000,1.7M,1700000
melissamelmaia,MEL MAIA ğŸ¯,Music,,12.5M,12500000,Brazil,194.8K,194800,353.2K,353200
melo,LaMelo Ball,Sports with a ball,,8.9M,8900000,United States,265.6K,265600,539.6K,539600
memezar,MEMEZAR â€¢ Comedy and Culture,Cinema & Actors/actresses,,23.5M,23500000,United States,91.6K,91600,137.3K,137300
memphisdepay,Memphis Depay,Sports with a ball,,14.9M,14900000,France,104.4K,104400,185.2K,185200
miakhalifa,Mia K.,Fitness & Gym,Lifestyle,27.8M,27800000,India,849.8K,849800,1.4M,1400000
miamalkova,Mia Malkova,Cinema & Actors/actresses,,10.9M,10900000,India,205.4K,205400,279.1K,279100
michelleobama,Michelle Obama,Finance & Economics,Business & Careers,49.9M,49900000,United States,121.1K,121100,132.9K,132900
miguel.g.herran,Miguel HerraÌn,Cinema & Actors/actresses,,14.1M,14100000,Brazil,387.7K,387700,583.7K,583700
mileycyrus,Miley Cyrus,Music,,176.6M,176600000,United States,552.8K,552800,750.9K,750900
milliebobbybrown,Millie Bobby Brown,Cinema & Actors/actresses,,52.3M,52300000,Brazil,2.6M,2600000,3.3M,3300000
min9yu_k,ê¹€ë¯¼ê·œ,Music,,6.7M,6700000,Indonesia,1.2M,1200000,1.4M,1400000
mina_sr_my,ë¯¸ë‚˜ (MINA),,,3.1M,3100000,0,1.5M,1500000,,0
mingue.k,ê¹€ë¯¼ê·œ,Shows,,5.6M,5600000,Indonesia,1.1M,1100000,1.4M,1400000
mirandacosgrove,Miranda Cosgrove,Music,Cinema & Actors/actresses,9.9M,9900000,Brazil,171.8K,171800,268.3K,268300
mirella,BAD MI âš¡ï¸ MIRELLA,Music,,27.2M,27200000,Brazil,111.4K,111400,236.1K,236100
missasinfonia,MissaSinfonia,,,5.3M,5300000,Mexico,687.5K,687500,770.7K,770700
mo.on_air,TAEIL,,,4.8M,4800000,Indonesia,1.3M,1300000,1.5M,1500000
mohanshakti,Shakti Mohan,Art/Artists,Cinema & Actors/actresses,16.1M,16100000,India,225.4K,225400,270K,270000
momo,ëª¨ëª¨ (MOMO),Modeling,,6.6M,6600000,Turkey,1.9M,1900000,2.8M,2800000
momo,ëª¨ëª¨ (MOMO),,,6.6M,6600000,Turkey,1.9M,1900000,2.8M,2800000
mont.pantoja,MONT,,,11.9M,11900000,Mexico,724.4K,724400,862K,862000
mosalah,Mohamed Salah,Sports with a ball,,51.6M,51600000,Egypt,1.3M,1300000,1.8M,1800000
mr_faisu_07,FAISAL SHAIKH,Modeling,Cinema & Actors/actresses,27.7M,27700000,India,381.1K,381100,486.8K,486800
mrancelotti,Carlo Ancelotti,Sports with a ball,,8.3M,8300000,Italy,268.5K,268500,418.6K,418600
mrbeast,MrBeast,Shows,Humor & Fun & Happiness,18.8M,18800000,United States,1.3M,1300000,1.7M,1700000
ms_puiyi,Siew Pui Yi ğŸ¤,Adult content,,18.7M,18700000,United States,249.7K,249700,320.5K,320500
ms.sethii,Shilpa Sethi,,,6.5M,6500000,United States,246.7K,246700,373.3K,373300
mterstegen1,Marc ter Stegen,Sports with a ball,,13.5M,13500000,Spain,186.4K,186400,280.2K,280200
na.jaemin0813,JAEMIN,,,9.7M,9700000,Indonesia,1.9M,1900000,2.3M,2300000
nabilla,Nabilla Vergara âœ¨,Beauty,,7.6M,7600000,France,234.7K,234700,323.2K,323200
nadin_serovski,Nadin Serovski,Family,Lifestyle,9.4M,9400000,Russia,471.3K,471300,648.7K,648700
nadine,å°å®®å¸Œç¾ ğŸ¤,Music,Shows,11.4M,11400000,Philippines,305.3K,305300,339.1K,339100
nadine.nassib.njeim,Nadine Nassib Njeim,Cinema & Actors/actresses,Modeling,15M,15000000,Iraq,118.7K,118700,169.2K,169200
naileadevora,nai,Shows,,5.2M,5200000,United States,583.4K,583400,861.9K,861900
najwashihab,Najwa Shihab,Shows,,21.6M,21600000,Indonesia,75.4K,75400,104.5K,104500
nancyajram,Nancy Ajram,Music,,33M,33000000,Iraq,117K,117000,150.8K,150800
narendramodi,Narendra Modi,Finance & Economics,Business & Careers,68.1M,68100000,India,1.2M,1200000,1.4M,1400000
narins_beauty,â€¢â€¢Narins Beautyâ€¢â€¢,Lifestyle,,8.9M,8900000,Syria,360.1K,360100,439.2K,439200
nasa,NASA,Science,Photography,78.3M,78300000,India,612.1K,612100,734.3K,734300
natashawilona12,Natasha Wilona,Beauty,,38.7M,38700000,Indonesia,110.7K,110700,132.4K,132400
natgeo,National Geographic,Nature & landscapes,Science,229.5M,229500000,United States,72.3K,72300,102.6K,102600
nattinatasha,NATTI NATASHA,Music,Cinema & Actors/actresses,35.9M,35900000,Mexico,162.2K,162200,196.1K,196100
navidmohammadzadeh,navid mohammadzadeh,Cinema & Actors/actresses,,8.7M,8700000,Iran,481.7K,481700,680.7K,680700
nazormaya,Maya Nazor,Lifestyle,Photography,3.3M,3300000,Mexico,462K,462000,684K,684000
nazormaya,Maya Nazor,Lifestyle,Photography,3.3M,3300000,Mexico,462K,462000,684K,684000
nazriyafahadh,Nazriya Nazim Fahadh,Lifestyle,,6M,6000000,India,610.4K,610400,817.7K,817700
nba,NBA,Sports with a ball,,68.5M,68500000,United States,25.4K,25400,38.6K,38600
ncentineo,Noah,Cinema & Actors/actresses,,16.8M,16800000,Brazil,74.9K,74900,124.9K,124900
nct,NCT Official Instagram,Music,,14.3M,14300000,Indonesia,748K,748000,981.8K,981800
nct_dream,NCT DREAM OFFICIAL,,,10.1M,10100000,Indonesia,760K,760000,849K,849000
nct127,NCT 127 Official Instagram,Music,,14.1M,14100000,Indonesia,522.6K,522600,645.2K,645200
nehakakkar,Neha Kakkar (Mrs. Singh),Music,,70.3M,70300000,India,380.7K,380700,444.6K,444600
nehasharmaofficial,Neha Sharma ğŸ’«,Cinema & Actors/actresses,,14.6M,14600000,India,189.4K,189400,216.9K,216900
nessabarrett,ness,,,7M,7000000,United States,397.7K,397700,539.5K,539500
netflix,Netflix US,Cinema & Actors/actresses,Shows,30.4M,30400000,Brazil,65K,65000,105.6K,105600
netflixbrasil,Netflix Brasil,Shows,Cinema & Actors/actresses,31.5M,31500000,Brazil,206.9K,206900,354.3K,354300
netflixlat,Netflix LatinoameÌrica,Shows,Cinema & Actors/actresses,23.4M,23400000,Argentina,76.1K,76100,119.5K,119500
neymarjr,NJ ğŸ‡§ğŸ‡·,Sports with a ball,,175.8M,175800000,Brazil,1.4M,1400000,1.9M,1900000
niallhoran,Niall Horan,Music,,30.1M,30100000,United States,1.2M,1200000,1.8M,1800000
nianaguerrero,Niana,Music,Kids & Toys,14.2M,14200000,Indonesia,408.1K,408100,512.7K,512700
nicki.nicole,,Music,,12M,12000000,Argentina,390.7K,390700,571.4K,571400
nickiminaj,Barbie,Music,,195.2M,195200000,United States,896.1K,896100,1.4M,1400000
nickjonas,Nick Jonas,Music,Art/Artists,32.8M,32800000,United States,164.2K,164200,234.9K,234900
nickyjam,NICKY JAM,Music,,43.3M,43300000,Colombia,54.6K,54600,66.7K,66700
nicolebahls,Nicole Bahls,Modeling,,17.6M,17600000,Brazil,77.7K,77700,138.5K,138500
nicolegarcia,NICOLE,Lifestyle,,5.6M,5600000,Mexico,327.9K,327900,428.8K,428800
nidhhiagerwal,Nidhhi Agerwal ğŸŒŸ,Lifestyle,Modeling,24.2M,24200000,India,101.3K,101300,120.5K,120500
nike,Nike,Fitness & Gym,Shopping & Retail,225.6M,225600000,United States,87.4K,87400,120.5K,120500
nikefootball,Nike Football (Soccer),Sports with a ball,Clothing & Outfits,45.1M,45100000,Brazil,108.2K,108200,165.5K,165500
nikitadragun,Nikita,Beauty,Modeling,9M,9000000,United States,252.7K,252700,386.2K,386200
nina,Nina Dobrev,Cinema & Actors/actresses,,25.7M,25700000,Brazil,496.9K,496900,711.5K,711500
nita_shilimkar,Nita Shilimkar,Fashion,Modeling,11.3M,11300000,India,277.4K,277400,366.5K,366500
noahbeck,Noah Beck,Sports with a ball,,9.1M,9100000,United States,188.2K,188200,310.5K,310500
noahschnapp,Noah Schnapp,Cinema & Actors/actresses,,22.8M,22800000,Brazil,2.1M,2100000,2.7M,2700000
nobru,Bruno Goes ğŸ­,,,13.5M,13500000,Brazil,0,0,245.8K,245800
nobru,Bruno Goes ğŸ­,Machinery & Technologies,Computers & Gadgets,13.5M,13500000,Brazil,0,0,245.8K,245800
nodal,Christian Nodal ğŸ‡²ğŸ‡½ ğŸŒµğŸ’š,Music,,9.3M,9300000,Mexico,236.4K,236400,347.2K,347200
nolimitherbo,G HERBO,Music,Art/Artists,7.7M,7700000,United States,128.2K,128200,307.1K,307100
noorstars,Ù†ÙˆØ± Ø³ØªØ§Ø±Ø² | Noor Stars,Shows,,13M,13000000,Iraq,155.1K,155100,208.2K,208200
norafatehi,Nora Fatehi,Cinema & Actors/actresses,Music,40.9M,40900000,India,489.7K,489700,601.5K,601500
normani,Normani,Lifestyle,,7.2M,7200000,United States,268.9K,268900,420.4K,420400
nusr_et,Nusr_et#Saltbae,Food & Cooking,,46.6M,46600000,Turkey,79.4K,79400,116.1K,116100
o.dembele7,Ousmane DembÃ©lÃ©,Sports with a ball,,10.9M,10900000,Spain,502.6K,502600,861.1K,861100
obj,Odell Beckham Jr,Sports with a ball,,16.2M,16200000,United States,248.9K,248900,473.5K,473500
offsetyrn,OFFSET,Music,,19.9M,19900000,United States,249.2K,249200,446.1K,446100
oliviarodrigo,Olivia Rodrigo,Music,Cinema & Actors/actresses,26.7M,26700000,India,2.2M,2200000,2.8M,2800000
onwardwanna,"Javon ""Wanna"" Walton",Lifestyle,Cinema & Actors/actresses,5.4M,5400000,United States,353.5K,353500,589.8K,589800
onyourm__ark,Mark,Lifestyle,,8.9M,8900000,Indonesia,1.4M,1400000,1.8M,1800000
oohsehun,SEHUN,Music,,23.2M,23200000,Indonesia,1.8M,1800000,2.2M,2200000
oprah,Oprah,Art/Artists,Cinema & Actors/actresses,21.3M,21300000,United States,85.5K,85500,100K,100000
otabek_muhammadalievich,Otabek Umarov,,,19.4M,19400000,Russia,136.2K,136200,184.1K,184100
ozuna,@ozutochi ğŸ”œ,Music,,22.4M,22400000,Spain,239K,239000,323.6K,323600
pablogavi,GAVI,,,4.7M,4700000,0,1M,1000000,,0
pandorakaaki,ğğšğ§ğğ¨ğ«ğš ğŠğšğšğ¤ğ¢,Adult content,,7.3M,7300000,United States,221.1K,221100,304.5K,304500
pandorakaaki,ğğšğ§ğğ¨ğ«ğš ğŠğšğšğ¤ğ¢,Adult content,,7.3M,7300000,United States,221.1K,221100,304.5K,304500
parineetichopra,Parineeti Chopra,Cinema & Actors/actresses,,36.8M,36800000,India,194.7K,194700,224.2K,224200
paulodybala,Paulo Dybala,Sports with a ball,,47.5M,47500000,Argentina,763.5K,763500,1.2M,1200000
paulolondra,Paulo londra,Music,,13.8M,13800000,Argentina,1.2M,1200000,1.9M,1900000
paulpogba,Paul Labile Pogba,Sports with a ball,,54.4M,54400000,Brazil,125.6K,125600,224.2K,224200
paulwalker,Paul Walker,Cinema & Actors/actresses,,14.9M,14900000,India,198.9K,198900,273.2K,273200
paulwesley,Paul Wesley,Cinema & Actors/actresses,,12.3M,12300000,Brazil,330K,330000,493.2K,493200
pefabiodemelo,Padre FÃ¡bio de Melo,Lifestyle,,25.7M,25700000,Brazil,87.6K,87600,132.3K,132300
perrieedwards,Perrie Edwards ğŸ–¤,Modeling,,15.4M,15400000,Brazil,456.9K,456900,713.7K,713700
perspolis,P e r s e p o l i s,Sports with a ball,,8.1M,8100000,Iran,267.7K,267700,381.7K,381700
pewdiepie,PewDiePie,Computers & Gadgets,,21.9M,21900000,United States,1.2M,1200000,1.4M,1400000
peytonlist,Peyton List,Cinema & Actors/actresses,,20.1M,20100000,United States,279.9K,279900,421.1K,421100
pharrell,ğ’ğğ ğğ… ğ€ ğğ‡ğ€ğ‘ğ€ğğ‡,Music,,13.9M,13900000,United States,107.9K,107900,154.5K,154500
phil.coutinho,Philippe Coutinho,Sports with a ball,,24.8M,24800000,Brazil,184.9K,184900,299.1K,299100
philfoden,Phil Foden,Sports with a ball,,4.9M,4900000,United Kingdom,325.2K,325200,569.8K,569800
phoebejtonkin,Phoebe Tonkin,Beauty,Cinema & Actors/actresses,8.4M,8400000,United States,281.2K,281200,401.7K,401700
playstation,PlayStation,Computers & Gadgets,Machinery & Technologies,28.9M,28900000,United States,64K,64000,77.3K,77300
playstation,PlayStation,Computers & Gadgets,Machinery & Technologies,28.9M,28900000,United States,64K,64000,77.3K,77300
pledis_boos,ìŠ¹ê´€ SEUNGKWAN,Music,,4M,4000000,Indonesia,503.2K,503200,610.3K,610300
pocah,POCAH,Music,,15.7M,15700000,Brazil,108.2K,108200,257.4K,257400
pokimanelol,pokimane â¤,Lifestyle,Shows,6.1M,6100000,United States,429.8K,429800,566.4K,566400
polo.capalot,Polo.GğŸ,Music,Lifestyle,10.5M,10500000,United States,337.5K,337500,555.8K,555800
pooorblack,Pooorblack,,,4.5M,4500000,Iran,497.7K,497700,643.5K,643500
porsche,Porsche,Cars & Motorbikes,,26.6M,26600000,United States,64.7K,64700,81.5K,81500
porsche,Porsche,Cars & Motorbikes,,26.6M,26600000,United States,64.7K,64700,81.5K,81500
postmalone,,Music,,22.4M,22400000,United States,266.7K,266700,407.9K,407900
pozevidalouca,Poze Do Rodo ğŸ¤‘,Lifestyle,Photography,6.6M,6600000,Brazil,235.2K,235200,590.7K,590700
prattprattpratt,Chris Pratt,Cinema & Actors/actresses,,37M,37000000,United States,278.2K,278200,364K,364000
premierleague,Premier League,Sports with a ball,,57.7M,57700000,United Kingdom,55.6K,55600,79.7K,79700
prillylatuconsina96,Prilly Latuconsina,Cinema & Actors/actresses,Music,48.2M,48200000,Indonesia,58.3K,58300,84K,84000
priyankaamohanofficial,Priyanka Mohan,Lifestyle,Cinema & Actors/actresses,3.1M,3100000,India,655.6K,655600,752.4K,752400
priyankachopra,Priyanka,Cinema & Actors/actresses,,79.8M,79800000,India,796.8K,796800,968.5K,968500
psg,Paris Saint-Germain,Sports with a ball,,60.9M,60900000,Brazil,127.9K,127900,214.6K,214600
pubity,Pubity,Humor & Fun & Happiness,,31.8M,31800000,United States,192.2K,192200,281.7K,281700
quavohuncho,QuavoHuncho,Music,,21.3M,21300000,United States,118.5K,118500,195.6K,195600
raashiikhanna,Raashii Khanna,Cinema & Actors/actresses,Music,8.4M,8400000,India,229.3K,229300,273.7K,273700
rachel_mypark,á„‡á…¡á†¨á„†á…µá†«á„‹á…§á†¼ Minyoung Park,Cinema & Actors/actresses,,10.1M,10100000,Indonesia,572.3K,572300,713.1K,713100
rafaelnadal,Rafa Nadal,Sports with a ball,,15.4M,15400000,Spain,202.1K,202100,253.2K,253200
rafaeluccman,Rafael Uccman,Lifestyle,Modeling,9M,9000000,Brazil,135.6K,135600,281.6K,281600
rahulkl,KL RahulğŸ‘‘,,,12.3M,12300000,India,366.1K,366100,427.1K,427100
raisa6690,,Music,,31.9M,31900000,Indonesia,45.1K,45100,69K,69000
raisa6690,,Music,,31.9M,31900000,Indonesia,45.1K,45100,69K,69000
rakulpreet,Rakul Singh,Cinema & Actors/actresses,Modeling,21.9M,21900000,India,164.5K,164500,192.9K,192900
ranveersingh,Ranveer Singh,Cinema & Actors/actresses,Modeling,39.9M,39900000,India,138.3K,138300,178.2K,178200
raphaelvarane,Raphael Varane,Sports with a ball,,18.9M,18900000,Spain,323.3K,323300,485.6K,485600
rashmika_mandanna,Rashmika Mandanna,Beauty,Art/Artists,32.1M,32100000,India,1.5M,1500000,1.7M,1700000
rauwalejandro,RAULEETO,Music,,14.9M,14900000,Spain,828.8K,828800,1.2M,1200000
real__pcy,EXO_CY,Music,,23.9M,23900000,Indonesia,2.3M,2300000,2.8M,2800000
realbarbarapalvin,Barbara Palvin,Modeling,Fashion,17.9M,17900000,Russia,411.6K,411600,555.4K,555400
realcoleworld,Cole,Music,Art/Artists,7.7M,7700000,United States,198.7K,198700,377.5K,377500
realhinakhan,HK,Cinema & Actors/actresses,,17.1M,17100000,India,150.8K,150800,185.5K,185500
realmadrid,Real Madrid C.F.,Sports with a ball,,121M,121000000,Spain,348.8K,348800,478.7K,478700
realstraykids,Stray Kids,Music,,21.6M,21600000,Indonesia,1.4M,1400000,1.7M,1700000
rebelwilson,Rebel Wilson,Cinema & Actors/actresses,,11.3M,11300000,United States,162.7K,162700,188.2K,188200
redvelvet.smtown,Red Velvet Official,Music,Beauty,11.8M,11800000,Indonesia,203.5K,203500,246.8K,246800
reesewitherspoon,Reese Witherspoon,Cinema & Actors/actresses,,28.1M,28100000,United States,89.4K,89400,107.9K,107900
regejean,RegeÌ-Jean Page,,,6.3M,6300000,Brazil,357.4K,357400,566.2K,566200
renebaebae,IRENE,Lifestyle,Modeling,10.6M,10600000,Indonesia,1.5M,1500000,1.8M,1800000
rezagolzar,Mohammad Reza Golzar,Cinema & Actors/actresses,,12.2M,12200000,Iran,169.7K,169700,250.3K,250300
riaricis1795,RICIS,Lifestyle,,31.2M,31200000,Indonesia,607.3K,607300,742.1K,742100
ridwankamil,Ridwan Kamil,Literature & Journalism,Business & Careers,18.2M,18200000,Indonesia,347.2K,347200,531K,531000
riyadmahrez26.7,RM26,Sports with a ball,,9M,9000000,Algeria,321.3K,321300,414.2K,414200
riyaz.14,Riyaz Aly,Lifestyle,Art/Artists,27.1M,27100000,India,284.3K,284300,371.5K,371500
rizkybillar,Muhammad Rizky Billar,Shows,Beauty,12.8M,12800000,Indonesia,428.3K,428300,551.5K,551500
robertdowneyjr,Robert Downey Jr. Official,Cinema & Actors/actresses,,53.2M,53200000,India,1.7M,1700000,2.1M,2100000
roberto_firmino,ROBERTO FIRMINO,Sports with a ball,,13.6M,13600000,Brazil,173.2K,173200,257.3K,257300
roddyricch,,Lifestyle,,6.9M,6900000,United States,220.8K,220800,423.6K,423600
rodridepaul,Rodrigo De Paul,Sports with a ball,,4.7M,4700000,Argentina,346.8K,346800,628.8K,628800
rodwave,RodWave,Lifestyle,,5.3M,5300000,United States,201.7K,201700,501.6K,501600
rogerfederer,Roger Federer,Sports with a ball,,9.5M,9500000,Spain,253K,253000,327.1K,327100
rohitsharma45,Rohit Sharma,Sports with a ball,Lifestyle,24.3M,24300000,India,805.4K,805400,908.1K,908100
romanreigns,Joe Anoai aka â€œRoman Reignsâ€,,,6.4M,6400000,India,481.7K,481700,626.2K,626200
ronaldinho,Ronaldo de Assis Moreira,Sports with a ball,,67.1M,67100000,Brazil,112.1K,112100,196K,196000
rosalia.vt,LA ROSALIÌA,Music,,20.8M,20800000,Spain,1.1M,1100000,1.5M,1500000
roses_are_rosie,ROSEÌ,Music,,60.5M,60500000,Indonesia,4M,4000000,4.6M,4600000
ross_lynch,Ross Shor Lynch,Music,Cinema & Actors/actresses,10.1M,10100000,United States,409.4K,409400,818K,818000
rubyrose,Ruby Rose,Modeling,,19.6M,19600000,United States,90.7K,90700,120.3K,120300
rudeth,Rudy Pankow,Humor & Fun & Happiness,,6.5M,6500000,United States,1M,1000000,1.6M,1600000
sabinahidalgo,Sabina Hidalgo,Lifestyle,Music,4.7M,4700000,Brazil,409.5K,409500,491.5K,491500
sabinahidalgo,Sabina Hidalgo,Lifestyle,Music,4.7M,4700000,Brazil,409.5K,409500,491.5K,491500
sabrinacarpenter,Sabrina Carpenter,Music,,27.4M,27400000,Brazil,839.2K,839200,1M,1000000
sachintendulkar,Sachin Tendulkar,Sports with a ball,Lifestyle,34.9M,34900000,India,204.1K,204100,243K,243000
sadiesink_,Sadie Sink,Modeling,Lifestyle,19M,19000000,Brazil,1.4M,1400000,2M,2000000
sadiomaneofficiel,Sadio Mane,Sports with a ball,,11.5M,11500000,United Kingdom,331.6K,331600,473.4K,473400
sadiomaneofficiel,Sadio Mane,Sports with a ball,,11.3M,11300000,United Kingdom,319.2K,319200,455.8K,455800
sagar_pop02,Sagar Pop,Lifestyle,,7.5M,7500000,India,241.8K,241800,380.8K,380800
saipallavi.senthamarai,Sai Pallavi,,,5.8M,5800000,India,569K,569000,653K,653000
salmahayek,Salma Hayek Pinault,Cinema & Actors/actresses,,21.5M,21500000,United States,122K,122000,151.6K,151600
salshabillaadr,Salshabilla adriani,Music,Cinema & Actors/actresses,14.1M,14100000,Indonesia,127.1K,127100,202.7K,202700
samantharuthprabhuoffl,Samantha,Beauty,Modeling,24.1M,24100000,India,1.2M,1200000,1.4M,1400000
samoylovaoxana,Samoylova Oxana,Family,Lifestyle,15.2M,15200000,Russia,679.4K,679400,923.3K,923300
sanchooo10,Jadon Sancho,Sports with a ball,,8.6M,8600000,United Kingdom,361.9K,361900,633K,633000
sandrinna_11,Drinna,Lifestyle,,10.7M,10700000,Indonesia,191.3K,191300,244.7K,244700
saraalikhan95,Sara Ali Khan,Cinema & Actors/actresses,,40.5M,40500000,India,774.4K,774400,945.6K,945600
sarahkhanofficial,Mrs.Falak,Lifestyle,,9.3M,9300000,Pakistan,287.5K,287500,324.5K,324500
sarwendah29,Sarwendah29,Music,Lifestyle,31.9M,31900000,Indonesia,67.2K,67200,79.6K,79600
sav.labrant,Savannah Rose LaBrant,Family,Lifestyle,7.1M,7100000,United States,541.9K,541900,724.9K,724900
saweetie,,Cinema & Actors/actresses,,13.2M,13200000,United States,216.3K,216300,501.9K,501900
saythename_17,SEVENTEEN,Music,,9.5M,9500000,Indonesia,694.4K,694400,782.3K,782300
schwarzenegger,Arnold Schwarzenegger,Cinema & Actors/actresses,Fitness & Gym,22.5M,22500000,United States,99.9K,99900,117.9K,117900
selenagomez,Selena Gomez,Music,Lifestyle,330.6M,330600000,United States,1.2M,1200000,1.6M,1600000
serenayss,Serenay SarÄ±kaya,Cinema & Actors/actresses,Modeling,9.4M,9400000,Turkey,198.7K,198700,254.6K,254600
sergioramos,Sergio Ramos,Sports with a ball,,51.9M,51900000,Spain,321.9K,321900,494.7K,494700
serna_amini,Serna Amini,,,8.9M,8900000,Iran,1.3M,1300000,1.8M,1800000
shahidkapoor,Shahid Kapoor,Cinema & Actors/actresses,,35.2M,35200000,India,644.7K,644700,730.7K,730700
shawnmendes,Shawn Mendes,Music,,69.1M,69100000,Brazil,741K,741000,1.1M,1100000
shaymitchell,Shay Mitchell,Beauty,Family,33.6M,33600000,United States,240.1K,240100,337.2K,337200
shehnaazgill,Shehnaaz Gill,Cinema & Actors/actresses,Music,11.6M,11600000,India,643.8K,643800,806.5K,806500
shivangijoshi18,à¤¶à¤¿à¤µà¤¾à¤‚à¤—à¥€ à¤œà¥‹à¤¶à¥€,Lifestyle,,6.9M,6900000,India,418.3K,418300,503.9K,503900
shraddhakapoor,Shraddha âœ¶,Cinema & Actors/actresses,,73.2M,73200000,India,341.8K,341800,393.7K,393700
shreyaghoshal,shreyaghoshal,Music,,24.3M,24300000,India,98.2K,98200,110.3K,110300
sidhu_moosewala,Sidhu Moosewala (à¨®à©‚à¨¸à©‡ à¨†à¨²à¨¾),,,10.6M,10600000,India,1.5M,1500000,1.9M,1900000
sidhu_moosewala,Sidhu Moosewala (à¨®à©‚à¨¸à©‡ à¨†à¨²à¨¾),,,10.6M,10600000,India,1.4M,1400000,1.7M,1700000
sidmalhotra,Sidharth Malhotra,Cinema & Actors/actresses,Modeling,19.7M,19700000,India,432.7K,432700,538.1K,538100
simoneesimaria,Simone e Simaria,Music,,22.7M,22700000,Brazil,97.6K,97600,137.5K,137500
simoneses,Simone Mendes,Music,,34.7M,34700000,Brazil,176.7K,176700,223.7K,223700
simoneses,Simone Mendes,Music,,34.7M,34700000,Brazil,140.9K,140900,177.1K,177100
simonettalein,Simonetta Lein,Shows,Fashion,11.4M,11400000,India,212.3K,212300,292.2K,292200
sinavaliollah,Sina Valiollah,Shows,,7.2M,7200000,Iran,300.6K,300600,379.2K,379200
sincerooficial,Sincero Oficial,Humor & Fun & Happiness,,21.5M,21500000,Brazil,77.9K,77900,149.9K,149900
sivakarthikeyan,Sivakarthikeyan Doss,,,5M,5000000,India,448.8K,448800,528.7K,528700
skaijackson,S K A I,Lifestyle,Beauty,8M,8000000,United States,209.2K,209200,369.8K,369800
skuukzky,á„‰á…®á†½á„‹á…µ  ğŸ’„ğŸ’…ğŸ‘¡ğŸ‘ ğŸ€ğŸ‘™ğŸŒ‚ğŸ‘—ğŸŒ‚ğŸ€ğŸ’‹ğŸ’Œ,Clothing & Outfits,Music,17.8M,17800000,Indonesia,608K,608000,750.4K,750400
smriti_mandhana,Smriti Mandhana,Sports with a ball,,6.1M,6100000,India,379.2K,379200,439.6K,439600
snoopdogg,snoopdogg,Lifestyle,Music,74.4M,74400000,United States,31.6K,31600,42.8K,42800
sofia9__official,SOFIA,Lifestyle,Modeling,9.1M,9100000,India,179K,179000,249.3K,249300
sofia9__official,SOFIA,Lifestyle,Modeling,9.1M,9100000,India,179K,179000,249.3K,249300
sofiaalcastro,â™¡sofia castro,Shows,Cinema & Actors/actresses,8.7M,8700000,Colombia,425.8K,425800,580.3K,580300
sofiacarson,Sofia Carson,Music,Cinema & Actors/actresses,16.7M,16700000,Brazil,114.5K,114500,155.4K,155400
sommerray,Sommer Ray,Modeling,,26.6M,26600000,United States,176.4K,176400,278.1K,278100
somsomi0309,ENNIK,Music,,14.9M,14900000,Indonesia,818K,818000,1M,1000000
sonamkapoor,Sonam Kapoor Ahuja,Fashion,Modeling,32.9M,32900000,India,178.3K,178300,210.8K,210800
songkang_b,á„‰á…©á†¼á„€á…¡á†¼,,,14.4M,14400000,Mexico,2.2M,2200000,3.1M,3100000
soohyun_k216,á„€á…µá†·á„‰á…®á„’á…§á†« Kim Soo Hyun é‡‘ç§€è³¢,,,13.7M,13700000,Indonesia,742.8K,742800,904.9K,904900
sooyaaa__,JISOOğŸ¤,Music,Beauty,61.6M,61600000,Indonesia,4.8M,4800000,5.5M,5500000
sooyoungchoi,Sooyoung Choi,Beauty,Lifestyle,7.1M,7100000,Indonesia,280.7K,280700,338.9K,338900
sophiedee,Sophie Dee,Adult content,,12.2M,12200000,United States,164.9K,164900,219.6K,219600
soueunavida,Sou Eu Na Vida,Humor & Fun & Happiness,,18.1M,18100000,Brazil,148.2K,148200,281.5K,281500
sound_of_coups,COUPS,,,3.8M,3800000,Indonesia,905K,905000,1.2M,1200000
soycintiacossio,Cintia Cossio,,,5.6M,5600000,Colombia,417.3K,417300,521K,521000
soydannyalfaro,Danny Alfaro,Beauty,,8.1M,8100000,Mexico,336.8K,336800,385.4K,385400
soyneiva,Neiva Mara,Adult content,,11.9M,11900000,Brazil,187.7K,187700,252.5K,252500
spacex,SpaceX,Science,Machinery & Technologies,14.9M,14900000,United States,139.8K,139800,170.3K,170300
sportscenter,SportsCenter,Sports with a ball,Shows,31.1M,31100000,United States,113K,113000,204K,204000
srinidhi_shetty,Srinidhi Shetty ğŸŒ¸,,,4.1M,4100000,India,995.9K,995900,1.3M,1300000
ssinz7,ë°•ì‹ í˜œ/Shin Hye Park,Music,Cinema & Actors/actresses,13.7M,13700000,Indonesia,652K,652000,800.6K,800600
staryuukiii,Star Yuuki,Lifestyle,,6.7M,6700000,Mexico,329.8K,329800,397K,397000
staskaranikolaou,Anastasia Karanikolaou,Lifestyle,,11M,11000000,United States,1.9M,1900000,2.8M,2800000
stephencurry30,Wardell Curry,Sports with a ball,Family,44.1M,44100000,United States,442.8K,442800,591.3K,591300
sthefanematos,STHE âš“ï¸,Lifestyle,,9.9M,9900000,Brazil,153.2K,153200,352.9K,352900
strangerthingstv,Stranger Things Netflix,Cinema & Actors/actresses,Shows,18.7M,18700000,Brazil,1.2M,1200000,1.5M,1500000
streetartglobe,StreetArtGlobe â„¢ ğŸ˜±,Art/Artists,,17.1M,17100000,United States,131.2K,131200,178.2K,178200
subo_m,Subhan Mamedov,Shows,,9.7M,9700000,Russia,214.2K,214200,262.2K,262200
suga_bighitentertainment,SUGA (á„†á…µá†«á„‹á…²á†«á„€á…µ) Updates,Lifestyle,,7.6M,7600000,Indonesia,557.6K,557600,628.9K,628900
sugaringcandy,Jungwoo Kim,,,2.5M,2500000,0,1.4M,1400000,,0
sunnyleone,Sunny Leone,Beauty,Cinema & Actors/actresses,53M,53000000,India,137.6K,137600,188.9K,188900
supercarblondie,Alex - that girl with the Cars,Cars & Motorbikes,,10.3M,10300000,India,156.7K,156700,248.6K,248600
superstar_dewasi99,SUPERSTARDEWASI 99,,,12.3M,12300000,India,253.4K,253400,400.1K,400100
supremo_dp,Daniel Ford,Music,,4.9M,4900000,Philippines,374K,374000,460.9K,460900
sureshraina3,Suresh Raina,Modeling,,20.3M,20300000,India,106.5K,106500,119.8K,119800
sushitrash,JOJI,Music,,6.1M,6100000,United States,489.6K,489600,598.3K,598300
sydney_sweeney,Sydney Sweeney,Lifestyle,Cinema & Actors/actresses,13.5M,13500000,United States,1.1M,1100000,2.1M,2100000
sza,SZA,Music,,12.2M,12200000,United States,811.3K,811300,1.4M,1400000
t22felton,Tom Felton,Music,Cinema & Actors/actresses,12M,12000000,United States,177.6K,177600,230.4K,230400
taehyung.bighitentertainment,TAEHYUNG (ê¹€íƒœí˜•) Updates,Management & Marketing,Music,10M,10000000,Indonesia,985.4K,985400,1M,1000000
taeoxo_nct,TAEYONG íƒœìš©,Lifestyle,,9.3M,9300000,Indonesia,1.2M,1200000,1.5M,1500000
taeyeon_ss,TaeYeon,Music,,18.6M,18600000,South Korea,653.9K,653900,795.5K,795500
taina,TainaÌ Costa,Music,,15.9M,15900000,Brazil,290.9K,290900,607.5K,607500
tamannaahspeaks,Tamannaah Bhatia,Music,Cinema & Actors/actresses,17.1M,17100000,India,207.2K,207200,242.6K,242600
tamerhosny,Tamer Hosny,Music,Cinema & Actors/actresses,22.6M,22600000,Egypt,87.6K,87600,106.9K,106900
tarasutaria,TARAğŸ’«,Cinema & Actors/actresses,,7.7M,7700000,India,247.2K,247200,310.9K,310900
tatawerneck,Tata Werneck,Cinema & Actors/actresses,Family,53.4M,53400000,Brazil,55.2K,55200,85.6K,85600
taylor_hill,Taylor Hill,Art/Artists,Fashion,19.9M,19900000,United States,126.9K,126900,189.4K,189400
taylorswift,Taylor Swift,Music,,216.1M,216100000,Brazil,2.4M,2400000,3.2M,3200000
teddysphotos,Ed Sheeran,Music,,39.2M,39200000,United States,130K,130000,177.4K,177400
tejasswiprakash,Tejasswi Prakash,Beauty,,6M,6000000,India,321.4K,321400,397.7K,397700
tenlee_1001,TEN_+â€¢10,Music,,9.8M,9800000,Indonesia,883.1K,883100,1.1M,1100000
teyanataylor,Jimmy Neutch- Shumpert,Music,,15.1M,15100000,United States,112.8K,112800,192.2K,192200
theamitbhadana,Amit Bhadana ( à¤…à¤®à¤¿à¤¤ à¤­à¤¡à¤¼à¤¾à¤¨à¤¾ ),Shows,,8.4M,8400000,India,284.5K,284500,350.8K,350800
thebursin,Kerem BuÌˆrsin,Cinema & Actors/actresses,,10.7M,10700000,Russia,625.6K,625600,816.3K,816300
theellenshow,Ellen DeGeneres,Shows,Cinema & Actors/actresses,122.6M,122600000,United States,30.7K,30700,41.6K,41600
theestallion,Megan Thee Stallion,Music,,29.1M,29100000,United States,511.5K,511500,891.7K,891700
thegirljt,JTğŸ˜¸,Music,,5.5M,5500000,United States,155.8K,155800,427.1K,427100
thegoodquote,Positive & Motivational Quotes,Humor & Fun & Happiness,,24.6M,24600000,United States,81.4K,81400,116.9K,116900
thehughjackman,,Cinema & Actors/actresses,,30.5M,30500000,United States,167.2K,167200,190.5K,190500
thenameisyash,Yash,Cinema & Actors/actresses,,10.8M,10800000,India,1.2M,1200000,1.5M,1500000
thenewclassic,Iggy Azalea,Music,,16.4M,16400000,United States,232.3K,232300,375.6K,375600
therealcalebmclaughlin,Caleb McLaughlin,Cinema & Actors/actresses,Lifestyle,12.8M,12800000,United States,472.4K,472400,693.4K,693400
therealjosephmorgan,Joseph Morgan,Cinema & Actors/actresses,Lifestyle,8M,8000000,Brazil,218.5K,218500,274.1K,274100
therock,therock,Cinema & Actors/actresses,Fitness & Gym,324.2M,324200000,India,542.3K,542300,711.9K,711900
theslumpgod,Stokeley,Music,,5.4M,5400000,United States,428.3K,428300,745.1K,745100
theweeknd,The Weeknd,Music,,39.9M,39900000,United States,728.4K,728400,989.3K,989300
thiago6,Thiago Alcantara,Sports with a ball,,9.5M,9500000,United Kingdom,234.3K,234300,401.9K,401900
thiagosilva,Thiago Silva,Sports with a ball,,19.5M,19500000,Brazil,67.2K,67200,113.3K,113300
thiagosilva,Thiago Silva,Sports with a ball,,19.5M,19500000,Brazil,67.2K,67200,113.3K,113300
thv,V,Lifestyle,,44.8M,44800000,United States,13.2M,13200000,13.2M,13200000
tiagopzk,GOTTI A,Music,,5M,5000000,Argentina,274.3K,274300,626.5K,626500
tiffanyyoungofficial,tiffany young,Modeling,Fashion,12.2M,12200000,Indonesia,258K,258000,322.9K,322900
tigerjackieshroff,Tiger Shroff,Cinema & Actors/actresses,,35.3M,35300000,India,261.6K,261600,318.1K,318100
tinistoessel,LaTripleT,Music,,18.1M,18100000,Argentina,684.5K,684500,915.6K,915600
todayis_wendy,Wendy,,,6.8M,6800000,Indonesia,889.7K,889700,1.1M,1100000
tohi,ğ“ğğ‡ğˆ,Lifestyle,,12M,12000000,Iran,148.2K,148200,216.9K,216900
tombrady,Tom Brady,Sports with a ball,,12.4M,12400000,United States,188.1K,188100,346.9K,346900
tomhardy,Tom Hardy,Lifestyle,Cinema & Actors/actresses,8.7M,8700000,Iran,251.9K,251900,312.5K,312500
tomholland2013,Tom Holland,Cinema & Actors/actresses,,67.4M,67400000,United States,5.2M,5200000,6.4M,6400000
tommyinnit,TommyInnit,Lifestyle,,3.4M,3400000,France,605.9K,605900,683.9K,683900
toni.kr8s,Toni Kroos,Sports with a ball,,34.1M,34100000,Germany,417.1K,417100,565K,565000
tontawan,à¸•à¸¹ / t u ğŸŒ»(â€¢Ó©â€¢)à·†âƒ›,Lifestyle,,3.7M,3700000,Thailand,569.9K,569900,749.4K,749400
travisbarker,travisbarker,Lifestyle,,7.5M,7500000,United States,503.4K,503400,712.4K,712400
travisscott,flame,Music,,45.7M,45700000,United States,1.8M,1800000,2.6M,2600000
trentarnold66,Trent Alexander-Arnold,Lifestyle,Sports with a ball,7.5M,7500000,United Kingdom,429.8K,429800,630K,630000
trippieredd,555,Music,,13M,13000000,United States,450.9K,450900,883.5K,883500
trueno,TR1 â›ˆ,Music,,6.8M,6800000,Argentina,227.3K,227300,354.1K,354100
twicetagram,TWICE,Music,Modeling,25.9M,25900000,Indonesia,1.2M,1200000,1.5M,1500000
tyga,T-Raww,Music,,35M,35000000,United States,600K,600000,895.8K,895800
uarmyhope,jhope,Art/Artists,Cinema & Actors/actresses,36.6M,36600000,South Korea,9.4M,9400000,9.4M,9400000
urstrulymahesh,Mahesh Babu,Cinema & Actors/actresses,,8.6M,8600000,India,358.6K,358600,395.1K,395100
ursulolita,UÌrsula CorberoÌ âœ¨,Cinema & Actors/actresses,Modeling,24.1M,24100000,Brazil,1.1M,1100000,1.6M,1600000
urvashirautela,Urvashi Rautela,Cinema & Actors/actresses,,52.7M,52700000,India,107.7K,107700,128.9K,128900
valentinazenere,Valentina Zenere,Modeling,Lifestyle,9.9M,9900000,Brazil,226.4K,226400,275.5K,275500
valeyellow46,Valentino Rossi,Racing Sports,,13.8M,13800000,Indonesia,136.4K,136400,178.1K,178100
vancityreynolds,Ryan Reynolds,Cinema & Actors/actresses,,44.3M,44300000,United States,309.3K,309300,400.6K,400600
vanessahudgens,ğŸ”®Vanessa HudgensğŸ”®,Cinema & Actors/actresses,,46.1M,46100000,United States,53.4K,53400,86K,86000
vanessalopesr_,Vanessa Lopes,Lifestyle,,11.7M,11700000,Brazil,76.1K,76100,248.5K,248500
vanessamorgan,Vanessa Morgan,Music,Cinema & Actors/actresses,9.5M,9500000,United States,319K,319000,454.1K,454100
varundvn,VarunDhawan,Cinema & Actors/actresses,,42.9M,42900000,India,257.6K,257600,312.9K,312900
veradijkmans,Vera Dijkmans,Adult content,,5.4M,5400000,United States,400.7K,400700,563.3K,563300
vernonline,Vernon ë²„ë…¼,,,4M,4000000,0,713.1K,713100,,0
vicdeangelis,Victoria De Angelis/ MaÌŠneskin,,,3.7M,3700000,Italy,420.6K,420600,623.9K,623900
vickykaushal09,Vicky Kaushal,Cinema & Actors/actresses,,14M,14000000,India,909.8K,909800,1.1M,1100000
victoriajustice,Victoria Justice,Music,Cinema & Actors/actresses,22.5M,22500000,United States,142.3K,142300,194.7K,194700
viking.barbie,Viking Barbieâš”,Adult content,,11.6M,11600000,United States,164.6K,164600,251.4K,251400
vikkialchester,Vikki Al Chester ğŸ¶,Music,,10.3M,10300000,Russia,266.6K,266600,324.7K,324700
vindiesel,Vin Diesel,Cinema & Actors/actresses,,81.3M,81300000,Brazil,314.8K,314800,408.7K,408700
vinijr,Vinicius Jr. âš¡ï¸ğŸ‡§ğŸ‡·,Sports with a ball,,20.7M,20700000,Brazil,931K,931000,1.6M,1600000
vinniehacker,â€ ,Lifestyle,,5.8M,5800000,United States,615.1K,615100,1.3M,1300000
virat.kohli,Virat Kohli,Sports with a ball,,203.7M,203700000,India,2M,2000000,2.3M,2300000
virgilvandijk,Virgil van Dijk,Sports with a ball,,12.2M,12200000,United Kingdom,281.6K,281600,399.7K,399700
virginia,Virginia Fonseca Costa,Shows,Lifestyle,38.1M,38100000,Brazil,465.7K,465700,727.2K,727200
vivi,Vivi Wanderley,Beauty,Lifestyle,13.5M,13500000,Brazil,176.4K,176400,290.2K,290200
vousmevoyez,KRYSTAL,Music,Cinema & Actors/actresses,10.3M,10300000,Indonesia,369.5K,369500,479.6K,479600
wanda_nara,Wanda nara,Lifestyle,,12.8M,12800000,Argentina,189.8K,189800,268.5K,268500
warriors,Golden State Warriors,Lifestyle,Sports with a ball,24.5M,24500000,United States,127.4K,127400,177.3K,177300
waynerooney,Wayne Rooney,Sports with a ball,Lifestyle,15.6M,15600000,United Kingdom,93.1K,93100,133.9K,133900
wdohwan,ìš°ë„í™˜,Cinema & Actors/actresses,,4.5M,4500000,Indonesia,471.4K,471400,624.9K,624900
weareone.exo,EXO Official,Music,,10M,10000000,Indonesia,609.2K,609200,765K,765000
whinderssonnunes,Whindersson Nunes,Humor & Fun & Happiness,,58.5M,58500000,Brazil,186.9K,186900,288.4K,288400
wi__wi__wi,á„‹á…±á„’á…¡á„Œá…®á†« Wi Ha Jun,,,10.1M,10100000,South Korea,680.8K,680800,818.7K,818700
wilbursoot,Wilbur Soot,Music,,3.1M,3100000,United States,539.1K,539100,691.2K,691200
willevy,William  Levy / Actor Producer,Shows,Cinema & Actors/actresses,10.6M,10600000,Brazil,218.5K,218500,294.1K,294100
willyrex,Willyrex,Shows,,8.7M,8700000,Spain,366.8K,366800,435.1K,435100
winmetawin,Win Metawin O.,Lifestyle,,13.7M,13700000,Philippines,863.3K,863300,975.5K,975500
wizkhalifa,Wiz Khalifa,Music,Art/Artists,38.3M,38300000,India,55K,55000,75.6K,75600
wizkidayo,BIG WIZğŸ¦…,Music,,14.8M,14800000,Nigeria,186.3K,186300,362.7K,362700
wolfiecindy,Cindy Kimberly,Modeling,Lifestyle,7M,7000000,United States,240.6K,240600,399.7K,399700
woozi_universefactory,WOOZI,,,3.5M,3500000,Indonesia,510.9K,510900,624.7K,624700
wos.ds3,ValentiÌn Oliva,Music,,6.6M,6600000,Argentina,335K,335000,512.4K,512400
wow_kimsohyun,á„€á…µá†·á„‰á…©á„’á…§á†«,Music,Cinema & Actors/actresses,12.3M,12300000,Indonesia,735.4K,735400,845.2K,845200
wwiinn_7,WINWIN,,,7.3M,7300000,Indonesia,1.2M,1200000,1.4M,1400000
xavi,Xavi HernaÌndez,Sports with a ball,,8.9M,8900000,Spain,428.1K,428100,642.4K,642400
xbox,Xbox,Computers & Gadgets,Machinery & Technologies,12.8M,12800000,United States,138.6K,138600,170.3K,170300
xeesoxee,á„’á…¡á†«á„‰á…©á„’á…´,Lifestyle,,9.3M,9300000,Indonesia,1.1M,1100000,1.4M,1400000
xsqueezie,,Music,Lifestyle,7.9M,7900000,France,495.6K,495600,579.6K,579600
xuminghao_o,The8 ë””ì—ì‡,Music,,4.7M,4700000,Indonesia,666.1K,666100,840.2K,840200
xxxibgdrgn,á„€á…¯á†«á„Œá…µá„‹á…­á†¼(æ¬Šå¿—é¾),Photography,Fashion,21.1M,21100000,Indonesia,484.4K,484400,615.3K,615300
yamigautam,Yami Gautam Dhar,Cinema & Actors/actresses,,15.9M,15900000,India,189.3K,189300,219.5K,219500
yangyang_x2,YangYang á„‹á…£á†¼á„‹á…£á†¼,,,6.3M,6300000,Indonesia,863.2K,863200,1.1M,1100000
yaocabrera,Yao Cabrera,Computers & Gadgets,Business & Careers,14.2M,14200000,Argentina,346.4K,346400,750.1K,750100
yasmine_sabri,Yasmine Sabri,Cinema & Actors/actresses,Lifestyle,19.3M,19300000,Egypt,317.8K,317800,445.8K,445800
yastunes,YAS,Music,,8.4M,8400000,Iran,666.8K,666800,927K,927000
yawnzzn,YEONJUN,,,9.4M,9400000,India,3.2M,3200000,4.1M,4100000
yefersoncossio,Yef,Lifestyle,,9.4M,9400000,Colombia,174.5K,174500,255.8K,255800
yejinhand,ì†ì˜ˆì§„,Cinema & Actors/actresses,,6.6M,6600000,Indonesia,589.5K,589500,767K,767000
yellow_3to3,REN JUN,Lifestyle,Music,5.9M,5900000,Indonesia,1.4M,1400000,1.7M,1700000
yerimiese,Yeri,Lifestyle,,10.6M,10600000,Indonesia,667.4K,667400,827.3K,827300
yg_treasure_official,TREASURE (íŠ¸ë ˆì €),Music,,5.4M,5400000,Indonesia,323.5K,323500,412.4K,412400
yg_treasure_official,TREASURE (íŠ¸ë ˆì €),Music,,5.4M,5400000,Indonesia,323.5K,323500,412.4K,412400
yihyun_1208,á„Œá…©á„‹á…µá„’á…§á†« cho yihyun,Lifestyle,,5.3M,5300000,South Korea,644.8K,644800,816.4K,816400
yoona__lim,,Cinema & Actors/actresses,,13.5M,13500000,Indonesia,456.8K,456800,546.5K,546500
yooncy1,ìœ¤ì°¬ì˜ Yoon chanyoung,,,4.9M,4900000,South Korea,1M,1000000,1.3M,1300000
youna_1997,á„‡á…¡á†¨á„‹á…²á„‚á…¡,Cinema & Actors/actresses,,3.5M,3500000,South Korea,548.6K,548600,635.3K,635300
youna_1997,á„‡á…¡á†¨á„‹á…²á„‚á…¡,Cinema & Actors/actresses,,3.5M,3500000,South Korea,548.6K,548600,635.3K,635300
youngdae0302,á„€á…µá†·á„‹á…§á†¼á„ƒá…¢,Music,,4.4M,4400000,Indonesia,554K,554000,731.3K,731300
yugyeom,KYUM,Music,Art/Artists,11.3M,11300000,Thailand,399.3K,399300,516.1K,516100
yuu_taa_1026,YUTA æ‚ å¤ª,,,8.3M,8300000,Indonesia,1M,1000000,1.4M,1400000
yuyacst,ğ“¨ğ’–ğ’šğ’‚,Modeling,,17.2M,17200000,Mexico,316.8K,316800,487K,487000
yuzi_chahal23,Yuzvendra Chahal,Lifestyle,Sports with a ball,7.9M,7900000,India,241.1K,241100,293.4K,293400
zacefron,Zac Efron,Cinema & Actors/actresses,,53.7M,53700000,United States,512.5K,512500,742.2K,742200
zachking,Zach King,Shows,Humor & Fun & Happiness,24.6M,24600000,Indonesia,429.7K,429700,662.1K,662100
zayn,Zayn Malik,Music,,46M,46000000,India,2.9M,2900000,4.5M,4500000
zefelipecantor,ZeÌ,Music,,24.3M,24300000,Brazil,252.5K,252500,445.1K,445100
zendaya,Zendaya,Cinema & Actors/actresses,Fashion,146.3M,146300000,United States,6.3M,6300000,8.5M,8500000
zidane,zidane,Sports with a ball,,33M,33000000,Spain,412.4K,412400,560.8K,560800
zidane,zidane,Sports with a ball,,33M,33000000,Spain,412.4K,412400,560.8K,560800
zkdlin,KAI,Music,,14.1M,14100000,Indonesia,1.4M,1400000,1.7M,1700000
zo,Lonzo Ball,Sports with a ball,,14M,14000000,United States,145.8K,145800,262K,262000
zoeisabellakravitz,ZoeÌˆ Kravitz,Cinema & Actors/actresses,,8.5M,8500000,United States,342.4K,342400,519.3K,519300