channel name,youTuber,Category,Category_2,Subscribers count,Subscribers count,Country,Views avg.,Views avg.,Likes avg,Likes avg,Comments avg.,Comments avg.
juptube,Galinha Pintadinha,Music & Dance,,30.5M,30500000,-,0,0,N/A',#VALOR!,N/A',#VALOR!
"Baby Big Mouth Kids - Sing, Dance, Explore","Baby Big Mouth Kids - Sing, Dance, Explore",Animation,Toys,10.6M,10600000,-,348.5,348.5,3,3,N/A',#VALOR!
shfa show India,shfa show India,Daily vlogs,,18.9M,18900000,-,1.2M,1200000,8.7K,8700,N/A',#VALOR!
Blippi - Educational Videos for Kids,Blippi - Educational Videos for Kids,Education,Toys,15.7M,15700000,-,1.2M,1200000,4.2K,4200,N/A',#VALOR!
infobellstamil,infobells - Tamil,Education,,26.5M,26500000,-,1.3M,1300000,5.8K,5800,N/A',#VALOR!
Diana and Roma ARA,Diana and Roma ARA,,,21.2M,21200000,-,1.3M,1300000,9.6K,9600,N/A',#VALOR!
PeppaLatinoAmericano,Peppa Pig Español Latino - Canal Oficial,Toys,,21M,21000000,-,1.3M,1300000,9.6K,9600,N/A',#VALOR!
Fun For Kids TV - Hindi Rhymes,Fun For Kids TV - Hindi Rhymes,,,13.7M,13700000,-,1.3M,1300000,6.8K,6800,N/A',#VALOR!
SuperSimpleSongs,Super Simple Songs - Kids Songs,Music & Dance,,34.5M,34500000,-,1.4M,1400000,4.1K,4100,N/A',#VALOR!
Diana and Roma ESP,Diana and Roma ESP,Animation,,25.6M,25600000,-,1.4M,1400000,6.6K,6600,N/A',#VALOR!
D Billions,D Billions,,,19.2M,19200000,-,1.7M,1700000,1.7K,1700,N/A',#VALOR!
GoldminesAction,GoldminesAction,,,11.3M,11300000,-,10.1K,10100,141,141,N/A',#VALOR!
Like Nastya,Like Nastya,Animation,,96.5M,96500000,-,10.8M,10800000,59.4K,59400,N/A',#VALOR!
checkgate,Cocomelon - Nursery Rhymes,Education,,136.6M,136600000,-,10.9M,10900000,68.8K,68800,N/A',#VALOR!
Трум Трум,Трум Трум,Humor,Toys,13.7M,13700000,-,103.2K,103200,1.8K,1800,83,83
dangmattsmith,Dang Matt Smith,Animation,Humor,13.7M,13700000,-,103.5K,103500,4.4K,4400,332,332
toyoraljanahtv,قناة طيور الجنة | toyoraljanahtv,Music & Dance,,27.8M,27800000,-,106.8K,106800,N/A',#VALOR!,N/A',#VALOR!
TeremokTV,Теремок ТВ,Video games,,9.8M,9800000,-,107.6K,107600,545,545,N/A',#VALOR!
DuDuPopTOY,DuDuPopTOY,Animation,Humor,10.5M,10500000,-,11.1K,11100,109,109,N/A',#VALOR!
✿ Kids Diana Show,✿ Kids Diana Show,Animation,Toys,96.6M,96600000,-,11.4M,11400000,40.9K,40900,N/A',#VALOR!
Goldmines Housefull,Goldmines Housefull,,,10.3M,10300000,-,11.9K,11900,N/A',#VALOR!,N/A',#VALOR!
OReinho,O Reino Infantil,Music & Dance,,12.5M,12500000,-,111.5K,111500,521,521,N/A',#VALOR!
SesameStreet,Sesame Street,,,23M,23000000,-,111.8K,111800,407,407,N/A',#VALOR!
turmadamonicaTV,Turma da Mônica,,,18M,18000000,-,116.5K,116500,850,850,N/A',#VALOR!
Zappy Toons - Hindi Nursery Rhymes and Stories,Zappy Toons - Hindi Nursery Rhymes and Stories,Education,,15.6M,15600000,-,117.5K,117500,618,618,N/A',#VALOR!
Super Senya,Super Senya,Animation,Toys,14.7M,14700000,-,12.4K,12400,100,100,N/A',#VALOR!
Dani Russo Tv,Dani Russo Tv,Music & Dance,,11.7M,11700000,-,12.7K,12700,1.6K,1600,277,277
GoldClassics,Goldmines Premiere,,,12.3M,12300000,-,12.9K,12900,199,199,N/A',#VALOR!
fozimozi,Fozi Mozi,,,9.4M,9400000,-,121.7K,121700,2.4K,2400,N/A',#VALOR!
portalfitdance,FitDance,Music & Dance,,15.3M,15300000,-,13.9K,13900,626,626,17,17
Wolfoo's stories,Wolfoo's stories,Animation,,10.6M,10600000,-,132K,132000,638,638,N/A',#VALOR!
MashaBearUkraine,Маша та Ведмідь,Education,,11.2M,11200000,-,134.8K,134800,860,860,N/A',#VALOR!
Heidi & Zidane बच्चों की कहानियाँ,Heidi & Zidane बच्चों की कहानियाँ,Daily vlogs,,17.3M,17300000,-,140.4K,140400,896,896,N/A',#VALOR!
LittleBabyBum,Little Baby Bum - Nursery Rhymes & Kids Songs,Education,,39M,39000000,-,144.3K,144300,353,353,N/A',#VALOR!
Wow Kidz Action,Wow Kidz Action,,,13.7M,13700000,-,148.7K,148700,1.4K,1400,N/A',#VALOR!
Codiscos,Codiscos,Music & Dance,,11.9M,11900000,-,15.1K,15100,242,242,10,10
kidstvindia,Kids TV India Hindi Nursery Rhymes,Education,,11.3M,11300000,-,157.2K,157200,1.1K,1100,N/A',#VALOR!
Emily Tube,Emily Tube,Animation,Toys,11M,11000000,-,16.1K,16100,55,55,N/A',#VALOR!
Super Polina,Super Polina,,,14.5M,14500000,-,16.9K,16900,214,214,N/A',#VALOR!
Smile Family Spanish,Smile Family Spanish,Animation,,14.8M,14800000,-,163.4K,163400,1.6K,1600,N/A',#VALOR!
Like Nastya IDN,Like Nastya IDN,Music & Dance,,14.7M,14700000,-,165.4K,165400,N/A',#VALOR!,N/A',#VALOR!
BabyBus - Canciones Infantiles & Cuentos,BabyBus - Canciones Infantiles & Cuentos,Toys,,21M,21000000,-,165.5K,165500,640,640,N/A',#VALOR!
toycantando,toycantando,Music & Dance,,25.6M,25600000,-,168.3K,168300,778,778,N/A',#VALOR!
infobells,infobells,Education,,13.4M,13400000,-,17.6K,17600,102,102,N/A',#VALOR!
Heidi y Zidane en español,Heidi y Zidane en español,Toys,,10M,10000000,-,170.8K,170800,916,916,N/A',#VALOR!
karameeshchannel,karameeshchannel,Music & Dance,,12.2M,12200000,-,178.5K,178500,1.4K,1400,N/A',#VALOR!
Zig & Sharko,Zig & Sharko,,,13.3M,13300000,-,179.3K,179300,1.5K,1500,N/A',#VALOR!
CaELiKe,Caeli YT,,,15.7M,15700000,-,19.2K,19200,1.2K,1200,125,125
Masha and The Bear,Masha and The Bear,Animation,Toys,34.1M,34100000,-,1M,1000000,6.6K,6600,N/A',#VALOR!
PinkPanther,Official Pink Panther,Movies,Animation,18.1M,18100000,-,1M,1000000,6.9K,6900,N/A',#VALOR!
Toys and Colors,Toys and Colors,Movies,Toys,36.2M,36200000,-,2.2M,2200000,5.4K,5400,N/A',#VALOR!
Ya - Alisa,Ya - Alisa,,,11.3M,11300000,-,2.4K,2400,16,16,N/A',#VALOR!
welovekamikaze,welovekamikaze,,,9.7M,9700000,-,2.5K,2500,67,67,6,6
Come Play With Me,Come Play With Me,Toys,,11.9M,11900000,-,2.5M,2500000,N/A',#VALOR!,N/A',#VALOR!
Infobells Bangla,Infobells Bangla,Education,,11.9M,11900000,-,200.3K,200300,814,814,N/A',#VALOR!
OYUNCAKOYNUYORUM,OYUNCAKOYNUYORUM,,,10.9M,10900000,-,200.9K,200900,829,829,N/A',#VALOR!
MC Divertida,MC Divertida,Music & Dance,,10.9M,10900000,-,201.2K,201200,1.9K,1900,N/A',#VALOR!
Vlad and Niki ARA,Vlad and Niki ARA,,,12.9M,12900000,-,205.2K,205200,2K,2000,N/A',#VALOR!
INCRÍVEL,INCRÍVEL,Animation,,18M,18000000,-,21.2K,21200,1.1K,1100,28,28
DisneyChannelLA,Disney Latinoamérica,,,20.2M,20200000,-,21.9K,21900,193,193,N/A',#VALOR!
Goldmines Dishoom,Goldmines Dishoom,,,23.5M,23500000,-,22.5K,22500,225,225,N/A',#VALOR!
Peppa Pig Hindi,Peppa Pig Hindi,Education,,10.1M,10100000,-,220.2K,220200,2K,2000,N/A',#VALOR!
BIBI,BIBI,,,9.7M,9700000,-,23.9K,23900,3K,3000,97,97
SmartBooksMedia,Pinkfong Baby Shark - Kids' Songs & Stories,Animation,Toys,58M,58000000,-,231.1K,231100,1K,1000,N/A',#VALOR!
OGGY,OGGY,,,10.9M,10900000,-,237K,237000,2.7K,2700,N/A',#VALOR!
Dave and Ava - Nursery Rhymes and Baby Songs,Dave and Ava - Nursery Rhymes and Baby Songs,Education,,14.8M,14800000,-,240.6K,240600,1.2K,1200,N/A',#VALOR!
Like Nastya Vlog,Like Nastya Vlog,Daily vlogs,,17.6M,17600000,-,244.6K,244600,887,887,N/A',#VALOR!
Netflix Latinoamérica,Netflix Latinoamérica,,,9.7M,9700000,-,25.4K,25400,1.8K,1800,86,86
Diana and Roma HIN,Diana and Roma HIN,,,23M,23000000,-,251.4K,251400,1.7K,1700,N/A',#VALOR!
FrontaL Gaming,FrontaL Gaming,Movies,Animation,11.7M,11700000,-,253.7K,253700,19K,19000,1.3K,1300
Vlad and Niki IDN,Vlad and Niki IDN,Music & Dance,,17M,17000000,-,254.4K,254400,1.7K,1700,N/A',#VALOR!
BritainsGotTalent09,Britain's Got Talent,Music & Dance,Movies,18.4M,18400000,-,255.7K,255700,2.6K,2600,211,211
infobellskannada,infobells - Kannada,Education,,11M,11000000,-,256.2K,256200,1.1K,1100,N/A',#VALOR!
Toymong tv 토이몽TV,Toymong tv 토이몽TV,,,10.1M,10100000,-,26.9K,26900,244,244,N/A',#VALOR!
ToysPlay,ToysPlay,Animation,Toys,11.1M,11100000,-,262.7K,262700,1.6K,1600,N/A',#VALOR!
Like Nastya AE,Like Nastya AE,,,21.7M,21700000,-,263.5K,263500,2.2K,2200,N/A',#VALOR!
Like Nastya ESP,Like Nastya ESP,,,33.1M,33100000,-,268.8K,268800,1.2K,1200,N/A',#VALOR!
HZHtube Kids Fun,HZHtube Kids Fun,Toys,,12.1M,12100000,-,270.5K,270500,1.6K,1600,N/A',#VALOR!
Vania Mania Kids,Vania Mania Kids,Toys,,17.3M,17300000,-,274.8K,274800,2.2K,2200,N/A',#VALOR!
Nickelodeon,Nickelodeon,Movies,,10M,10000000,-,28.1K,28100,410,410,N/A',#VALOR!
LooLooKids,LooLoo Kids - Nursery Rhymes and Children's Songs,Music & Dance,,49.3M,49300000,-,299.3K,299300,1.5K,1500,N/A',#VALOR!
eltreceok,El Trece,News & Politics,,11.5M,11500000,-,3.2K,3200,34,34,9,9
The World Adventures हिन्दी,The World Adventures हिन्दी,Daily vlogs,,13.5M,13500000,-,30.2K,30200,1.4K,1400,37,37
mrplotvideos,Mundo Bita,Music & Dance,Movies,10.3M,10300000,-,309.6K,309600,7.1K,7100,N/A',#VALOR!
Kinder Spielzeug Kanal,Kinder Spielzeug Kanal,Animation,Toys,18.8M,18800000,-,316.4K,316400,1.4K,1400,N/A',#VALOR!
pocoyotv,POCOYÓ en ESPAÑOL - Canal Oficial,,,11.1M,11100000,-,316.8K,316800,1.3K,1300,N/A',#VALOR!
Eva Bravo Play,Eva Bravo Play,,,18.6M,18600000,-,317.6K,317600,2K,2000,N/A',#VALOR!
cancionesdelagranja,La Granja de Zenón,Music & Dance,,30.9M,30900000,-,318.5K,318500,2.2K,2200,N/A',#VALOR!
Troom Troom,Troom Troom,Animation,Toys,23.2M,23200000,-,321.4K,321400,3.4K,3400,91,91
greengoldtv,Green Gold TV - Official Channel,,,18.4M,18400000,-,325.7K,325700,3.2K,3200,N/A',#VALOR!
BabyBus - Cerita & Lagu Anak-anak,BabyBus - Cerita & Lagu Anak-anak,Toys,,17.8M,17800000,-,327.3K,327300,1.8K,1800,N/A',#VALOR!
Cleo y Cuquin - Canciones infantiles,Cleo y Cuquin - Canciones infantiles,Music & Dance,,9.5M,9500000,-,329.4K,329400,1.3K,1300,N/A',#VALOR!
Cleo y Cuquin - Canciones infantiles,Cleo y Cuquin - Canciones infantiles,Music & Dance,,9.5M,9500000,-,329.4K,329400,1.3K,1300,N/A',#VALOR!
DisneyChannelUK,DisneyChannelUK,Movies,Humor,12.3M,12300000,-,34.6K,34600,283,283,N/A',#VALOR!
LittleBabyBumEspanol,Little Baby Bum en Español,Autos & Vehicles,Education,12.3M,12300000,-,34.9K,34900,N/A',#VALOR!,N/A',#VALOR!
ChuChu TV Nursery Rhymes & Kids Songs,ChuChu TV Nursery Rhymes & Kids Songs,Education,,56.8M,56800000,-,343.2K,343200,3.4K,3400,N/A',#VALOR!
elcanaldePlimPlim,Plim Plim - Kids Songs & Episodes - Spanish,Music & Dance,,14.1M,14100000,-,358.6K,358600,3.9K,3900,N/A',#VALOR!
infobellstelugu,infobells - Telugu,Education,,26M,26000000,-,359.7K,359700,1.4K,1400,N/A',#VALOR!
Oyuncak Avı,Oyuncak Avı,,,15.3M,15300000,-,36.3K,36300,N/A',#VALOR!,N/A',#VALOR!
oyabakatousan,"Sen, Momo, Ai & Shii's Channel",Daily vlogs,,11.1M,11100000,-,36.6K,36600,133,133,1,1
GallinaPintadita,Gallina Pintadita,Animation,,13.3M,13300000,-,366.5K,366500,1.9K,1900,N/A',#VALOR!
Bounce Patrol - Kids Songs,Bounce Patrol - Kids Songs,Music & Dance,,26.2M,26200000,-,371.9K,371900,1.4K,1400,N/A',#VALOR!
Wolfoo Channel,Wolfoo Channel,Movies,Toys,12.3M,12300000,-,375K,375000,1.9K,1900,N/A',#VALOR!
Kids smile TV,Kids smile TV,Movies,Toys,10.5M,10500000,-,376.8K,376800,977,977,N/A',#VALOR!
Aadishakti Films,Aadishakti Films,Music & Dance,,13.3M,13300000,-,38.7K,38700,1.1K,1100,147,147
PicaPicaVEVO,Pica - Pica Oficial,Music & Dance,,9.7M,9700000,-,391.3K,391300,706,706,N/A',#VALOR!
Like Nastya PRT,Like Nastya PRT,,,20.5M,20500000,-,397.7K,397700,2.2K,2200,N/A',#VALOR!
قناة وناسة -  Wanasah TV,قناة وناسة -  Wanasah TV,Music & Dance,,10.1M,10100000,-,4.8M,4800000,34.8K,34800,N/A',#VALOR!
व्लाद और निकिता,व्लाद और निकिता,,,25.1M,25100000,-,400.8K,400800,3.4K,3400,N/A',#VALOR!
Morphle TV,Morphle TV,Animation,Toys,11.1M,11100000,-,401.5K,401500,N/A',#VALOR!,N/A',#VALOR!
Like Nastya VNM,Like Nastya VNM,,,14M,14000000,-,405.3K,405300,N/A',#VALOR!,N/A',#VALOR!
Nat and Essie,Nat and Essie,Toys,,11.7M,11700000,-,41.7K,41700,335,335,N/A',#VALOR!
Pinkfong en español - Canciones Infantiles,Pinkfong en español - Canciones Infantiles,Animation,,10.3M,10300000,-,41.7K,41700,195,195,N/A',#VALOR!
Wolfoo Family,Wolfoo Family,Animation,,11.9M,11900000,-,413.1K,413100,1.4K,1400,N/A',#VALOR!
ChuChuTV Hindi,ChuChuTV Hindi,Education,,10.3M,10300000,-,42.4K,42400,258,258,N/A',#VALOR!
Genevieve's Playhouse - Learning Videos for Kids,Genevieve's Playhouse - Learning Videos for Kids,Toys,,25.4M,25400000,-,420.6K,420600,1.8K,1800,N/A',#VALOR!
Planeta das Gêmeas,Planeta das Gêmeas,Toys,,14.7M,14700000,-,422.8K,422800,20.3K,20300,30,30
Morgz,Morgz,Video games,Humor,11.7M,11700000,-,424.6K,424600,11.4K,11400,1.5K,1500
Blippi Español,Blippi Español,Toys,Education,13.6M,13600000,-,441.5K,441500,1.9K,1900,N/A',#VALOR!
Jason Vlogs,Jason Vlogs,Animation,Toys,15.5M,15500000,-,449K,449000,2K,2000,N/A',#VALOR!
barbie,Barbie,,,10.9M,10900000,-,45.6K,45600,1K,1000,N/A',#VALOR!
Super JoJo - Nursery Rhymes & Kids Songs,Super JoJo - Nursery Rhymes & Kids Songs,Animation,,24.4M,24400000,-,459.3K,459300,2.8K,2800,N/A',#VALOR!
ChuChuTV Español,ChuChuTV Español,Humor,,9.9M,9900000,-,46.7K,46700,330,330,N/A',#VALOR!
SockeyeMedia,Mother Goose Club Playhouse,Music & Dance,,17.7M,17700000,-,46.9K,46900,89,89,N/A',#VALOR!
Dolly and Friends,Dolly and Friends,Animation,Toys,9.4M,9400000,-,47.2K,47200,312,312,N/A',#VALOR!
Kids TV - Nursery Rhymes And Baby Songs,Kids TV - Nursery Rhymes And Baby Songs,Animation,,20.2M,20200000,-,48.3K,48300,93,93,N/A',#VALOR!
CKN,CKN,Video games,Toys,18.2M,18200000,-,48.3K,48300,362,362,N/A',#VALOR!
pinkfongko,핑크퐁 (인기 동요・동화),Music & Dance,,10.7M,10700000,-,48.4K,48400,420,420,N/A',#VALOR!
Maria Clara & JP,Maria Clara & JP,,,32.6M,32600000,-,4M,4000000,35.4K,35400,N/A',#VALOR!
storybots,Netflix Jr.,Animation,Humor,11.2M,11200000,-,50.4K,50400,119,119,N/A',#VALOR!
Vlad and Niki PRT,Vlad and Niki PRT,,,10.4M,10400000,-,501.6K,501600,N/A',#VALOR!,N/A',#VALOR!
Masha e o Urso,Masha e o Urso,,,17M,17000000,-,501.8K,501800,3.3K,3300,N/A',#VALOR!
shfa2 - شفا,shfa2 - شفا,Daily vlogs,,35.2M,35200000,-,512K,512000,5K,5000,N/A',#VALOR!
Totoy kids - Español,Totoy kids - Español,Toys,,13.6M,13600000,-,513.8K,513800,2.6K,2600,N/A',#VALOR!
lucygerardi43,Luli Pampín,Music & Dance,Animation,11.1M,11100000,-,529.2K,529200,3.2K,3200,N/A',#VALOR!
DreamworksAnimation,Peacock Kids,Movies,Animation,9.4M,9400000,-,53.5K,53500,156,156,N/A',#VALOR!
WB Kids,WB Kids,Movies,Animation,21.8M,21800000,-,54.3K,54300,521,521,N/A',#VALOR!
TheElenaYa,Diana and Roma EN,Animation,Toys,17.7M,17700000,-,549K,549000,2.6K,2600,N/A',#VALOR!
Masha y el Oso,Masha y el Oso,Animation,,23.8M,23800000,-,567.3K,567300,3.6K,3600,N/A',#VALOR!
Biperysusamigos,Biper y sus Amigos,Music & Dance,,11.3M,11300000,-,59.4K,59400,N/A',#VALOR!,N/A',#VALOR!
Vlad and Niki ESP,Vlad and Niki ESP,Toys,,12.2M,12200000,-,590.3K,590300,3.1K,3100,N/A',#VALOR!
OficialPeppa,Peppa Pig em Português Brasil - Canal Oficial,Movies,Animation,12.3M,12300000,-,592.5K,592500,5.4K,5400,N/A',#VALOR!
Gaby and Alex,Gaby and Alex,Toys,,17M,17000000,-,61.7K,61700,181,181,N/A',#VALOR!
chotoonz,Chotoonz TV - Funny Cartoons for Kids,,,11M,11000000,-,62.1K,62100,N/A',#VALOR!,N/A',#VALOR!
Diana and Roma IND,Diana and Roma IND,,,10.8M,10800000,-,620.6K,620600,3.1K,3100,N/A',#VALOR!
El Reino a Jugar,El Reino a Jugar,Toys,Education,15.6M,15600000,-,627.9K,627900,2.3K,2300,N/A',#VALOR!
getmovies,Get Movies,,,40.2M,40200000,-,63.4K,63400,418,418,N/A',#VALOR!
Kids Play,Kids Play,,,15.7M,15700000,-,64.3K,64300,414,414,N/A',#VALOR!
BHOJPURIWAVE,Wave Music,Music & Dance,,52.7M,52700000,-,64.4K,64400,1.4K,1400,116,116
Wow Kidz,Wow Kidz,Animation,Humor,27.3M,27300000,-,66.6K,66600,587,587,N/A',#VALOR!
Like Nastya Stories,Like Nastya Stories,,,12.5M,12500000,-,67K,67000,571,571,N/A',#VALOR!
Jugnu Kids - Nursery Rhymes and Best Baby Songs,Jugnu Kids - Nursery Rhymes and Best Baby Songs,Animation,,9.6M,9600000,-,67K,67000,551,551,N/A',#VALOR!
Jugnu Kids - Nursery Rhymes and Best Baby Songs,Jugnu Kids - Nursery Rhymes and Best Baby Songs,Animation,,9.6M,9600000,-,67K,67000,551,551,N/A',#VALOR!
disneyjunior,Disney Junior,Music & Dance,,12.3M,12300000,-,69.6K,69600,235,235,N/A',#VALOR!
ماشا و الدب,ماشا و الدب,Animation,,11.9M,11900000,-,699.2K,699200,7.5K,7500,N/A',#VALOR!
lokdhuntv,Wave Music Bhakti,Music & Dance,,11.5M,11500000,-,7.5K,7500,127,127,11,11
Apple,Apple,,,15.9M,15900000,-,713.7K,713700,28.5K,28500,N/A',#VALOR!
O Canal do Joãozinho - Little Angel Português,O Canal do Joãozinho - Little Angel Português,Animation,,13.7M,13700000,-,735.7K,735700,5.2K,5200,N/A',#VALOR!
Little Angel Bahasa Indonesia - Lagu Anak,Little Angel Bahasa Indonesia - Lagu Anak,Music & Dance,Toys,9.4M,9400000,-,745.7K,745700,5.7K,5700,N/A',#VALOR!
Diana and Roma PRT,Diana and Roma PRT,,,9.4M,9400000,-,753.3K,753300,3.8K,3800,N/A',#VALOR!
Vlad and Niki Arabic,Vlad and Niki Arabic,,,19.2M,19200000,-,753K,753000,5.2K,5200,N/A',#VALOR!
Little Angel: Nursery Rhymes & Kids Songs,Little Angel: Nursery Rhymes & Kids Songs,Toys,,27.2M,27200000,-,764.1K,764100,4.4K,4400,N/A',#VALOR!
Ryan's World,Ryan's World,Animation,Toys,32.7M,32700000,-,767.4K,767400,3.5K,3500,N/A',#VALOR!
서은이야기[SeoeunStory],서은이야기[SeoeunStory],,,9.4M,9400000,-,77.3K,77300,443,443,N/A',#VALOR!
videogyan,Videogyan Nursery Rhymes - Kids Songs & Cartoons,Animation,,10.9M,10900000,-,77.5K,77500,395,395,N/A',#VALOR!
Like Nastya Show,Like Nastya Show,Animation,Toys,41.4M,41400000,-,79.3K,79300,657,657,N/A',#VALOR!
★ Kids Roma Show,★ Kids Roma Show,Animation,Toys,18.8M,18800000,-,827.3K,827300,4.4K,4400,N/A',#VALOR!
KatyPerryMusic,Katy Perry,Music & Dance,,43M,43000000,-,83.7K,83700,6.2K,6200,442,442
Kids Channel India - Hindi Rhymes and Baby Songs,Kids Channel India - Hindi Rhymes and Baby Songs,Education,,16.7M,16700000,-,86.6K,86600,620,620,N/A',#VALOR!
nickelodeonjuniorfr,Nick Jr.,Toys,,24.6M,24600000,-,87.3K,87300,302,302,N/A',#VALOR!
Smile Family,Smile Family,Animation,,22M,22000000,-,87.5K,87500,583,583,N/A',#VALOR!
toyorbabytv,toyorbabytv,Music & Dance,,19.4M,19400000,-,87.9K,87900,N/A',#VALOR!,N/A',#VALOR!
ReinoMariaElenaWalsh,El Reino Infantil,Music & Dance,,50.1M,50100000,-,89.1K,89100,600,600,N/A',#VALOR!
Vlad and Niki,Vlad and Niki,Toys,,83M,83000000,-,9.1M,9100000,45K,45000,N/A',#VALOR!
Влад и Никита,Влад и Никита,Toys,,10.7M,10700000,-,907.5K,907500,3.6K,3600,N/A',#VALOR!
Adriana Show,Adriana Show,Animation,Toys,9.4M,9400000,-,91.8K,91800,N/A',#VALOR!,N/A',#VALOR!
cartoonnetworkuk,Cartoon Network UK,,,9.3M,9300000,-,92K,92000,733,733,N/A',#VALOR!
BabyBus - Kids Songs and Cartoons,BabyBus - Kids Songs and Cartoons,Animation,Toys,28.9M,28900000,-,936.3K,936300,4.4K,4400,N/A',#VALOR!
Vlad và Nikita,Vlad và Nikita,Music & Dance,,24M,24000000,-,949.8K,949800,5.1K,5100,N/A',#VALOR!
infobellshindirhymes,Infobells - Hindi,Education,,44.3M,44300000,-,952.2K,952200,4.8K,4800,N/A',#VALOR!
theofficialpeppa,Peppa Pig - Official Channel,Toys,,27.7M,27700000,-,960.7K,960700,4.5K,4500,N/A',#VALOR!
MashaMedvedTV,Маша и Медведь,Education,,38M,38000000,-,984.1K,984100,6.6K,6600,N/A',#VALOR!
Little Angel Español - Canciones Infantiles,Little Angel Español - Canciones Infantiles,Animation,,17.3M,17300000,-,994.1K,994100,6.3K,6300,N/A',#VALOR!
TiempodeSol,Duo Tiempo De Sol,Music & Dance,,11.3M,11300000,-,99K,99000,357,357,N/A',#VALOR!
ArabGamesNetwork,شبكة العاب العرب | Arab Games Network,,,16.6M,16600000,Algeria,325.1K,325100,22.1K,22100,1.2K,1200
AlArabiya,AlArabiya العربية,News & Politics,,11.1M,11100000,Algeria,2.6K,2600,43,43,10,10
Oum Walid,Oum Walid,Education,,10.8M,10800000,Algeria,543.4K,543400,27.1K,27100,1.5K,1500
Rawan and Rayan,Rawan and Rayan,,,10.3M,10300000,Algeria,1.2M,1200000,75.8K,75800,22.8K,22800
RobleisIUTU,RobleisIUTU,Animation,Video games,17.1M,17100000,Argentina,1M,1000000,71.9K,71900,1.8K,1800
Bizarrap,Bizarrap,Music & Dance,Movies,14.3M,14300000,Argentina,23M,23000000,1.3M,1300000,68.8K,68800
#Refugio Mental,#Refugio Mental,Movies,,14.1M,14100000,Argentina,450.5K,450500,4.7K,4700,66,66
Alejo Igoa,Alejo Igoa,DIY & Life Hacks,,13.9M,13900000,Argentina,5M,5000000,201K,201000,16.1K,16100
telemundotv,Telemundo,,,13.3M,13300000,Argentina,33.4K,33400,374,374,15,15
elrubius,Rubius Z,Movies,Animation,11.5M,11500000,Argentina,1.7M,1700000,142.8K,142800,1.8K,1800
SOMOY TV,SOMOY TV,Daily vlogs,,15.7M,15700000,Bangladesh,7.9K,7900,161,161,11,11
Sony AATH,Sony AATH,,,15.5M,15500000,Bangladesh,108.3K,108300,1.6K,1600,57,57
Jamuna TV,Jamuna TV,News & Politics,,11.3M,11300000,Bangladesh,28.5K,28500,824,824,55,55
CanalKondZilla,Canal KondZilla,Music & Dance,,65.7M,65700000,Brazil,37.1K,37100,2.2K,2200,111,111
felipeneto,Felipe Neto,,,44.1M,44100000,Brazil,1.1M,1100000,126.2K,126200,1.6K,1600
vcsabiavideos,Você Sabia?,,,43M,43000000,Brazil,1.4M,1400000,133.7K,133700,2.1K,2100
luccasneto,LUCCAS NETO - LUCCAS TOON,Movies,Animation,37.5M,37500000,Brazil,467.9K,467900,12K,12000,N/A',#VALOR!
gr6explode,GR6 EXPLODE,Music & Dance,,37.4M,37400000,Brazil,64.5K,64500,4K,4000,110,110
rezendeevil,rezendeevil,Video games,,29.7M,29700000,Brazil,337.5K,337500,40.8K,40800,748,748
xSkyHeLLxx,Renato Garcia,Movies,Animation,25.2M,25200000,Brazil,812.3K,812300,87.2K,87200,1.2K,1200
davidguettavevo,David Guetta,Music & Dance,,24.2M,24200000,Brazil,137.6K,137600,6.8K,6800,249,249
mildicasdemulher,Erlania e Valentina Pontes,,,22.6M,22600000,Brazil,174K,174000,3.5K,3500,39,39
CanalCanalha,Canal Canalha,Sports,,20.7M,20700000,Brazil,870.8K,870800,136.2K,136200,1.4K,1400
AuthenticGames,AuthenticGames,Video games,,20.2M,20200000,Brazil,30.2K,30200,3.1K,3100,163,163
TheEnaldinhO,Enaldinho,,,19.8M,19800000,Brazil,353.7K,353700,22.4K,22400,373,373
Totoy kids - Português,Totoy kids - Português,Toys,,19.4M,19400000,Brazil,580.5K,580500,5K,5000,N/A',#VALOR!
Gusttavo Lima Oficial,Gusttavo Lima Oficial,Music & Dance,,19M,19000000,Brazil,79.5K,79500,6.6K,6600,200,200
RobinHoodGamer1,Robin Hood Gamer,Animation,Video games,18.8M,18800000,Brazil,1.1M,1100000,71.2K,71200,798,798
fatosdesconhecidos,Fatos Desconhecidos,Science & Technology,,18.8M,18800000,Brazil,72.4K,72400,9.7K,9700,764,764
DanielSaboya,Dan-Sa / Daniel Saboya,Music & Dance,Animation,18M,18000000,Brazil,28.4K,28400,1.2K,1200,18,18
portadosfundos,Porta dos Fundos,Movies,Animation,17.3M,17300000,Brazil,843.7K,843700,70.9K,70900,979,979
Rafa & Luiz,Rafa & Luiz,Video games,,16.4M,16400000,Brazil,379.6K,379600,22.8K,22800,645,645
iberethenorio,Manual do Mundo,Science & Technology,,16.3M,16300000,Brazil,437.1K,437100,42.5K,42500,611,611
DUDU e CAROL,DUDU e CAROL,,,16.1M,16100000,Brazil,1.2M,1200000,93.2K,93200,958,958
boyceavenue,Boyce Avenue,Music & Dance,,15.9M,15900000,Brazil,329.3K,329300,11.6K,11600,398,398
OGatoGalactico,Gato Galactico | GALÁXIA,Toys,,15.3M,15300000,Brazil,119.5K,119500,6.8K,6800,125,125
T3DDYgames,T3ddy,Daily vlogs,,14.9M,14900000,Brazil,845.2K,845200,88.7K,88700,1.9K,1900
IDEIAS INCRÍVEIS,IDEIAS INCRÍVEIS,,,14.7M,14700000,Brazil,12.2K,12200,249,249,5,5
hejproducao,Henrique e Juliano,Music & Dance,,14.7M,14700000,Brazil,50.5K,50500,1.9K,1900,19,19
LEGENDA FUNK,LEGENDA FUNK,Music & Dance,Animation,14.7M,14700000,Brazil,7.1K,7100,367,367,11,11
zncoficial,Zé Neto e Cristiano,Music & Dance,,14.6M,14600000,Brazil,32.7K,32700,2.3K,2300,51,51
jemproducoes,Jorge & Mateus Oficial,Music & Dance,,14.5M,14500000,Brazil,0,0,N/A',#VALOR!,N/A',#VALOR!
mkmusicnews,MK MUSIC,Music & Dance,,14.5M,14500000,Brazil,26.2K,26200,1.2K,1200,80,80
camilaloures,Camila Loures,Movies,Humor,14.1M,14100000,Brazil,346.2K,346200,28K,28000,587,587
inventonahoratv,Invento na Hora,,,14.1M,14100000,Brazil,1.1M,1100000,139K,139000,1.8K,1800
AM3NlC,AM3NlC,Food & Drinks,,13.9M,13900000,Brazil,193.3K,193300,22.2K,22200,240,240
MAIKI021,MAIKI021,Autos & Vehicles,,13.7M,13700000,Brazil,30K,30000,4.7K,4700,130,130
TazerCraft,TazerCraft,Animation,Video games,13.6M,13600000,Brazil,598.5K,598500,35.3K,35300,522,522
NOBRU,NOBRU,Video games,Toys,13.5M,13500000,Brazil,321K,321000,38.6K,38600,354,354
boplayhard,PlayHard,,,13.5M,13500000,Brazil,204.4K,204400,18.7K,18700,106,106
djzoi0,Everson Zoio,Movies,Animation,12.9M,12900000,Brazil,153.4K,153400,25K,25000,2.4K,2400
RedeTVhdBrasil,RedeTV,News & Politics,,12.9M,12900000,Brazil,3.6K,3600,118,118,5,5
O Que Não Dizer Oficial,O Que Não Dizer Oficial,,,12.9M,12900000,Brazil,298.2K,298200,38.8K,38800,373,373
#Refúgio Mental,#Refúgio Mental,,,12.7M,12700000,Brazil,197.7K,197700,6.1K,6100,45,45
einerdtv,Ei Nerd,Movies,Animation,12.7M,12700000,Brazil,291.4K,291400,44.5K,44500,1.3K,1300
canalparafernalha,Parafernalha,,,12.5M,12500000,Brazil,18.6K,18600,1.5K,1500,10,10
jazzghost1,Jazzghost,Animation,Video games,12.5M,12500000,Brazil,968.9K,968900,59.5K,59500,1.9K,1900
Juliana Baltar,Juliana Baltar,Toys,,12.5M,12500000,Brazil,192.4K,192400,12.8K,12800,550,550
Piuzinho,Piuzinho,Animation,Humor,12.5M,12500000,Brazil,298.1K,298100,53.3K,53300,691,691
Crescendo com Luluca,Crescendo com Luluca,Toys,,12.3M,12300000,Brazil,1.4M,1400000,66.1K,66100,6.3K,6300
Troom Troom PT,Troom Troom PT,Toys,,12.3M,12300000,Brazil,100.1K,100100,2.3K,2300,26,26
LOUD,LOUD,,,12.3M,12300000,Brazil,135K,135000,13.7K,13700,45,45
Bela Bagunça,Bela Bagunça,Toys,,12.3M,12300000,Brazil,59.7K,59700,2.5K,2500,110,110
EU FICO LOKO,EU FICO LOKO,,,11.9M,11900000,Brazil,11.8K,11800,1.1K,1100,15,15
FelipeViktor,LipaoGamer,Animation,Video games,11.4M,11400000,Brazil,91.9K,91900,6.8K,6800,118,118
Akon,Akon,Music & Dance,,11.4M,11400000,Brazil,117.5K,117500,8.6K,8600,516,516
Simone e Simaria,Simone e Simaria,Music & Dance,Movies,11.3M,11300000,Brazil,30.1K,30100,1.8K,1800,36,36
coisadenerd,Coisa de Nerd,Design/art,,11.1M,11100000,Brazil,499.7K,499700,62.3K,62300,1.6K,1600
Virgínia Fonseca,Virgínia Fonseca,Daily vlogs,,11.1M,11100000,Brazil,839.6K,839600,85.7K,85700,1.5K,1500
Bispo Bruno Leonardo,Bispo Bruno Leonardo,Music & Dance,,11M,11000000,Brazil,689.8K,689800,245.3K,245300,190.1K,190100
jpgameplayfull,JP Plays,Video games,,10.9M,10900000,Brazil,94.6K,94600,6.5K,6500,167,167
prantoniojunior,Pastor Antônio Júnior,Music & Dance,,10.9M,10900000,Brazil,314.6K,314600,78.2K,78200,7.5K,7500
GamesEduUu,Games EduUu,Movies,Toys,10.9M,10900000,Brazil,1.3M,1300000,202.1K,202100,6.2K,6200
brancoala,Brancoala,Toys,,10.7M,10700000,Brazil,459.4K,459400,11.4K,11400,288,288
5incominutos,5incominutos,,,10.7M,10700000,Brazil,146.5K,146500,25.7K,25700,1.2K,1200
francinyehlke,Franciny Ehlke,Fashion,Design/art,10.6M,10600000,Brazil,212.7K,212700,22.5K,22500,1K,1000
Playing with Rafael,Playing with Rafael,,,10.5M,10500000,Brazil,28.7K,28700,1.3K,1300,N/A',#VALOR!
sbtthenoite,The Noite com Danilo Gentili,,,10.5M,10500000,Brazil,14.5K,14500,773,773,28,28
Milena Stepanienco - MILENINHA,Milena Stepanienco - MILENINHA,Toys,,10.3M,10300000,Brazil,214.2K,214200,1.9K,1900,N/A',#VALOR!
MrGustavoParodias,Gustavo Paródias,,,10.2M,10200000,Brazil,605.5K,605500,41.2K,41200,60,60
TomorrowlandChannel,Tomorrowland,Music & Dance,,10.1M,10100000,Brazil,13.5K,13500,677,677,50,50
JessicaJulioeBaby,Laurinha e Helena - Clubinho da Laura,Movies,Animation,10.1M,10100000,Brazil,188.7K,188700,5K,5000,114,114
Lorrayne Oliveira,Lorrayne Oliveira,Toys,,10.1M,10100000,Brazil,525.2K,525200,26K,26000,979,979
Receitas de Pai,Receitas de Pai,Food & Drinks,,10.1M,10100000,Brazil,95.7K,95700,12.2K,12200,436,436
RUOK FF,RUOK FF,,,10M,10000000,Brazil,620.3K,620300,59.2K,59200,3.9K,3900
makebymarimaria,Mari Maria,Fashion,DIY & Life Hacks,9.9M,9900000,Brazil,85.9K,85900,7.7K,7700,479,479
mamilosmolengas,Mussoumano,Music & Dance,Animation,9.9M,9900000,Brazil,1.5M,1500000,71.9K,71900,4.7K,4700
panicopgm,Programa Panico,Toys,,9.9M,9900000,Brazil,19.7K,19700,949,949,29,29
BrPVPHu3,João Caetano,,,9.7M,9700000,Brazil,530.2K,530200,47.5K,47500,796,796
BETO GAMER,BETO GAMER,Animation,Video games,9.6M,9600000,Brazil,418.8K,418800,35.2K,35200,343,343
NetflixBRA,Netflix Brasil,,,9.6M,9600000,Brazil,29.5K,29500,2.4K,2400,107,107
Garena Free Fire Brasil,Garena Free Fire Brasil,Video games,,9.5M,9500000,Brazil,16.5K,16500,1.7K,1700,92,92
FutParódias,FutParódias,Music & Dance,,9.3M,9300000,Brazil,1.2M,1200000,96.2K,96200,1.5K,1500
brunoberti10,Irmãos Berti,Movies,Animation,9.3M,9300000,Brazil,90.9K,90900,6K,6000,249,249
NetflixBRA,Netflix Brasil,,,9.6M,9600000,Brazil,29.5K,29500,2.4K,2400,107,107
Garena Free Fire Brasil,Garena Free Fire Brasil,Video games,,9.5M,9500000,Brazil,16.5K,16500,1.7K,1700,92,92
NickyJamTV,NickyJamTV,Music & Dance,,23.1M,23100000,Colombia,33.2K,33200,1.9K,1900,72,72
Anuel AA,Anuel AA,Music & Dance,,22M,22000000,Colombia,7.1M,7100000,230.2K,230200,17.8K,17800
Sandra Cires Art,Sandra Cires Art,,,16.1M,16100000,Colombia,730.1K,730100,47.4K,47400,2K,2000
Camilo,Camilo,Music & Dance,,15.1M,15100000,Colombia,184.8K,184800,9.9K,9900,115,115
YOLO AVENTURAS,YOLO AVENTURAS,Daily vlogs,,12.9M,12900000,Colombia,1.4M,1400000,114.4K,114400,1.9K,1900
MrSirpirriplin,Ami Rodriguez,,,12.5M,12500000,Colombia,1.3M,1300000,124K,124000,379,379
Lulu99,Lulu99,,,11.9M,11900000,Colombia,226.3K,226300,16.1K,16100,1.4K,1400
DANIEL EL TRAVIESO VIDEOS,DANIEL EL TRAVIESO VIDEOS,Animation,Humor,11.6M,11600000,Colombia,1.2M,1200000,43.2K,43200,1.4K,1400
Sech,Sech,Music & Dance,,9.6M,9600000,Colombia,12.9K,12900,772,772,8,8
MrStiven Tc,MrStiven Tc,Video games,,9.5M,9500000,Colombia,359.6K,359600,36.1K,36100,174,174
MrStiven Tc,MrStiven Tc,Video games,,9.5M,9500000,Colombia,359.6K,359600,36.1K,36100,174,174
Ceylin - H Official,Ceylin - H Official,Music & Dance,,10.7M,10700000,Cyprus,18.4K,18400,N/A',#VALOR!,N/A',#VALOR!
enchufetv,enchufetv,Humor,,26M,26000000,Ecuador,309.1K,309100,25.2K,25200,106,106
حِرف إبداعية في 5 دقائق,حِرف إبداعية في 5 دقائق,,,15.1M,15100000,Egypt,41.7K,41700,479,479,20,20
حقائق وأسرار,حقائق وأسرار,,,14.5M,14500000,Egypt,21.5K,21500,1.1K,1100,64,64
MRamadanOfficial,Mohamed Ramadan I محمد رمضان,,,14.1M,14100000,Egypt,2.8M,2800000,52K,52000,3.2K,3200
Anasala I أنس و أصالة,Anasala I أنس و أصالة,,,14.1M,14100000,Egypt,3.5M,3500000,233.5K,233500,6.9K,6900
MBCMASR,MBC مصر,,,11.7M,11700000,Egypt,1.2K,1200,14,14,1,1
الجانب المُشرق | Bright Side Arabic,الجانب المُشرق | Bright Side Arabic,,,11.3M,11300000,Egypt,28.8K,28800,809,809,48,48
Troom Troom Arabic,Troom Troom Arabic,,,10.5M,10500000,Egypt,356.4K,356400,4.7K,4700,66,66
shfa,shfa,Daily vlogs,,35.6M,35600000,France,3.5M,3500000,50.9K,50900,N/A',#VALOR!
aMOODIEsqueezie,SQUEEZIE,,,17.1M,17100000,France,4.9M,4900000,429.7K,429700,5.5K,5500
NormanFaitDesVideos,NORMAN FAIT DES VIDÉOS,Animation,Humor,12.1M,12100000,France,1.6M,1600000,153.5K,153500,3.1K,3100
tseries,T-Series,Music & Dance,,217M,217000000,India,140.3K,140300,4.4K,4400,203,203
setindia,SET India,,,130.5M,130500000,India,26.2K,26200,358,358,22,22
zeemusiccompany,Zee Music Company,Music & Dance,,84.3M,84300000,India,61.6K,61600,2.5K,2500,137,137
5-Minute Crafts,5-Minute Crafts,,,76.8M,76800000,India,249.4K,249400,2.2K,2200,86,86
GoldminesTelefilms,Goldmines,,,71.4M,71400000,India,33.5K,33500,518,518,23,23
sabtv,Sony SAB,Movies,Animation,68.5M,68500000,India,34.5K,34500,659,659,18,18
BANGTANTV,BANGTANTV,Music & Dance,,68.2M,68200000,India,3.9M,3900000,720.8K,720800,15K,15000
zeetv,Zee TV,,,62.3M,62300000,India,78.3K,78300,1.1K,1100,12,12
filmigaane,Shemaroo Filmi Gaane,Music & Dance,,60.5M,60500000,India,43.5K,43500,461,461,28,28
colorstv,Colors TV,,,52.9M,52900000,India,15K,15000,326,326,5,5
tipsmusic,Tips Official,Music & Dance,,51.6M,51600000,India,210.6K,210600,1.8K,1800,54,54
aajtaktv,Aaj Tak,News & Politics,,51.5M,51500000,India,7K,7000,106,106,13,13
sonymusicindiaSME,Sony Music India,Music & Dance,,51.4M,51400000,India,110.6K,110600,3.7K,3700,155,155
tseriesbhakti,T-Series Bhakti Sagar,Music & Dance,,51.2M,51200000,India,24.4K,24400,833,833,46,46
yrf,YRF,Music & Dance,Movies,46.3M,46300000,India,1.2M,1200000,23.8K,23800,1.5K,1500
speedrecordss,Speed Records,Music & Dance,,40.4M,40400000,India,29.4K,29400,1.4K,1400,71,71
Voot Kids,Voot Kids,Movies,Animation,37.8M,37800000,India,1.4M,1400000,10.3K,10300,N/A',#VALOR!
ShemarooEnt,Shemaroo,,,37.7M,37700000,India,24.7K,24700,152,152,6,6
venus,Ishtar Music,Music & Dance,,37.1M,37100000,India,24.7K,24700,354,354,19,19
Jkk Entertainment,Jkk Entertainment,,,35.2M,35200000,India,4.9M,4900000,40.6K,40600,557,557
Goldmines Gaane Sune Ansune,Goldmines Gaane Sune Ansune,Music & Dance,,33.7M,33700000,India,41.5K,41500,379,379,18,18
Total Gaming,Total Gaming,,,32.8M,32800000,India,1M,1000000,117.4K,117400,4.9K,4900
abpnewstv,ABP NEWS,News & Politics,,32.8M,32800000,India,2.7K,2700,33,33,4,4
Desi Music Factory,Desi Music Factory,Music & Dance,,32.7M,32700000,India,10.5M,10500000,498.1K,498100,43.2K,43200
UltraHindi,Ultra Bollywood,,,32.5M,32500000,India,436.1K,436100,2.3K,2300,42,42
Geet MP3,Geet MP3,Music & Dance,,32.5M,32500000,India,10.4M,10400000,247K,247000,19.1K,19100
sonypalindia,Sony PAL,,,32M,32000000,India,7K,7000,55,55,7,7
tseriesapnapunjab,T-Series Apna Punjab,Music & Dance,,31.9M,31900000,India,24K,24000,1.1K,1100,59,59
KHANDESHI MOVIES,KHANDESHI MOVIES,,,31.7M,31700000,India,3.6M,3600000,31.6K,31600,529,529
IndiaTV,IndiaTV,News & Politics,,31.1M,31100000,India,8.3K,8300,168,168,12,12
erosentertainment,Eros Now Music,,,30.7M,30700000,India,15.3K,15300,403,403,12,12
MrBean,Mr Bean,,,30.6M,30600000,India,4.3M,4300000,145.3K,145300,9.5K,9500
tseriesoldisgold,Bollywood Classics,Music & Dance,,29.9M,29900000,India,37.5K,37500,759,759,34,34
rajshri,Rajshri,,,29.9M,29900000,India,16.3K,16300,135,135,7,7
SongsOfIndianCinema,Saregama Music,Music & Dance,,28.9M,28900000,India,27.9K,27900,840,840,45,45
WWRBhojpuri,Worldwide Records Bhojpuri,Music & Dance,,27.7M,27700000,India,71K,71000,1.7K,1700,104,104
Techno Gamerz,Techno Gamerz,,,27.2M,27200000,India,6.5M,6500000,377.8K,377800,21.5K,21500
PowerKids,PowerKids,Movies,Animation,27.1M,27100000,India,21.4K,21400,N/A',#VALOR!,N/A',#VALOR!
Round2hell,Round2hell,,,26.7M,26700000,India,33.9M,33900000,3.2M,3200000,146.5K,146500
MR. INDIAN HACKER,MR. INDIAN HACKER,,,26.2M,26200000,India,6.4M,6400000,561.2K,561200,21.6K,21600
zeenews,Zee News,News & Politics,,25.9M,25900000,India,29.7K,29700,723,723,49,49
adityamusic,Aditya Music,Music & Dance,,25.6M,25600000,India,37.6K,37600,1.3K,1300,34,34
1MILLION Dance Studio,1MILLION Dance Studio,,,25.4M,25400000,India,37.2K,37200,2.1K,2100,37,37
adityacinema,Aditya Movies,,,23.7M,23700000,India,18.3K,18300,355,355,19,19
Sandeep Maheshwari,Sandeep Maheshwari,Daily vlogs,,23M,23000000,India,1.2M,1200000,77.4K,77400,4K,4000
DjSnakeTV,DJ Snake,Music & Dance,,23M,23000000,India,0,0,972,972,15,15
ABP NEWS HINDI,ABP NEWS HINDI,News & Politics,,22.8M,22800000,India,1.1K,1100,13,13,2,2
Technical Guruji,Technical Guruji,,,22.2M,22200000,India,70.5K,70500,6.1K,6100,707,707
shemaroomovies,Shemaroo Movies,,,21.9M,21900000,India,12K,12000,78,78,3,3
VenusMovies,Venus Movies,,,21.8M,21800000,India,226.9K,226900,2K,2000,65,65
Crazy XYZ,Crazy XYZ,,,21.7M,21700000,India,5.3M,5300000,371.3K,371300,18.2K,18200
Goldmines Bollywood,Goldmines Bollywood,,,21.7M,21700000,India,14.1K,14100,119,119,6,6
WHBBP,White Hill Music,Music & Dance,,21.5M,21500000,India,26.6K,26600,1.4K,1400,49,49
The Lallantop,The Lallantop,News & Politics,,21.5M,21500000,India,14.1K,14100,352,352,53,53
hamaarbhojiwood,Wave Music Bhojpuri,Music & Dance,,21.2M,21200000,India,14K,14000,240,240,30,30
5-Minute Crafts DIY,5-Minute Crafts DIY,Music & Dance,,20.8M,20800000,India,23.3K,23300,420,420,15,15
goldmineshindi,Goldmines Movies,,,20.6M,20600000,India,8.1K,8100,80,80,5,5
PenIndiaPvtLimited,Pen Movies,,,20.6M,20600000,India,1.4M,1400000,70.8K,70800,2.7K,2700
Goldmines Cineplex,Goldmines Cineplex,,,20.2M,20200000,India,9.1K,9100,97,97,5,5
HaerteTest,HaerteTest,,,20M,20000000,India,27.9K,27900,211,211,19,19
5-Minute Crafts PLAY,5-Minute Crafts PLAY,,,19.8M,19800000,India,47.1K,47100,274,274,16,16
starplus,StarPlus,,,19.6M,19600000,India,120.2K,120200,3K,3000,37,37
UltraMovieParlour,Ultra Movie Parlour,,,19.5M,19500000,India,2M,2000000,19.5K,19500,363,363
MrVivekBindra,Dr. Vivek Bindra: Motivational Speaker,Education,,19.2M,19200000,India,602.2K,602200,30.2K,30200,1.5K,1500
Crafty Panda,Crafty Panda,Music & Dance,,19.1M,19100000,India,47.3K,47300,450,450,13,13
DLS News,DLS News,News & Politics,,19M,19000000,India,72.6K,72600,2.3K,2300,130,130
sonotekvideo,Sonotek,Music & Dance,,18.2M,18200000,India,25.6K,25600,775,775,139,139
Netflix India,Netflix India,,,18.1M,18100000,India,127.5K,127500,4.8K,4800,141,141
Sun TV,Sun TV,,,17.8M,17800000,India,82.4K,82400,1.5K,1500,23,23
Emiway Bantai,Emiway Bantai,Music & Dance,,17.8M,17800000,India,5.6M,5600000,495K,495000,122.7K,122700
FactTechz,FactTechz,,,17.5M,17500000,India,386.1K,386100,38.5K,38500,789,789
A_S Gaming,A_S Gaming,,,17.5M,17500000,India,589.7K,589700,62.9K,62900,1.4K,1400
Stubborn Facts,Stubborn Facts,,,17.3M,17300000,India,0,0,N/A',#VALOR!,N/A',#VALOR!
STARVIJAY,Vijay Television,,,17.1M,17100000,India,365.4K,365400,8K,8000,110,110
etvteluguindia,etvteluguindia,,,17.1M,17100000,India,27.4K,27400,284,284,1,1
Village Cooking Channel,Village Cooking Channel,,,17M,17000000,India,6.2M,6200000,208.7K,208700,4.6K,4600
Khan GS Research Centre,Khan GS Research Centre,Education,,16.4M,16400000,India,7.5M,7500000,490.2K,490200,21.8K,21800
Triggered Insaan,Triggered Insaan,Humor,,16.1M,16100000,India,3.8M,3800000,401.3K,401300,14.7K,14700
Prajapati News,Prajapati News,,,16.1M,16100000,India,29.3K,29300,1.4K,1400,56,56
Aayu and Pihu Show,Aayu and Pihu Show,Movies,Humor,15.7M,15700000,India,3M,3000000,76.2K,76200,6.2K,6200
Goldmines Great Indian Comedy,Goldmines Great Indian Comedy,,,15.7M,15700000,India,14.5K,14500,189,189,10,10
rkddigital,RKD Studios,,,15.6M,15600000,India,22.3K,22300,478,478,28,28
indiancomedy,Shemaroo Comedy,,,15.3M,15300000,India,50.6K,50600,511,511,16,16
wifistudy,wifistudy,Education,,15.3M,15300000,India,7.5K,7500,529,529,10,10
popchartbusters,Pop Chartbusters,Music & Dance,,15.3M,15300000,India,7K,7000,172,172,11,11
Sourav Joshi Vlogs,Sourav Joshi Vlogs,Daily vlogs,,15.3M,15300000,India,6.1M,6100000,545.6K,545600,16.8K,16800
LOKESH GAMER,LOKESH GAMER,,,15M,15000000,India,554.6K,554600,64.2K,64200,2K,2000
SriBalajiMovies,SriBalajiMovies,,,14.9M,14900000,India,7.9K,7900,90,90,2,2
News24page,News24,News & Politics,,14.9M,14900000,India,3.1K,3100,63,63,8,8
newvolgavideo,Volga Video,,,14.7M,14700000,India,4.3K,4300,42,42,2,2
Harsh Beniwal,Harsh Beniwal,Movies,Humor,14.7M,14700000,India,15.7M,15700000,1.7M,1700000,91K,91000
laharimusic,Lahari Music | T-Series,Music & Dance,,14.5M,14500000,India,12.3K,12300,464,464,15,15
ndtvindia,NDTV India,News & Politics,,14.5M,14500000,India,11.5K,11500,296,296,32,32
Dushyant kukreja,Dushyant kukreja,,,14.4M,14400000,India,5.5M,5500000,316.4K,316400,873,873
bbchindi,BBC News Hindi,News & Politics,,14.3M,14300000,India,159K,159000,N/A',#VALOR!,315,315
BollywoodClassics,Bollywood Classics,Music & Dance,,14.2M,14200000,India,16.8K,16800,185,185,8,8
Gyan Gamingㅤ,Gyan Gamingㅤ,,,14.2M,14200000,India,475.9K,475900,51.9K,51900,750,750
And TV,And TV,,,14.2M,14200000,India,3K,3000,111,111,1,1
TeamFilmsBhojpuri,Team Films Bhojpuri,Music & Dance,Movies,14.1M,14100000,India,19.9K,19900,473,473,88,88
narendramodionline,NMF News,News & Politics,,14.1M,14100000,India,10K,10000,246,246,29,29
News18 India,News18 India,News & Politics,,13.9M,13900000,India,4.3K,4300,70,70,4,4
A2 Motivation by {Arvind Arora},A2 Motivation by {Arvind Arora},,,13.9M,13900000,India,501.8K,501800,60.7K,60700,300,300
Dangal TV Channel,Dangal TV Channel,,,13.8M,13800000,India,40.5K,40500,314,314,6,6
Sidhu Moose Wala,Sidhu Moose Wala,Music & Dance,,13.8M,13800000,India,1.7M,1700000,118.5K,118500,4.9K,4900
fcbarcelona,FC Barcelona,Sports,,13.5M,13500000,India,92.8K,92800,6.9K,6900,213,213
Online Job,Online Job,,,13.3M,13300000,India,7.8K,7800,315,315,39,39
MazhavilManorama,Mazhavil Manorama,,,13.3M,13300000,India,17.6K,17600,276,276,7,7
ZEE5,ZEE5,,,13.3M,13300000,India,1K,1000,26,26,N/A',#VALOR!
Taarak Mehta Ka Ooltah Chashmah,Taarak Mehta Ka Ooltah Chashmah,,,13.2M,13200000,India,498.8K,498800,7.8K,7800,179,179
MyMissAnand,MyMissAnand,Movies,Humor,13.1M,13100000,India,1.5M,1500000,47.1K,47100,N/A',#VALOR!
iloveindianmakeup,Anaysa,Humor,,13.1M,13100000,India,998.9K,998900,36.9K,36900,950,950
5-Minute Crafts Recycle,5-Minute Crafts Recycle,,,13.1M,13100000,India,56.3K,56300,565,565,13,13
Desi Gamers,Desi Gamers,,,13M,13000000,India,890.5K,890500,121.9K,121900,7.3K,7300
MY FAMILY,MY FAMILY,,,12.9M,12900000,India,5.7M,5700000,25K,25000,282,282
Dan Rhodes,Dan Rhodes,Animation,Toys,12.9M,12900000,India,441K,441000,37.1K,37100,304,304
ETV Jabardasth,ETV Jabardasth,,,12.9M,12900000,India,121K,121000,1.9K,1900,42,42
SRKASSAMESE,SRK MUSIC,Music & Dance,,12.9M,12900000,India,45.7K,45700,1.4K,1400,91,91
LIV Crime,LIV Crime,Daily vlogs,,12.8M,12800000,India,81.2K,81200,1K,1000,54,54
Health Time,Health Time,Daily vlogs,,12.7M,12700000,India,2.3K,2300,91,91,N/A',#VALOR!
zeetvtelugu,Zee Telugu,,,12.7M,12700000,India,75.6K,75600,936,936,9,9
NishaMadhulika,Nisha Madhulika,Food & Drinks,,12.6M,12600000,India,222.1K,222100,5.4K,5400,804,804
Knowledge Tv हिन्दी,Knowledge Tv हिन्दी,Education,,12.5M,12500000,India,99.2K,99200,4K,4000,161,161
Busy Fun Ltd,Busy Fun Ltd,,,12.5M,12500000,India,23.7M,23700000,86.1K,86100,981,981
tseriesregional,T-Series Regional,Music & Dance,,12.5M,12500000,India,3.8K,3800,81,81,11,11
Dear Sir,Dear Sir,Education,,12.3M,12300000,India,71.7K,71700,10.7K,10700,341,341
zeebangla,Zee Bangla,,,12.3M,12300000,India,27.3K,27300,333,333,4,4
hamaarbhojpuri,T-Series Hamaar Bhojpuri,Music & Dance,,12.3M,12300000,India,19.1K,19100,386,386,44,44
The MriDul,The MriDul,,,12.3M,12300000,India,7.3M,7300000,296.8K,296800,13.4K,13400
StudyIQ IAS,StudyIQ IAS,Education,,12.3M,12300000,India,11.7K,11700,566,566,12,12
JOJO TV - Hindi Stories,JOJO TV - Hindi Stories,,,12.1M,12100000,India,141.8K,141800,842,842,N/A',#VALOR!
Kabita's Kitchen,Kabita's Kitchen,,,12.1M,12100000,India,162.7K,162700,5.4K,5400,427,427
Mythpat,Mythpat,,,12.1M,12100000,India,4M,4000000,241.8K,241800,10.8K,10800
Blockbuster Movies,Blockbuster Movies,Daily vlogs,,12.1M,12100000,India,113.8K,113800,1K,1000,22,22
officialjassrecords,Jass Records,Music & Dance,,12.1M,12100000,India,8.9K,8900,674,674,13,13
Troom Troom India,Troom Troom India,,,12.1M,12100000,India,367.2K,367200,3.1K,3100,44,44
Sony Music South,Sony Music South,Music & Dance,,12M,12000000,India,228.2K,228200,3.8K,3800,148,148
thinkmusicindia,Think Music India,Music & Dance,,12M,12000000,India,54.4K,54400,2.6K,2600,96,96
Planet Earth INDIA,Planet Earth INDIA,Daily vlogs,,11.9M,11900000,India,28.6K,28600,1.9K,1900,159,159
Panda,Panda,Animation,Toys,11.9M,11900000,India,1.1M,1100000,116.6K,116600,4.6K,4600
ndtv,NDTV,News & Politics,,11.9M,11900000,India,3.4K,3400,49,49,11,11
Trakin Tech,Trakin Tech,News & Politics,,11.8M,11800000,India,198.8K,198800,14.9K,14900,642,642
CHHOTU KI MASTI,CHHOTU KI MASTI,,,11.7M,11700000,India,2.1M,2100000,19.9K,19900,376,376
htbhakti,Sonotek Bhakti,Music & Dance,,11.7M,11700000,India,115.4K,115400,159,159,64,64
TsMadaan,TsMadaan,Education,,11.7M,11700000,India,14.8K,14800,1.2K,1200,11,11
Koo Koo TV - Hindi,Koo Koo TV - Hindi,,,11.7M,11700000,India,470.8K,470800,4.9K,4900,140,140
Narendra Modi,Narendra Modi,Science & Technology,News & Politics,11.4M,11400000,India,24.9K,24900,1.1K,1100,91,91
Hero Movies 2022,Hero Movies 2022,Daily vlogs,,11.3M,11300000,India,49.7K,49700,489,489,12,12
Free Fire India Official,Free Fire India Official,Animation,,11.3M,11300000,India,84.9K,84900,9.6K,9600,324,324
Technology Gyan,Technology Gyan,,,11.2M,11200000,India,277.9K,277900,25.7K,25700,1.2K,1200
Ajay Sharma,Ajay Sharma,,,11.2M,11200000,India,2M,2000000,107.3K,107300,242,242
hawkrecord,Single Track Studio,Music & Dance,,11.2M,11200000,India,336K,336000,3.4K,3400,130,130
MaJa Tv Hindi Stories,MaJa Tv Hindi Stories,,,11.2M,11200000,India,518.7K,518700,5.5K,5500,110,110
CarryisLive,CarryisLive,,,11.1M,11100000,India,1M,1000000,82.8K,82800,722,722
TheViralFeverVideos,The Viral Fever,Movies,Humor,11.1M,11100000,India,302.4K,302400,18.2K,18200,193,193
Gulshan Kalra,Gulshan Kalra,,,11.1M,11100000,India,4.3M,4300000,324.2K,324200,327,327
BakLol Video,BakLol Video,Movies,Humor,11.1M,11100000,India,1.7M,1700000,32.6K,32600,1K,1000
Mo Vlogs,Mo Vlogs,Humor,Autos & Vehicles,11M,11000000,India,295.5K,295500,14K,14000,1.1K,1100
bharatzkitchen HINDI,bharatzkitchen HINDI,,,11M,11000000,India,245.2K,245200,5.7K,5700,217,217
TV9 Bharatvarsh,TV9 Bharatvarsh,News & Politics,,11M,11000000,India,7.7K,7700,145,145,6,6
Republic Bharat,Republic Bharat,News & Politics,,11M,11000000,India,8K,8000,149,149,18,18
Pari's Lifestyle,Pari's Lifestyle,Daily vlogs,,11M,11000000,India,1.6M,1600000,21.1K,21100,521,521
Levinho,Levinho,,,10.9M,10900000,India,239K,239000,23.2K,23200,564,564
Pragati Verma Shorts,Pragati Verma Shorts,,,10.9M,10900000,India,2.2M,2200000,133.5K,133500,1.8K,1800
telugufilmnagar,Telugu Filmnagar,,,10.7M,10700000,India,3K,3000,60,60,1,1
NEXT9NEWS हर खबर आप तक,NEXT9NEWS हर खबर आप तक,News & Politics,,10.7M,10700000,India,2.8K,2800,21,21,1,1
OfficiallyAnneMarie,Anne-Marie,Music & Dance,,10.7M,10700000,India,50.8K,50800,3.9K,3900,183,183
Flowers Comedy,Flowers Comedy,,,10.7M,10700000,India,98.3K,98300,1.3K,1300,105,105
KapilComedyNights,Colors Rishtey,,,10.6M,10600000,India,5.8K,5800,87,87,2,2
sagahits,SagaHits,Music & Dance,,10.6M,10600000,India,194.1K,194100,997,997,53,53
zeetamil,Zee Tamil,,,10.5M,10500000,India,60.3K,60300,734,734,7,7
TWO SIDE GAMERS,TWO SIDE GAMERS,,,10.5M,10500000,India,844.5K,844500,78.6K,78600,4.1K,4100
Rachit Rojha,Rachit Rojha,,,10.5M,10500000,India,5.3M,5300000,127.6K,127600,4.1K,4100
Captain Watch Hits,Captain Watch Hits,,,10.5M,10500000,India,10.4K,10400,69,69,4,4
N1Noobtubers,웃웃TwinsFromRussia,Daily vlogs,,10.5M,10500000,India,59.4K,59400,3.2K,3200,21,21
Pen Multiplex,Pen Multiplex,,,10.5M,10500000,India,11.7K,11700,86,86,4,4
RDCGujarati,RDC Gujarati,Music & Dance,,10.4M,10400000,India,27.4K,27400,888,888,19,19
Sab Kuchh Sekho Jano,Sab Kuchh Sekho Jano,News & Politics,,10.3M,10300000,India,18.4K,18400,1K,1000,45,45
WAMIndiaMovies,Wamindia Movies,,,10.3M,10300000,India,10.7K,10700,137,137,6,6
Hindi Fairy Tales,Hindi Fairy Tales,,,10.3M,10300000,India,412.3K,412300,6.9K,6900,N/A',#VALOR!
rathorvideo,Rathore Cassettes,,,10.1M,10100000,India,8K,8000,86,86,6,6
Hindi Countdown,Hindi Countdown,Education,,10.1M,10100000,India,4M,4000000,99.7K,99700,2.2K,2200
Hindi Kahaniya,Hindi Kahaniya,,,10.1M,10100000,India,120.5K,120500,1.5K,1500,42,42
Heroine Movies 2022,Heroine Movies 2022,Daily vlogs,,10.1M,10100000,India,149.6K,149600,926,926,19,19
Dynamo Gaming,Dynamo Gaming,,,10.1M,10100000,India,327.4K,327400,38.5K,38500,171,171
sadhguru,Sadhguru,Movies,,10.1M,10100000,India,126K,126000,7K,7000,145,145
ChennaiExp2013,Red Chillies Entertainment,,,10.1M,10100000,India,43.1K,43100,1.6K,1600,92,92
Comedy Captain,Comedy Captain,,,10M,10000000,India,19.7K,19700,132,132,3,3
5-Minute Recipes,5-Minute Recipes,,,10M,10000000,India,61.9K,61900,642,642,17,17
timesmusicindia,Times Music,Music & Dance,,9.9M,9900000,India,14.4K,14400,564,564,31,31
shrutiarjunanand,Shruti Arjun Anand,Movies,Humor,9.9M,9900000,India,690.8K,690800,19.4K,19400,549,549
Indore Physical Academy,Indore Physical Academy,,,9.8M,9800000,India,173.1K,173100,14.4K,14400,207,207
sonyliv,SonyLIV,,,9.8M,9800000,India,3.7K,3700,74,74,5,5
Eagle Home Entertainments,Eagle Home Entertainments,,,9.8M,9800000,India,1K,1000,11,11,N/A',#VALOR!
Marta and Rustam,Marta and Rustam,,,9.7M,9700000,India,7.9M,7900000,224.3K,224300,206,206
Oneindia Hindi | वनइंडिया हिंदी,Oneindia Hindi | वनइंडिया हिंदी,News & Politics,,9.7M,9700000,India,1.5K,1500,24,24,1,1
CS Bisht Vines,CS Bisht Vines,,,9.7M,9700000,India,4.9M,4900000,39.6K,39600,815,815
Sonotek Haryanvi,Sonotek Haryanvi,Music & Dance,,9.7M,9700000,India,7.2K,7200,245,245,23,23
aanandaaudio,Anand Audio,,,9.7M,9700000,India,81.5K,81500,3.1K,3100,98,98
Dharma Productions,Dharma Productions,,,9.6M,9600000,India,34.9K,34900,1.7K,1700,131,131
DRJ Records Specials,DRJ Records Specials,,,9.6M,9600000,India,28.1K,28100,110,110,5,5
bhaktisongs,Shemaroo Bhakti,Music & Dance,,9.6M,9600000,India,917,917,14,14,1,1
mainaCassette,Haryanvi Maina,Music & Dance,,9.6M,9600000,India,7.9K,7900,77,77,4,4
123 GO! Hindi,123 GO! Hindi,,,9.6M,9600000,India,819K,819000,6.3K,6300,76,76
danceindiadance,Dance India Dance,,,9.6M,9600000,India,4.7K,4700,80,80,5,5
5-Minute Crafts TEENS,5-Minute Crafts TEENS,,,9.6M,9600000,India,20.4K,20400,304,304,13,13
FilterCopy,FilterCopy,,,9.5M,9500000,India,667.2K,667200,19.6K,19600,208,208
sonotektv,Sonotek Music,Music & Dance,,9.5M,9500000,India,38.9K,38900,1.1K,1100,50,50
VYRLOriginals,VYRLOriginals,Music & Dance,,9.4M,9400000,India,6.1M,6100000,83.7K,83700,3.1K,3100
chetakvideo,Chetak,Music & Dance,,9.4M,9400000,India,17.7K,17700,294,294,9,9
Bhojpuri Movies,Bhojpuri Movies,,,9.4M,9400000,India,4.5K,4500,56,56,3,3
CricketICC,ICC,Sports,,9.3M,9300000,India,10.8K,10800,340,340,27,27
FilterCopy,FilterCopy,,,9.5M,9500000,India,667.2K,667200,19.6K,19600,208,208
sonotektv,Sonotek Music,Music & Dance,,9.5M,9500000,India,38.9K,38900,1.1K,1100,50,50
Ricis Official,Ricis Official,Music & Dance,Humor,30.3M,30300000,Indonesia,592.4K,592400,38.9K,38900,1.1K,1100
AH,AH,Music & Dance,Movies,29.7M,29700000,Indonesia,646.3K,646300,34.4K,34400,2.1K,2100
Jess No Limit,Jess No Limit,Movies,Animation,24.8M,24800000,Indonesia,594.2K,594200,25.3K,25300,1.6K,1600
Rans Entertainment,Rans Entertainment,Music & Dance,Humor,23.8M,23800000,Indonesia,873.6K,873600,28.3K,28300,852,852
TRANS7indonesia,TRANS7 OFFICIAL,Food & Drinks,,23M,23000000,Indonesia,7K,7000,124,124,11,11
Frost Diamond,Frost Diamond,Music & Dance,Video games,21.8M,21800000,Indonesia,358K,358000,25.1K,25100,1.2K,1200
Baim Paula,Baim Paula,Music & Dance,,20.6M,20600000,Indonesia,1.1M,1100000,43.5K,43500,2.6K,2600
NewAFI2013,Indosiar,Music & Dance,,20M,20000000,Indonesia,11.8K,11800,187,187,15,15
corbuzierprediction,Deddy Corbuzier,,,18.8M,18800000,Indonesia,2.3M,2300000,53.5K,53500,8.1K,8100
kbsworld,KBS WORLD TV,,,18M,18000000,Indonesia,4.9K,4900,165,165,6,6
GEN HALILINTAR,GEN HALILINTAR,Music & Dance,Humor,18M,18000000,Indonesia,135.7K,135700,5.2K,5200,182,182
MiawAug,MiawAug,Video games,,17.8M,17800000,Indonesia,919.6K,919600,49.5K,49500,3.5K,3500
Naisa Alifia Yuriza (N.A.Y),Naisa Alifia Yuriza (N.A.Y),Music & Dance,Humor,17.6M,17600000,Indonesia,453.1K,453100,12.3K,12300,608,608
SCTVIndonesia,Surya Citra Televisi (SCTV),Music & Dance,Humor,17.5M,17500000,Indonesia,14.4K,14400,273,273,21,21
tanboy kun,tanboy kun,Music & Dance,,16.1M,16100000,Indonesia,2.4M,2400000,64.6K,64600,2.4K,2400
lescopaque,Les' Copaque Production,,,16M,16000000,Indonesia,31.7K,31700,394,394,39,39
TRANSTVofficial,TRANS TV Official,Music & Dance,,15.9M,15900000,Indonesia,622,622,8,8,1,1
Dyland PROS,Dyland PROS,Movies,Animation,15.5M,15500000,Indonesia,110.7K,110700,6.5K,6500,394,394
RCTI - LAYAR DRAMA INDONESIA,RCTI - LAYAR DRAMA INDONESIA,Music & Dance,Humor,15.1M,15100000,Indonesia,14.7K,14700,289,289,14,14
Kerajinan 5-Menit,Kerajinan 5-Menit,Music & Dance,,15.1M,15100000,Indonesia,19K,19000,174,174,9,9
Daftar Populer,Daftar Populer,News & Politics,,14.5M,14500000,Indonesia,112.9K,112900,2.3K,2300,165,165
Mobile Legends: Bang Bang Official,Mobile Legends: Bang Bang Official,Movies,Animation,14.4M,14400000,Indonesia,53.4K,53400,1.1K,1100,50,50
Arif muhammad,Arif muhammad,Music & Dance,Movies,14.3M,14300000,Indonesia,2.9M,2900000,79.9K,79900,2.7K,2700
MNCTVOfficial,MNCTV OFFICIAL,Music & Dance,,13.7M,13700000,Indonesia,3.5K,3500,86,86,2,2
The Shiny Peanut,The Shiny Peanut,,,12.9M,12900000,Indonesia,24.1K,24100,485,485,36,36
BUDI01 GAMING,BUDI01 GAMING,Video games,Humor,12.5M,12500000,Indonesia,594.9K,594900,60K,60000,4K,4000
awakeningrecords,Awakening Music,Music & Dance,,12.5M,12500000,Indonesia,21K,21000,1.8K,1800,57,57
Troom Troom Indonesia,Troom Troom Indonesia,Toys,Humor,11.9M,11900000,Indonesia,452.6K,452600,4.1K,4100,134,134
KompasTVNews,KOMPASTV,News & Politics,,11.8M,11800000,Indonesia,2.5K,2500,19,19,6,6
Yudist Ardhana,Yudist Ardhana,Movies,,11.7M,11700000,Indonesia,281.1K,281100,9.1K,9100,343,343
TwinRoozi 쌍둥이 루지,TwinRoozi 쌍둥이 루지,Daily vlogs,,10.3M,10300000,Indonesia,74.7K,74700,N/A',#VALOR!,N/A',#VALOR!
T-STUDIO,T-STUDIO,,,10.1M,10100000,Indonesia,60.3K,60300,1.9K,1900,2,2
Islam Populer,Islam Populer,Education,,10M,10000000,Indonesia,62.7K,62700,1.8K,1800,232,232
Raditya Dika,Raditya Dika,Food & Drinks,,9.8M,9800000,Indonesia,223.1K,223100,7.9K,7900,405,405
hasanjr11,hasanjr11,,,9.8M,9800000,Indonesia,8.9K,8900,573,573,27,27
SULE PRODUCTIONS,SULE PRODUCTIONS,,,9.5M,9500000,Indonesia,369K,369000,13.2K,13200,271,271
efdewe,efdewe,Music & Dance,Video games,9.5M,9500000,Indonesia,211.8K,211800,10.7K,10700,659,659
Nihongo Mantappu,Nihongo Mantappu,Music & Dance,Humor,9.5M,9500000,Indonesia,1.8M,1800000,90.9K,90900,3.1K,3100
monsta,Monsta,,,9.5M,9500000,Indonesia,43K,43000,813,813,N/A',#VALOR!
LetDa Hyper,LetDa Hyper,Music & Dance,Video games,9.4M,9400000,Indonesia,142.4K,142400,7.4K,7400,510,510
NessieJudge,Nessie Judge,,,9.4M,9400000,Indonesia,476.9K,476900,28.9K,28900,878,878
CNNindonesia,CNN Indonesia,News & Politics,,9.3M,9300000,Indonesia,4.6K,4600,49,49,14,14
SULE PRODUCTIONS,SULE PRODUCTIONS,,,9.5M,9500000,Indonesia,369K,369000,13.2K,13200,271,271
efdewe,efdewe,Music & Dance,Video games,9.5M,9500000,Indonesia,211.8K,211800,10.7K,10700,659,659
Nihongo Mantappu,Nihongo Mantappu,Music & Dance,Humor,9.5M,9500000,Indonesia,1.8M,1800000,90.9K,90900,3.1K,3100
monsta,Monsta,,,9.5M,9500000,Indonesia,43K,43000,813,813,N/A',#VALOR!
AboFlah,AboFlah,Animation,Video games,25.5M,25500000,Iraq,3.9M,3900000,597.9K,597900,25.7K,25700
Noor Stars,Noor Stars,Movies,Humor,19.4M,19400000,Iraq,1.8M,1800000,142.5K,142500,8.7K,8700
musicalrmastv,الـريماس - Al-Remas,Music & Dance,,16.7M,16700000,Iraq,7.2K,7200,1.3K,1300,29,29
Narins Beauty,Narins Beauty,,,13.3M,13300000,Iraq,1.9M,1900000,143.9K,143900,6.2K,6200
أترو/Atro,أترو/Atro,,,12.5M,12500000,Iraq,449.2K,449200,62.8K,62800,5.5K,5500
Melon City Show - برنامج ولاية بطيخ,Melon City Show - برنامج ولاية بطيخ,,,12.3M,12300000,Iraq,170.8K,170800,11.9K,11900,251,251
Star Casablanca | نجوم الدار البيضاء,Star Casablanca | نجوم الدار البيضاء,Music & Dance,,11.3M,11300000,Iraq,34.8K,34800,1.6K,1600,145,145
منوعات الكوميديا العراقية,منوعات الكوميديا العراقية,,,9.7M,9700000,Iraq,1.6M,1600000,84.8K,84800,1.8K,1800
Bessan Ismail - بيسان اسماعيل,Bessan Ismail - بيسان اسماعيل,,,9.5M,9500000,Iraq,1.4M,1400000,133K,133000,11.1K,11100
Bessan Ismail - بيسان اسماعيل,Bessan Ismail - بيسان اسماعيل,,,9.5M,9500000,Iraq,1.4M,1400000,133K,133000,11.1K,11100
Junya Official Channel,Junya Official Channel,,,16.1M,16100000,Japan,399K,399000,5.7K,5700,38,38
HikakinTV,HikakinTV,Music & Dance,Humor,10.7M,10700000,Japan,1.5M,1500000,40.3K,40300,1.9K,1900
0214mex,はじめしゃちょー（hajime）,Music & Dance,Humor,10.3M,10300000,Japan,1.3M,1300000,30.9K,30900,1.4K,1400
MBCkpop,MBCkpop,Music & Dance,,9.9M,9900000,Malaysia,4.6K,4600,275,275,11,11
JuegaGerman,JuegaGerman,Animation,Video games,45.9M,45900000,Mexico,1.5M,1500000,178.7K,178700,3K,3000
Badabun,Badabun,,,45.5M,45500000,Mexico,5.7K,5700,247,247,10,10
Bad Bunny,Bad Bunny,Music & Dance,Movies,41M,41000000,Mexico,97.5M,97500000,2M,2000000,54.8K,54800
LuisitoComunicaa,Luisito Comunica,,,39M,39000000,Mexico,2.1M,2100000,70.6K,70600,2.9K,2900
Kimberly Loaiza,Kimberly Loaiza,Daily vlogs,,36.8M,36800000,Mexico,9.7M,9700000,780.4K,780400,59.2K,59200
vegetta777,VEGETTA777,Video games,,33.1M,33100000,Mexico,348K,348000,30.6K,30600,242,242
Mikecrack,Mikecrack,Animation,Video games,31.9M,31900000,Mexico,2.2M,2200000,139.7K,139700,1.8K,1800
GENIAL,GENIAL,Animation,,31.3M,31300000,Mexico,56K,56000,1.6K,1600,52,52
TheDonato,TheDonato,,,26.9M,26900000,Mexico,439K,439000,46.2K,46200,203,203
LosPolinesios,LosPolinesios,Daily vlogs,,25.5M,25500000,Mexico,2.1M,2100000,105.7K,105700,3.6K,3600
DrossRotzank,DrossRotzank,News & Politics,Mystery,22.5M,22500000,Mexico,1.8M,1800000,119.9K,119900,4.5K,4500
Juan De Dios Pantoja,Juan De Dios Pantoja,Daily vlogs,,20.6M,20600000,Mexico,8.4M,8400000,719K,719000,14.1K,14100
MrBeast en Español,MrBeast en Español,,,19.6M,19600000,Mexico,13.6M,13600000,464.6K,464600,14K,14000
TelenovelaTelevisa,Tlnovelas,ASMR,,19.2M,19200000,Mexico,4.4K,4400,155,155,3,3
Troom Troom Es,Troom Troom Es,Toys,,19.2M,19200000,Mexico,192.2K,192200,3.8K,3800,42,42
ElTrollino,ElTrollino,Animation,Video games,17.8M,17800000,Mexico,818.2K,818200,68.3K,68300,2.1K,2100
invictorgs3,invictor,Video games,,17.2M,17200000,Mexico,2.9M,2900000,150.5K,150500,1.4K,1400
Willyrex,Willyrex,Video games,,17.1M,17100000,Mexico,139.8K,139800,9K,9000,122,122
Tu COSMOPOLIS,Tu COSMOPOLIS,Daily vlogs,,16.7M,16700000,Mexico,101.5K,101500,7.8K,7800,698,698
jquintanac5,DeToxoMoroxo,Movies,Animation,16.6M,16600000,Mexico,395.2K,395200,27.6K,27600,8.5K,8500
SUPER SLICK SLIME SAM,SUPER SLICK SLIME SAM,DIY & Life Hacks,Design/art,16.5M,16500000,Mexico,179.5K,179500,5.8K,5800,152,152
IDEAS EN 5 MINUTOS,IDEAS EN 5 MINUTOS,,,16.4M,16400000,Mexico,40.1K,40100,357,357,9,9
ppextras,ExtraPolinesios,Daily vlogs,,16.3M,16300000,Mexico,53.9K,53900,3.7K,3700,71,71
Antrax,Antrax,Video games,,16.1M,16100000,Mexico,1M,1000000,73.7K,73700,2.7K,2700
MissaSinfonia,MissaSinfonia,Animation,Humor,15.5M,15500000,Mexico,7.1M,7100000,842.4K,842400,34.5K,34500
Katie Angel,Katie Angel,,,15.3M,15300000,Mexico,260.4K,260400,28K,28000,62,62
Fede Vigevani,Fede Vigevani,,,15.2M,15200000,Mexico,3.4M,3400000,256.3K,256300,10.1K,10100
makeuplocalypse,Mariale,,,14.9M,14900000,Mexico,210.5K,210500,9.1K,9100,334,334
La Rosa de Guadalupe,La Rosa de Guadalupe,,,14.7M,14700000,Mexico,29.9K,29900,514,514,23,23
iTownGamePlay,iTownGamePlay *Terror&Diversión*,News & Politics,,14.7M,14700000,Mexico,542K,542000,16.7K,16700,707,707
XpressTV,XpressTV,Science & Technology,,14.5M,14500000,Mexico,1.4M,1400000,51K,51000,614,614
Doc Tops,Doc Tops,News & Politics,,13.9M,13900000,Mexico,552.9K,552900,30.4K,30400,536,536
mispastelitosyoutub,Mis Pastelitos,Food & Drinks,,13.7M,13700000,Mexico,1.4M,1400000,50K,50000,1.9K,1900
vetealaversha,Darkar Company Studios,Animation,Video games,13.7M,13700000,Mexico,111.7K,111700,11.6K,11600,185,185
Auron,Auron,Video games,,13.5M,13500000,Mexico,1.3M,1300000,88.3K,88300,1.2K,1200
SrtaLynaV,Lyna,Movies,Animation,13.3M,13300000,Mexico,449.2K,449200,29.7K,29700,1.6K,1600
TV Ana Emilia,TV Ana Emilia,Fashion,,13.3M,13300000,Mexico,171.6K,171600,6K,6000,785,785
123 GO! Spanish,123 GO! Spanish,Toys,,13.1M,13100000,Mexico,362.8K,362800,4.8K,4800,96,96
AdexeOficial,Adexe & Nau,Music & Dance,,12.5M,12500000,Mexico,24.7K,24700,2.3K,2300,258,258
gymvirtual,gymvirtual,Music & Dance,,12.5M,12500000,Mexico,67.9K,67900,3K,3000,58,58
TheDaniRep,DaniRep | +6 Vídeos Diarios De GTA 5 Online!,Animation,Video games,12M,12000000,Mexico,220.1K,220100,16.9K,16900,158,158
Más SKabeche,Más SKabeche,,,11.9M,11900000,Mexico,1.9M,1900000,113.2K,113200,1.8K,1800
DeGoBooM,DeGoBooM,Movies,Animation,11.9M,11900000,Mexico,558.3K,558300,25.1K,25100,108,108
YairAuriazul,Yair17,,,11.9M,11900000,Mexico,297.9K,297900,38.8K,38800,1.2K,1200
RaptorGamer,RaptorGamer,Animation,Video games,11.8M,11800000,Mexico,724.1K,724100,37.8K,37800,790,790
CNCO,CNCO,Music & Dance,,11.7M,11700000,Mexico,22.5K,22500,6.3K,6300,407,407
Garena Free Fire LATAM,Garena Free Fire LATAM,,,11.7M,11700000,Mexico,75.2K,75200,3K,3000,187,187
MrTimbaVk,Timba Vk,Animation,Video games,11.7M,11700000,Mexico,1.9M,1900000,76.1K,76100,1.2K,1200
E-MasterSensei,E-MasterSensei,Movies,Video games,11.5M,11500000,Mexico,1.1M,1100000,75K,75000,946,946
luzugames,luzugames,Animation,Video games,11.3M,11300000,Mexico,477.8K,477800,43.4K,43400,712,712
elcarteldesantatv,elcarteldesantatv,Music & Dance,,11.3M,11300000,Mexico,112.7K,112700,15.4K,15400,496,496
Juanpa Zurita,Juanpa Zurita,,,10.9M,10900000,Mexico,777.4K,777400,49K,49000,1.1K,1100
XHuevaX,Hueva,Video games,,10.9M,10900000,Mexico,472.6K,472600,15.4K,15400,819,819
francoescamilla,Franco Escamilla,,,10.7M,10700000,Mexico,327.1K,327100,11.1K,11100,239,239
craftingeek,Craftingeek,,,10.5M,10500000,Mexico,101.7K,101700,3.4K,3400,335,335
tomiii 11,tomiii 11,Daily vlogs,,10.5M,10500000,Mexico,71.3K,71300,13.7K,13700,2.3K,2300
TikTak Draw,TikTak Draw,Animation,,10.5M,10500000,Mexico,126.7K,126700,7K,7000,248,248
LA DIVAZA,LA DIVAZA,,,10.5M,10500000,Mexico,515.9K,515900,54.9K,54900,1.8K,1800
Caso Cerrado,Caso Cerrado,Animation,,10.3M,10300000,Mexico,399K,399000,3.7K,3700,109,109
DalasReview,Dalas Review,Science & Technology,,10.3M,10300000,Mexico,728.1K,728100,69.7K,69700,4.1K,4100
Luan Palomera,Luan Palomera,,,10.1M,10100000,Mexico,470.4K,470400,19.5K,19500,1.1K,1100
BERTH-OH,BERTH-OH,,,10M,10000000,Mexico,790.7K,790700,30.2K,30200,709,709
DELRECORDS,DEL Records,Music & Dance,,9.7M,9700000,Mexico,38.8K,38800,1.5K,1500,84,84
ZarcortGame,ZarcortGame,Music & Dance,,9.6M,9600000,Mexico,54.1K,54100,8K,8000,359,359
luisitorey,luisitorey,,,9.6M,9600000,Mexico,9.3K,9300,562,562,13,13
CRACKS,CRACKS,Movies,Animation,9.4M,9400000,Mexico,22.7K,22700,1.6K,1600,97,97
luisitorey,luisitorey,,,9.6M,9600000,Mexico,9.3K,9300,562,562,13,13
SaadLamjarredTV,Saad Lamjarred | سعد لمجرد,Music & Dance,,13.9M,13900000,Morocco,755.5K,755500,50.9K,50900,3.6K,3600
aljazeerachannel,AlJazeera Channel قناة الجزيرة,News & Politics,,10.5M,10500000,Morocco,13.4K,13400,278,278,59,59
BBCArabicNews,BBC News عربي,News & Politics,,10.1M,10100000,Morocco,15.7K,15700,369,369,66,66
ARY Digital HD,ARY Digital HD,,,30.4M,30400000,Pakistan,10.6K,10600,116,116,6,6
harpalgeo,HAR PAL GEO,,,30.1M,30100000,Pakistan,5.7K,5700,53,53,3,3
HumNetwork,HUM TV,,,21.3M,21300000,Pakistan,2.3K,2300,16,16,1,1
TRT Originals Urdu,TRT Originals Urdu,,,18.4M,18400000,Pakistan,268.8K,268800,11.8K,11800,302,302
Coke Studio,Coke Studio,Music & Dance,Movies,12.3M,12300000,Pakistan,67.7K,67700,2.6K,2600,126,126
geonews,Geo News,News & Politics,,11.7M,11700000,Pakistan,5.1K,5100,69,69,12,12
ARYNEWSofficial,ARY News,News & Politics,,10.1M,10100000,Pakistan,39.1K,39100,904,904,79,79
Golemcito Games,Golemcito Games,Movies,Animation,10.7M,10700000,Peru,1.4M,1400000,150.8K,150800,3.8K,3800
ABSCBNOnline,ABS-CBN Entertainment,,,39.8M,39800000,Philippines,1.8K,1800,29,29,1,1
GMANETWORK,GMANetwork,,,26.9M,26900000,Philippines,10.1K,10100,205,205,8,8
Raffy Tulfo in Action,Raffy Tulfo in Action,News & Politics,,23.4M,23400000,Philippines,603.9K,603900,10.5K,10500,1.3K,1300
gmapublicaffairs,GMA Public Affairs,News & Politics,,19.1M,19100000,Philippines,7.9K,7900,98,98,7,7
Ivana Alawi,Ivana Alawi,Daily vlogs,,15.5M,15500000,Philippines,4.4M,4400000,180.7K,180700,4.8K,4800
ranziscool,Ranz Kyle,Humor,,14.9M,14900000,Philippines,511.4K,511400,22.5K,22500,706,706
Niana Guerrero,Niana Guerrero,Music & Dance,Humor,14.7M,14700000,Philippines,814.1K,814100,36.2K,36200,933,933
TheABSCBNNews,ABS-CBN News,News & Politics,,13.9M,13900000,Philippines,4.3K,4300,45,45,3,3
TWICE,TWICE,Music & Dance,Movies,13.9M,13900000,Philippines,396.6K,396600,53.7K,53700,1.9K,1900
Wish 107.5,Wish 107.5,Music & Dance,,13.1M,13100000,Philippines,84.8K,84800,2K,2000,129,129
Alex Gonzaga Official,Alex Gonzaga Official,Music & Dance,Humor,12.7M,12700000,Philippines,2.8M,2800000,115.5K,115500,2K,2000
Zeinab Harake,Zeinab Harake,Daily vlogs,,12.7M,12700000,Philippines,2.7M,2700000,183.4K,183400,3.9K,3900
gmanews,GMA News,News & Politics,,11.7M,11700000,Philippines,7K,7000,77,77,12,12
lincolnvelasquez,Cong TV,,,10.2M,10200000,Philippines,3.3M,3300000,241.6K,241600,10.1K,10100
popskids,POPS Kids,Animation,,14.7M,14700000,Poland,3.9K,3900,37,37,N/A',#VALOR!
A4,A4,Animation,Humor,40.3M,40300000,Russia,9.3M,9300000,508.6K,508600,29.7K,29700
Mister Max,Mister Max,DIY & Life Hacks,,23M,23000000,Russia,1.4M,1400000,26.9K,26900,992,992
Miss Katy,Miss Katy,Video games,,21.8M,21800000,Russia,1.5M,1500000,40.9K,40900,900,900
HiMan,HiMan,Video games,,17.9M,17900000,Russia,1.9M,1900000,124.2K,124200,4.9K,4900
ThePoznavatel,Познаватель,Toys,DIY & Life Hacks,17.3M,17300000,Russia,4.1M,4100000,123.9K,123900,3K,3000
TheBrianMaps,TheBrianMaps,Video games,Humor,16.4M,16400000,Russia,2.5M,2500000,248.6K,248600,13.9K,13900
AdMe,AdMe,Animation,,15.5M,15500000,Russia,34.2K,34200,1.1K,1100,49,49
ntvru,НТВ,News & Politics,,15M,15000000,Russia,82.3K,82300,901,901,216,216
MasterskayaNastroeny,Мастерская Настроения,,,13.9M,13900000,Russia,331.1K,331100,7.4K,7400,116,116
pognalishow,Дима Масленников,Video games,,13.8M,13800000,Russia,5.5M,5500000,638.4K,638400,21.2K,21200
Kuplinov ► Play,Kuplinov ► Play,Video games,,13.7M,13700000,Russia,1.6M,1600000,115.3K,115300,2.2K,2200
EdisonPts,EdisonPts,Video games,,13.7M,13700000,Russia,2M,2000000,136.5K,136500,9K,9000
PozzitifonShow,Поззи,Video games,,12.9M,12900000,Russia,703.1K,703100,34.5K,34500,2.2K,2200
ГЛЕНТ,ГЛЕНТ,Video games,,12.5M,12500000,Russia,2.8M,2800000,248.8K,248800,6.2K,6200
Lady Diana,Lady Diana,Music & Dance,,12.5M,12500000,Russia,325.6K,325600,5.2K,5200,92,92
TastyCompot,Compot,Video games,,11.7M,11700000,Russia,1.1M,1100000,53.6K,53600,2.1K,2100
Magic Five,Magic Five,Travel,,11.3M,11300000,Russia,2.9M,2900000,161.7K,161700,26.3K,26300
Луномосик,Луномосик,Video games,,11.1M,11100000,Russia,1.5M,1500000,52.7K,52700,1.6K,1600
AdamThomasMoran,AdamThomasMoran,Video games,Humor,10.7M,10700000,Russia,539.9K,539900,56.5K,56500,3.8K,3800
ctctv,СТС,Video games,Humor,10.3M,10300000,Russia,27.5K,27500,429,429,24,24
вДудь,вДудь,News & Politics,,10.1M,10100000,Russia,13.9M,13900000,479.2K,479200,65.5K,65500
Wylsacom,Wylsacom,News & Politics,,10.1M,10100000,Russia,423.4K,423400,16.1K,16100,1.2K,1200
KiKiDo,KiKiDo,Video games,Humor,10.1M,10100000,Russia,2M,2000000,50.9K,50900,2K,2000
Viki Show,Viki Show,Video games,Toys,10.1M,10100000,Russia,2.2M,2200000,86.8K,86800,7.3K,7300
Family Box,Family Box,Video games,,9.9M,9900000,Russia,254.4K,254400,5K,5000,381,381
EugenBro,EugenBro,Video games,,9.9M,9900000,Russia,459.3K,459300,22.7K,22700,1.7K,1700
TeremokSongs,Теремок - Песенки для детей,Music & Dance,,9.7M,9700000,Russia,144K,144000,627,627,N/A',#VALOR!
YFrostA,FROST,Video games,,9.3M,9300000,Russia,218.7K,218700,21.9K,21900,669,669
mmoshaya,mmoshaya,,,21.9M,21900000,Saudi Arabia,3.3M,3300000,51.2K,51200,2.5K,2500
RotanaAudio,Rotana,Music & Dance,,19.6M,19600000,Saudi Arabia,19.2K,19200,657,657,68,68
HusamYK,Katakit Baby TV,Music & Dance,,12.3M,12300000,Saudi Arabia,160K,160000,1.6K,1600,N/A',#VALOR!
BanderitaX,BanderitaX,Animation,Video games,11.7M,11700000,Saudi Arabia,1.8M,1800000,149K,149000,4.7K,4700
TheWillyrex,TheWillyrex,,,18.6M,18600000,Spain,38.8K,38800,2K,2000,N/A',#VALOR!
TheGrefg,TheGrefg,Animation,Video games,17.6M,17600000,Spain,959.9K,959900,73.6K,73600,1K,1000
Makiman131,Makiman131,Movies,Animation,14.9M,14900000,Spain,313.3K,313300,19.9K,19900,596,596
ExpCaseros,ExpCaseros,DIY & Life Hacks,Food & Drinks,11.5M,11500000,Spain,105.2K,105200,3.5K,3500,218,218
ElRinconDeGiorgio,El Rincón De Giorgio,Video games,,11.1M,11100000,Spain,1.5M,1500000,202.5K,202500,4.8K,4800
WorkpointOfficial,WorkpointOfficial,,,36.6M,36600000,Thailand,7.2K,7200,106,106,5,5
gmmonetv,one31,,,33.8M,33800000,Thailand,8.2K,8200,198,198,7,7
tv3official,Ch3Thailand,,,30.7M,30700000,Thailand,120.5K,120500,1.4K,1400,33,33
gmmgrammyofficial,GMM GRAMMY OFFICIAL,Music & Dance,,22M,22000000,Thailand,2.6K,2600,38,38,2,2
rsiammusic,RsiamMusic : อาร์สยาม,Music & Dance,,17.5M,17500000,Thailand,5.7K,5700,126,126,9,9
grammygoldofficia,Grammy Gold Official,Music & Dance,,16.9M,16900000,Thailand,15.1K,15100,283,283,16,16
zbingzbing,zbing z.,Animation,Video games,16.3M,16300000,Thailand,615.6K,615600,19.7K,19700,680,680
Kaykai Salaider,Kaykai Salaider,Movies,Humor,15.9M,15900000,Thailand,519.8K,519800,36.8K,36800,1.3K,1300
AMARINTV : อมรินทร์ทีวี,AMARINTV : อมรินทร์ทีวี,News & Politics,,15.5M,15500000,Thailand,7.8K,7800,98,98,15,15
bbtvch7,Ch7HD,,,14.8M,14800000,Thailand,4.9K,4900,98,98,3,3
GMMTVSPOTLIKE,GMMTV OFFICIAL​​,Movies,Animation,14.4M,14400000,Thailand,27.9K,27900,700,700,22,22
thairathonline,Thairath Online,News & Politics,,14.3M,14300000,Thailand,14K,14000,187,187,20,20
Genierock,Genierock,Music & Dance,,14.1M,14100000,Thailand,22.3K,22300,484,484,30,30
CH8vdo,ช่อง8 : Thai Ch8,,,13.9M,13900000,Thailand,6.3K,6300,84,84,2,2
bomberball,Bie The Ska,,,13.9M,13900000,Thailand,971.4K,971400,29.1K,29100,608,608
gmmchannel,GMM25Thailand,,,13.5M,13500000,Thailand,2.9K,2900,36,36,1,1
My Mate Nate,My Mate Nate,,,12.1M,12100000,Thailand,1.7M,1700000,58.3K,58300,1.4K,1400
SpriteDer SPD,SpriteDer SPD,Humor,,9.5M,9500000,Thailand,4.3M,4300000,151.4K,151400,4K,4000
RSVDO,rsfriends,Music & Dance,,9.4M,9400000,Thailand,1.5K,1500,39,39,4,4
SpriteDer SPD,SpriteDer SPD,Humor,,9.5M,9500000,Thailand,4.3M,4300000,151.4K,151400,4K,4000
netdmuzikk,netd müzik,Music & Dance,,22.4M,22400000,Turkey,7.8K,7800,188,188,41,41
atv,atv,Animation,,10.3M,10300000,Turkey,13.4K,13400,120,120,9,9
ThePersica,Orkun Işıtmak,Animation,,9.8M,9800000,Turkey,2.3M,2300000,101.2K,101200,3K,3000
Sidemen,Sidemen,Video games,Humor,15.2M,15200000,United Kingdom,15.2M,15200000,511.3K,511300,18.6K,18600
F2Freestylers,F2Freestylers - Ultimate Soccer Skills Channel,Sports,,13.9M,13900000,United Kingdom,1.1M,1100000,40.8K,40800,739,739
bbcnews,BBC News,News & Politics,,12.5M,12500000,United Kingdom,99.5K,99500,1.5K,1500,1K,1000
BBC,BBC,,,12.4M,12400000,United Kingdom,23.1K,23100,364,364,46,46
Tiana,Tiana,Video games,Humor,11.4M,11400000,United Kingdom,203.4K,203400,6.9K,6900,521,521
miniminter,Miniminter,Video games,Humor,10.1M,10100000,United Kingdom,1.6M,1600000,142.8K,142800,2.1K,2100
PewDiePie,PewDiePie,Animation,,111.5M,111500000,United States,4.5M,4500000,350.4K,350400,17.3K,17300
MrBeast6000,MrBeast,Video games,Humor,97.3M,97300000,United States,68.9M,68900000,3.9M,3900000,161.6K,161600
WWEFanNation,WWE,Video games,,88.5M,88500000,United States,22.7K,22700,495,495,28,28
BLACKPINK,BLACKPINK,Music & Dance,,74.7M,74700000,United States,2.6M,2600000,459.5K,459500,25.7K,25700
ibighit,HYBE LABELS,Music & Dance,,65.7M,65700000,United States,1.5M,1500000,212.5K,212500,5.3K,5300
corycotton,Dude Perfect,Video games,,57.6M,57600000,United States,6.9M,6900000,403K,403000,5.9K,5900
movieclips,Movieclips,Movies,Animation,57.2M,57200000,United States,43.3K,43300,594,594,23,23
EdSheeran,Ed Sheeran,Music & Dance,,52M,52000000,United States,483.6K,483600,18K,18000,718,718
BRIGHT SIDE,BRIGHT SIDE,Animation,,43.5M,43500000,United States,54.5K,54500,1.4K,1400,98,98
DjWalkzz,Alan Walker,Music & Dance,Movies,42M,42000000,United States,501.6K,501600,49.1K,49100,1.9K,1900
TheEllenShow,TheEllenShow,,,38.2M,38200000,United States,58.2K,58200,1.1K,1100,49,49
shakira,Shakira,,,36.4M,36400000,United States,219.2K,219200,10.8K,10800,179,179
TEDxTalks,TEDx Talks,,,35.3M,35300000,United States,125,125,4,4,N/A',#VALOR!
YouTube,YouTube,,,33.1M,33100000,United States,28.1K,28100,1.4K,1400,N/A',#VALOR!
markiplierGAME,Markiplier,Animation,Video games,32.9M,32900000,United States,3.2M,3200000,178.5K,178500,5.8K,5800
NoCopyrightSounds,NoCopyrightSounds,Music & Dance,,32.5M,32500000,United States,354K,354000,13.5K,13500,1.2K,1200
SSSniperWolf,SSSniperWolf,Humor,,31.9M,31900000,United States,3.7M,3700000,109.1K,109100,5.5K,5500
Luis Fonsi,Luis Fonsi,,,30.8M,30800000,United States,18.3K,18300,1.5K,1500,59,59
SMTOWN,SMTOWN,Music & Dance,,30.5M,30500000,United States,323.8K,323800,30.8K,30800,1.7K,1700
AllTrapNation,Trap Nation,Music & Dance,,30.5M,30500000,United States,80.5K,80500,2.8K,2800,117,117
SpinninRec,Spinnin' Records,Music & Dance,,29.6M,29600000,United States,50.6K,50600,2K,2000,53,53
latenight,The Tonight Show Starring Jimmy Fallon,Music & Dance,Humor,29.5M,29500000,United States,90.8K,90800,2.2K,2200,108,108
jacksepticeye,jacksepticeye,Video games,,28.4M,28400000,United States,1.3M,1300000,70.9K,70900,3.2K,3200
TheLateLateShow,The Late Late Show with James Corden,Animation,Humor,27.9M,27900000,United States,59.5K,59500,1.3K,1300,96,96
TalkingTomCat,Talking Tom,,,27.7M,27700000,United States,103.9K,103900,1.8K,1800,N/A',#VALOR!
MrBeast Gaming,MrBeast Gaming,Animation,Video games,27.6M,27600000,United States,12.4M,12400000,528.4K,528400,19.5K,19500
taylorgangent,Wiz Khalifa,Music & Dance,,26.2M,26200000,United States,512.2K,512200,17.1K,17100,856,856
WorldStarHipHopTV,WORLDSTARHIPHOP,Music & Dance,,25.8M,25800000,United States,52.3K,52300,1.6K,1600,162,162
VanossGaming,VanossGaming,Animation,Video games,25.8M,25800000,United States,1.1M,1100000,52.9K,52900,526,526
smosh,Smosh,Animation,Humor,25M,25000000,United States,221.4K,221400,15.6K,15600,660,660
TwiNboTzVids,Lucas and Marcus,Animation,Humor,24.7M,24700000,United States,749.5K,749500,26K,26000,1.1K,1100
WatchMojo,WatchMojo.com,Movies,,24.6M,24600000,United States,71.7K,71700,2.4K,2400,275,275
LOENENT,1theK (원더케이),,,24.2M,24200000,United States,8.5K,8500,639,639,28,28
James Charles,James Charles,Beauty,Fashion,24M,24000000,United States,947.7K,947700,51.6K,51600,1.9K,1900
postmalone,Post Malone,Music & Dance,,23.9M,23900000,United States,184.2K,184200,13K,13000,230,230
NewOnNetflix,Netflix,Movies,Animation,23.8M,23800000,United States,276.9K,276900,8.4K,8400,452,452
Chloe Ting,Chloe Ting,Fitness,Health & Self Help,23.6M,23600000,United States,545.9K,545900,24.4K,24400,854,854
ColdplayVEVO,Coldplay,Music & Dance,,23.2M,23200000,United States,74.3K,74300,7K,7000,121,121
JellyYT,Jelly,Video games,,22.8M,22800000,United States,250.6K,250600,14.9K,14900,541,541
EnriqueIglesiasPlay,Enrique Iglesias,Music & Dance,,22.8M,22800000,United States,24.5K,24500,2.2K,2200,96,96
THECHAINSMOKERS,The Chainsmokers,Humor,,22.2M,22200000,United States,77.6K,77600,5.3K,5300,263,263
siavideos,Sia,Music & Dance,,21.5M,21500000,United States,126.7K,126700,9.1K,9100,715,715
TEDtalksDirector,TED,,,21.3M,21300000,United States,32.8K,32800,1K,1000,135,135
AmericasGotTalent,America's Got Talent,,,21.2M,21200000,United States,890.4K,890400,15.8K,15800,582,582
oRugrat,FaZe Rug,Video games,Humor,21.2M,21200000,United States,3.2M,3200000,115.9K,115900,6K,6000
Tasty,Tasty,Food & Drinks,,21M,21000000,United States,97.3K,97300,3.3K,3300,147,147
SSundee,SSundee,Video games,,20.8M,20800000,United States,2M,2000000,122.8K,122800,3.4K,3400
FGTeeV,FGTeeV,Animation,Video games,20.8M,20800000,United States,1.4M,1400000,16.6K,16600,1.7K,1700
PrestonPlayz,Preston,Animation,Video games,20.4M,20400000,United States,2.6M,2600000,145.3K,145300,5.8K,5800
BuzzFeedVideo,BuzzFeedVideo,Daily vlogs,,20.4M,20400000,United States,40.2K,40200,845,845,71,71
BeckyGOfficial,Becky G,Music & Dance,,20.3M,20300000,United States,27.2K,27200,2.8K,2800,52,52
NationalGeographic,National Geographic,,,20.2M,20200000,United States,45.9K,45900,1.1K,1100,106,106
Brave Wilderness,Brave Wilderness,,,20.2M,20200000,United States,1.1M,1100000,34.5K,34500,4.1K,4100
TheFineBros,REACT,Humor,,20.2M,20200000,United States,126.4K,126400,4.5K,4500,292,292
VEVO,Vevo,Music & Dance,,20M,20000000,United States,94.4K,94400,773,773,40,40
LazarBeam,LazarBeam,Video games,,20M,20000000,United States,4.2M,4200000,178.2K,178200,7.2K,7200
rossbollinger,Pencilmation,Animation,Humor,19.8M,19800000,United States,325K,325000,3.8K,3800,94,94
Mnet,Mnet K-POP,Music & Dance,Animation,19.7M,19700000,United States,20K,20000,1.7K,1700,94,94
Brent Rivera,Brent Rivera,Animation,Humor,19.4M,19400000,United States,5.2M,5200000,359.2K,359200,10.9K,10900
gottalentglobal,Got Talent Global,,,19.2M,19200000,United States,102.5K,102500,882,882,48,48
gordonramsay,Gordon Ramsay,Food & Drinks,Health & Self Help,19.2M,19200000,United States,140.4K,140400,4.4K,4400,249,249
MARVEL,Marvel Entertainment,Movies,Animation,19.2M,19200000,United States,587.1K,587100,31.9K,31900,1.2K,1200
Infinite,Infinite,Video games,Humor,19M,19000000,United States,774.9K,774900,33.7K,33700,2.7K,2700
The ACE Family,The ACE Family,Humor,,18.8M,18800000,United States,923K,923000,39.1K,39100,1.7K,1700
NBA,NBA,Sports,,18.8M,18800000,United States,62.2K,62200,2.1K,2100,110,110
JimmyKimmelLive,Jimmy Kimmel Live,Movies,,18.8M,18800000,United States,171.6K,171600,3.3K,3300,222,222
LankyBox,LankyBox,Video games,,18.5M,18500000,United States,629.4K,629400,11.1K,11100,330,330
icreateddisco,Calvin Harris,Music & Dance,,18.4M,18400000,United States,371.8K,371800,13.1K,13100,261,261
Unbox Therapy,Unbox Therapy,Science & Technology,,18.2M,18200000,United States,1.1M,1100000,20.1K,20100,2.5K,2500
Ninja Kidz TV,Ninja Kidz TV,Video games,,18.2M,18200000,United States,793.9K,793900,18.8K,18800,1.3K,1300
CookieSwirlC,CookieSwirlC,Video games,,18M,18000000,United States,328.6K,328600,4.1K,4100,560,560
PDKFilms,PDK Films,Movies,Animation,18M,18000000,United States,510.2K,510200,18.1K,18100,1.2K,1200
Мирошка ТВ,Мирошка ТВ,,,18M,18000000,United States,15.7K,15700,96,96,10,10
TheOdd1sOut,TheOdd1sOut,Movies,Animation,17.8M,17800000,United States,1.3M,1300000,119.3K,119300,1.6K,1600
Vsauce,Vsauce,Science & Technology,,17.8M,17800000,United States,0,0,N/A',#VALOR!,N/A',#VALOR!
therealdemilovato,Demi Lovato,Music & Dance,,17.8M,17800000,United States,82.9K,82900,8.2K,8200,197,197
rhettandlink2,Good Mythical Morning,Food & Drinks,,17.6M,17600000,United States,910.7K,910700,30.6K,30600,996,996
Matroix,Ali-A,Video games,,17.6M,17600000,United States,822.9K,822900,31.9K,31900,1.8K,1800
The Royalty Family,The Royalty Family,Humor,,17.5M,17500000,United States,3.3M,3300000,115.8K,115800,N/A',#VALOR!
Beast Reacts,Beast Reacts,,,17.5M,17500000,United States,9.7M,9700000,356.6K,356600,9K,9000
officialpsy,officialpsy,Music & Dance,,17.1M,17100000,United States,2.1M,2100000,75.3K,75300,1.9K,1900
HowToBasic,HowToBasic,Food & Drinks,,17.1M,17100000,United States,253.3K,253300,27.2K,27200,2.3K,2300
TEDEducation,TED-Ed,Science & Technology,,16.9M,16900000,United States,339K,339000,13.7K,13700,509,509
Guava Juice,Guava Juice,,,16.8M,16800000,United States,180K,180000,4.5K,4500,234,234
JasonDerulo,Jason Derulo,Music & Dance,,16.7M,16700000,United States,61.6K,61600,3.8K,3800,65,65
IGNentertainment,IGN,Movies,Animation,16.6M,16600000,United States,47.5K,47500,1.1K,1100,111,111
Jane ASMR 제인,Jane ASMR 제인,Daily vlogs,,16.6M,16600000,United States,332.8K,332800,7.8K,7800,439,439
jeffreestar,jeffreestar,Beauty,,16.1M,16100000,United States,820.6K,820600,27.4K,27400,2.2K,2200
monstafluffmusicTV,7clouds,Music & Dance,,16.1M,16100000,United States,104.6K,104600,2.1K,2100,126,126
MatthewPatrick13,The Game Theorists,Science & Technology,,15.9M,15900000,United States,3.8M,3800000,239.7K,239700,11.7K,11700
DopeLyrics,DopeLyrics,Music & Dance,,15.9M,15900000,United States,36.4K,36400,932,932,71,71
failarmy,FailArmy,Animation,Humor,15.9M,15900000,United States,1.7M,1700000,20.1K,20100,752,752
Camila Cabello,Camila Cabello,Music & Dance,Movies,15.9M,15900000,United States,512.7K,512700,28.7K,28700,1.2K,1200
Dhar Mann,Dhar Mann,Health & Self Help,,15.9M,15900000,United States,6.3M,6300000,127.4K,127400,6.5K,6500
queenofficial,Queen Official,Music & Dance,,15.8M,15800000,United States,82.6K,82600,4.2K,4200,381,381
vice,VICE,News & Politics,,15.7M,15700000,United States,360.2K,360200,7.5K,7500,1.2K,1200
PitbullMusic,Pitbull,Music & Dance,,15.7M,15700000,United States,2.8M,2800000,5.9K,5900,5.1K,5100
marquesbrownlee,Marques Brownlee,Science & Technology,,15.7M,15700000,United States,1.7M,1700000,81.3K,81300,3.4K,3400
movieclipsTRAILERS,Movieclips Trailers,Movies,Animation,15.6M,15600000,United States,58.1K,58100,1.2K,1200,104,104
RomanAtwoodVlogs,Roman Atwood Vlogs,Humor,,15.5M,15500000,United States,410.9K,410900,19.7K,19700,974,974
MegatoadStonie,Matt Stonie,Food & Drinks,,15.5M,15500000,United States,520.3K,520300,24.9K,24900,290,290
KSIOlajidebtHD,JJ Olatunji,Animation,Video games,15.3M,15300000,United States,4M,4000000,301.7K,301700,8.5K,8500
TheRichest,TheRichest,News & Politics,,15.1M,15100000,United States,17.5K,17500,573,573,53,53
SAM SMITH,SAM SMITH,,,14.9M,14900000,United States,28.6K,28600,2.2K,2200,56,56
kwebbelkop,Kwebbelkop,Animation,Video games,14.9M,14900000,United States,44K,44000,1.9K,1900,195,195
Reaction Time,Reaction Time,Animation,Humor,14.9M,14900000,United States,34.1K,34100,2.5K,2500,132,132
With Kids[위드키즈],With Kids[위드키즈],,,14.9M,14900000,United States,98.4K,98400,N/A',#VALOR!,N/A',#VALOR!
5-Minute Crafts FAMILY,5-Minute Crafts FAMILY,,,14.9M,14900000,United States,22.4K,22400,243,243,12,12
TalkingFriends,Talking Tom & Friends,Animation,Humor,14.9M,14900000,United States,0,0,N/A',#VALOR!,N/A',#VALOR!
Lachlan,Lachlan,Video games,,14.9M,14900000,United States,654K,654000,28.3K,28300,1.1K,1100
RiotGamesInc,League of Legends,Movies,Animation,14.8M,14800000,United States,416.1K,416100,15.7K,15700,642,642
IISuperwomanII,Lilly Singh,Animation,Humor,14.7M,14700000,United States,25.3K,25300,1.2K,1200,44,44
LEGO,LEGO,Animation,,14.7M,14700000,United States,19.6K,19600,246,246,N/A',#VALOR!
LinusTechTips,Linus Tech Tips,Science & Technology,,14.7M,14700000,United States,1.4M,1400000,68.7K,68700,3.3K,3300
MattyBRaps,MattyBRaps,Music & Dance,,14.5M,14500000,United States,132.9K,132900,2K,2000,N/A',#VALOR!
collegehumor,CollegeHumor,Humor,,14.5M,14500000,United States,182.7K,182700,12.5K,12500,629,629
chadwildclay,Chad Wild Clay,Movies,Humor,14.4M,14400000,United States,1.7M,1700000,27.5K,27500,2.7K,2700
MartinGarrix,Martin Garrix,Music & Dance,,14.3M,14300000,United States,43.4K,43400,5.6K,5600,262,262
OfficialTrapCity,Trap City,Music & Dance,,14.2M,14200000,United States,32.2K,32200,1.6K,1600,76,76
PlayStation,PlayStation,,,14.2M,14200000,United States,38K,38000,1.1K,1100,139,139
CNN,CNN,Music & Dance,Animation,14.1M,14100000,United States,163.4K,163400,2.5K,2500,2.3K,2300
NikkieTutorials,NikkieTutorials,Design/art,Beauty,13.9M,13900000,United States,313.7K,313700,19.7K,19700,1.4K,1400
Zach King,Zach King,Movies,Humor,13.9M,13900000,United States,699.9K,699900,35K,35000,1.2K,1200
Zach Choi ASMR,Zach Choi ASMR,Daily vlogs,,13.9M,13900000,United States,548.8K,548800,25.4K,25400,954,954
MrBeast Shorts,MrBeast Shorts,Daily vlogs,,13.9M,13900000,United States,25.1M,25100000,2.3M,2300000,8.6K,8600
Daily Dose Of Internet,Daily Dose Of Internet,Animals & Pets,,13.9M,13900000,United States,6.5M,6500000,309K,309000,9.3K,9300
Unspeakable,Unspeakable,Video games,Humor,13.9M,13900000,United States,5M,5000000,84.7K,84700,4.8K,4800
WWWengie,Wengie,DIY & Life Hacks,,13.7M,13700000,United States,157K,157000,10K,10000,449,449
alanalan9635,Stokes Twins,Humor,,13.7M,13700000,United States,10.2M,10200000,502.6K,502600,19.6K,19600
UFC,UFC - Ultimate Fighting Championship,Sports,Fitness,13.7M,13700000,United States,103.7K,103700,2K,2000,281,281
crashcourse,CrashCourse,Science & Technology,,13.5M,13500000,United States,24.6K,24600,1.2K,1200,42,42
ChallengeAcceptedInc,Aphmau,Animation,Video games,13.5M,13500000,United States,3M,3000000,74.1K,74100,4.1K,4100
RosannaPansino,Rosanna Pansino,Food & Drinks,DIY & Life Hacks,13.5M,13500000,United States,612.3K,612300,14.2K,14200,374,374
Kurt Hugo Schneider,Kurt Hugo Schneider,,,13.5M,13500000,United States,41.9K,41900,1.3K,1300,40,40
AzzyLand,AzzyLand,Animation,,13.5M,13500000,United States,217.8K,217800,7.9K,7900,532,532
FAPtivi,FAPTV,Animation,Humor,13.3M,13300000,United States,2M,2000000,38.6K,38600,794,794
H2ODelirious,H2ODelirious,Animation,Video games,13.3M,13300000,United States,125.8K,125800,7.9K,7900,193,193
AtlanticVideos,Atlantic Records,Music & Dance,,13.2M,13200000,United States,13.5K,13500,499,499,19,19
The LaBrant Fam,The LaBrant Fam,Music & Dance,Humor,13.1M,13100000,United States,910.5K,910500,28.8K,28800,N/A',#VALOR!
theRadBrad,theRadBrad,Video games,,13.1M,13100000,United States,165.4K,165400,9.6K,9600,520,520
ABCNews,ABC News,News & Politics,,13.1M,13100000,United States,5.4K,5400,77,77,78,78
Jake Fellman,Jake Fellman,,,13.1M,13100000,United States,396.8K,396800,15.8K,15800,112,112
Hongyu ASMR 홍유,Hongyu ASMR 홍유,ASMR,,13M,13000000,United States,1.1M,1100000,15.7K,15700,494,494
SaturdayNightLive,Saturday Night Live,Movies,Humor,12.9M,12900000,United States,716.6K,716600,13.3K,13300,638,638
MattSDance,Matt Steffanina,Music & Dance,,12.9M,12900000,United States,84.8K,84800,4.3K,4300,105,105
The Q,The Q,,,12.9M,12900000,United States,43.6K,43600,2K,2000,54,54
PrestonPlayz,PrestonPlayz,Video games,,12.9M,12900000,United States,2M,2000000,46.2K,46200,2.2K,2200
MrSuicideSheep,MrSuicideSheep,,,12.9M,12900000,United States,78.8K,78800,3.7K,3700,73,73
typicalgamer,Typical Gamer,Video games,,12.9M,12900000,United States,521.9K,521900,12.4K,12400,331,331
DALLMYD,Scuba Jake,Mystery,,12.9M,12900000,United States,534.2K,534200,20K,20000,803,803
MstrJames,Hacksmith,Video games,,12.7M,12700000,United States,123.9K,123900,5.2K,5200,305,305
JDCav24,ATHLEAN-X™,Fitness,Health & Self Help,12.7M,12700000,United States,304.8K,304800,13.9K,13900,806,806
1032010814,TKOR,DIY & Life Hacks,,12.6M,12600000,United States,82.8K,82800,2.4K,2400,211,211
PowerfulJRE,PowerfulJRE,Daily vlogs,,12.6M,12600000,United States,1M,1000000,16.3K,16300,4K,4000
MusicTalentNow,Top Viral Talent,,,12.5M,12500000,United States,7.8K,7800,201,201,10,10
JesseAndMike,JesseAndMike,,,12.5M,12500000,United States,256.9K,256900,3.1K,3100,113,113
Blossom,Blossom,,,12.5M,12500000,United States,36.1K,36100,878,878,16,16
TalkingAngelaCat,Talking Angela,,,12.5M,12500000,United States,70.7K,70700,866,866,N/A',#VALOR!
React,People Vs Food,Food & Drinks,,12.5M,12500000,United States,467.8K,467800,18.4K,18400,798,798
RayWilliamJohnson,Ray William Johnson,Animation,Humor,12.3M,12300000,United States,2.5M,2500000,248.4K,248400,1.5K,1500
Meghan Trainor,Meghan Trainor,Music & Dance,,12.3M,12300000,United States,11.6K,11600,538,538,40,40
elliegoulding,elliegoulding,,,12.3M,12300000,United States,0,0,N/A',#VALOR!,N/A',#VALOR!
rebeccazamolo1,Rebecca Zamolo,Video games,Humor,12.3M,12300000,United States,3.9M,3900000,82.9K,82900,5.7K,5700
Brawl Stars,Brawl Stars,Animation,,12.3M,12300000,United States,1M,1000000,60.8K,60800,3.1K,3100
Daniel LaBelle,Daniel LaBelle,,,12.2M,12200000,United States,14.7M,14700000,794.6K,794600,1.9K,1900
1veritasium,Veritasium,Science & Technology,,12.1M,12100000,United States,4M,4000000,173K,173000,9.8K,9800
JustForLaughsTV,Just For Laughs Gags,,,12.1M,12100000,United States,43.3K,43300,904,904,39,39
Zhong,Zhong,,,12.1M,12100000,United States,3.4M,3400000,224.4K,224400,2.1K,2100
Kylie Jenner,Kylie Jenner,Fashion,,12.1M,12100000,United States,1.5M,1500000,N/A',#VALOR!,2.6K,2600
FIFATV,FIFA,Sports,,12M,12000000,United States,57.2K,57200,1.6K,1600,57,57
colinfurze,colinfurze,DIY & Life Hacks,,11.9M,11900000,United States,2.8M,2800000,159.3K,159300,7.1K,7100
Davie504,Davie504,Music & Dance,Animation,11.9M,11900000,United States,716.6K,716600,72.6K,72600,1.1K,1100
Ice Cream Rolls,Ice Cream Rolls,,,11.9M,11900000,United States,108K,108000,3K,3000,130,130
TTfue,Tfue,Video games,,11.9M,11900000,United States,150.6K,150600,7K,7000,281,281
TheInfographicsShow,The Infographics Show,Education,,11.9M,11900000,United States,334.2K,334200,8.9K,8900,754,754
TheDodoSite,The Dodo,Animals & Pets,,11.8M,11800000,United States,366.6K,366600,15.5K,15500,688,688
Americanvogue,Vogue,Fashion,,11.7M,11700000,United States,291.6K,291600,14.5K,14500,231,231
Kluna Tik,Kluna Tik,,,11.7M,11700000,United States,232.9K,232900,3.1K,3100,208,208
MSA previously My Story Animated,MSA previously My Story Animated,Animation,Humor,11.6M,11600000,United States,6.2M,6200000,177.5K,177500,6.6K,6600
Natti Natasha,Natti Natasha,Movies,,11.5M,11500000,United States,48K,48000,4.1K,4100,83,83
MTV2,Wild 'N Out,Music & Dance,Humor,11.5M,11500000,United States,224.8K,224800,5.6K,5600,176,176
CrazyRussianHacker,CrazyRussianHacker,Animation,Toys,11.5M,11500000,United States,63.5K,63500,1.8K,1800,78,78
WiederDude,WiederDude,,,11.5M,11500000,United States,1.7M,1700000,38.7K,38700,523,523
VyQwaint,Vy Qwaint,Video games,Humor,11.4M,11400000,United States,2.1M,2100000,36.5K,36500,5K,5000
jordanmatter,Jordan Matter,Music & Dance,Humor,11.4M,11400000,United States,8.2M,8200000,190.7K,190700,12.8K,12800
123 GO!,123 GO!,Humor,,11.3M,11300000,United States,425.7K,425700,4.2K,4200,104,104
CaptainSparklez,CaptainSparklez,Video games,,11.3M,11300000,United States,46.7K,46700,4.7K,4700,137,137
UnspeakableGaming,UnspeakableGaming,Video games,,11.3M,11300000,United States,93.7K,93700,3.2K,3200,106,106
YoungBoy Never Broke Again,YoungBoy Never Broke Again,Music & Dance,,11.3M,11300000,United States,7.9M,7900000,291.6K,291600,20.3K,20300
办公室小野 Ms Yeah,办公室小野 Ms Yeah,,,11.3M,11300000,United States,106.1K,106100,6.8K,6800,34,34
blackeyedpeasvideo,Black Eyed Peas,Music & Dance,,11.3M,11300000,United States,16.7K,16700,1.2K,1200,48,48
whoisjimmy,How Ridiculous,Sports,,11.3M,11300000,United States,6M,6000000,256.8K,256800,1.1K,1100
yogawithadriene,Yoga With Adriene,Fitness,,11.3M,11300000,United States,271K,271000,8.6K,8600,423,423
BBCEarth,BBC Earth,Animals & Pets,,11.3M,11300000,United States,75.4K,75400,2K,2000,119,119
crackrockcandy,Maymo,,,11.3M,11300000,United States,260.7K,260700,908,908,50,50
realannoyingorange,Annoying Orange,Animation,,11.3M,11300000,United States,205.2K,205200,4.1K,4100,423,423
FirstWeFeast,First We Feast,Food & Drinks,,11.3M,11300000,United States,186.8K,186800,8.1K,8100,462,462
epicfortnite,Fortnite,Video games,,11.2M,11200000,United States,193.6K,193600,8.7K,8700,342,342
Avocado Couple I Crazy Comics,Avocado Couple I Crazy Comics,,,11.1M,11100000,United States,457.5K,457500,3.9K,3900,80,80
watchcut,Cut,Humor,,11.1M,11100000,United States,377.1K,377100,16.8K,16800,452,452
RapGeniusVideo,Genius,Music & Dance,,11.1M,11100000,United States,103.2K,103200,4.5K,4500,149,149
ExplosmEntertainment,ExplosmEntertainment,Movies,Animation,11M,11000000,United States,242.5K,242500,17.3K,17300,338,338
Quantum Tech HD,Quantum Tech HD,,,11M,11000000,United States,1.8M,1800000,9.9K,9900,185,185
DemolitionRanch,DemolitionRanch,Video games,,11M,11000000,United States,1.4M,1400000,74.9K,74900,6.1K,6100
comedycentral,Comedy Central,Humor,,11M,11000000,United States,13.6K,13600,556,556,29,29
SMOL,SMOL,,,10.9M,10900000,United States,372K,372000,14.3K,14300,13,13
FilmTheorists,The Film Theorists,Movies,,10.9M,10900000,United States,1.8M,1800000,95.9K,95900,4.4K,4400
Doja Cat,Doja Cat,Music & Dance,,10.8M,10800000,United States,468.2K,468200,46.3K,46300,2.3K,2300
Taylor RS,Taylor RS,,,10.8M,10800000,United States,108.2K,108200,626,626,16,16
Slogomanify,Slogo,Video games,,10.7M,10700000,United States,380.1K,380100,17.3K,17300,561,561
cbstvdinsideedition,Inside Edition,News & Politics,,10.7M,10700000,United States,213.9K,213900,5.4K,5400,610,610
doctruyencotich,Kênh Thiếu Nhi - BHMEDIA,Music & Dance,,10.7M,10700000,United States,16.3K,16300,61,61,N/A',#VALOR!
Mrwhosetheboss,Mrwhosetheboss,Science & Technology,,10.7M,10700000,United States,2.6M,2600000,160.1K,160100,15.7K,15700
Dobre Brothers,Dobre Brothers,Movies,Humor,10.7M,10700000,United States,344.2K,344200,15.1K,15100,302,302
stampylonghead,stampylonghead,Video games,,10.7M,10700000,United States,116.8K,116800,5.5K,5500,861,861
penguinz0,penguinz0,Animation,Video games,10.7M,10700000,United States,1.1M,1100000,52.1K,52100,2.9K,2900
GoProCamera,GoPro,Sports,,10.7M,10700000,United States,37.1K,37100,1.6K,1600,54,54
Nao FunFun,Nao FunFun,Daily vlogs,,10.6M,10600000,United States,7.8K,7800,41,41,N/A',#VALOR!
NichLmao,NichLmao,Daily vlogs,,10.6M,10600000,United States,5.6M,5600000,472.8K,472800,2.6K,2600
Lofi Girl,Lofi Girl,Music & Dance,,10.6M,10600000,United States,342.6K,342600,11.4K,11400,533,533
WarnerBrosPictures,Warner Bros. Pictures,Movies,,10.6M,10600000,United States,3.7M,3700000,13.6K,13600,1.2K,1200
Google,Google,,,10.6M,10600000,United States,15.5K,15500,430,430,56,56
BuzzFeedYellow,As/Is,Fashion,Design/art,10.6M,10600000,United States,20.9K,20900,784,784,36,36
ChillStepNation,Chill Nation,Music & Dance,,10.6M,10600000,United States,40.4K,40400,859,859,41,41
soicon295,Magnet World,,,10.5M,10500000,United States,23.9K,23900,228,228,9,9
redbull,Red Bull,Sports,,10.5M,10500000,United States,72.9K,72900,1.9K,1900,41,41
Primitive Technology,Primitive Technology,DIY & Life Hacks,,10.5M,10500000,United States,1.4M,1400000,97.6K,97600,3.5K,3500
Cris Devil Gamer,Cris Devil Gamer,Movies,Animation,10.5M,10500000,United States,282.7K,282700,14.4K,14400,439,439
destinws2,SmarterEveryDay,Science & Technology,,10.5M,10500000,United States,3M,3000000,113.4K,113400,8.2K,8200
BE AMAZED,BE AMAZED,Education,,10.5M,10500000,United States,294.8K,294800,9.2K,9200,584,584
CJENMMUSIC,Stone Music Entertainment,Music & Dance,Movies,10.5M,10500000,United States,6.7K,6700,534,534,24,24
HISHEdotcom,How It Should Have Ended,Movies,Animation,10.3M,10300000,United States,275.6K,275600,15.7K,15700,505,505
Ben Azelart,Ben Azelart,Video games,Humor,10.3M,10300000,United States,7.1M,7100000,171.9K,171900,17.1K,17100
AsapSCIENCE,AsapSCIENCE,Science & Technology,,10.3M,10300000,United States,236.8K,236800,16.4K,16400,704,704
historychannel,HISTORY,Movies,,10.3M,10300000,United States,56.6K,56600,1K,1000,101,101
cleanbandit,Clean Bandit,Music & Dance,,10.1M,10100000,United States,120.7K,120700,3.8K,3800,162,162
5-Minute Crafts LIKE,5-Minute Crafts LIKE,,,10.1M,10100000,United States,16.3K,16300,157,157,5,5
Patty Mayo,Patty Mayo,Movies,Humor,10.1M,10100000,United States,159K,159000,8K,8000,450,450
MTV,MTV,Music & Dance,,10.1M,10100000,United States,7.6K,7600,351,351,27,27
NASAtelevision,NASA,News & Politics,Science & Technology,10.1M,10100000,United States,92K,92000,3.7K,3700,N/A',#VALOR!
Survival Builder,Survival Builder,,,10.1M,10100000,United States,180.9K,180900,3.3K,3300,116,116
singkingkaraoke,Sing King,Music & Dance,,10M,10000000,United States,17.3K,17300,168,168,17,17
familyfunpack,Family Fun Pack,,,10M,10000000,United States,89.7K,89700,1.8K,1800,164,164
barcroftmedia,truly,News & Politics,,10M,10000000,United States,51.2K,51200,N/A',#VALOR!,307,307
joycetanner,QPark,Music & Dance,Humor,9.9M,9900000,United States,0,0,N/A',#VALOR!,N/A',#VALOR!
Talent Recap,Talent Recap,Music & Dance,Movies,9.9M,9900000,United States,76.6K,76600,944,944,74,74
BestCodComedy,BCC Gaming,Video games,,9.9M,9900000,United States,10.7K,10700,379,379,13,13
OneRepublic,OneRepublic,Music & Dance,,9.9M,9900000,United States,314.1K,314100,15.3K,15300,351,351
The Daily Show with Trevor Noah,The Daily Show with Trevor Noah,News & Politics,,9.9M,9900000,United States,231.3K,231300,6.2K,6200,424,424
htv2channel,Vie Channel - HTV2,Music & Dance,,9.9M,9900000,United States,20.5K,20500,209,209,5,5
buzzfeedblue,BuzzFeed Multiplayer,,,9.8M,9800000,United States,9.2K,9200,317,317,25,25
설기양SULGI,설기양SULGI,ASMR,Food & Drinks,9.8M,9800000,United States,822.6K,822600,21.9K,21900,586,586
[햄지]Hamzy,[햄지]Hamzy,,,9.8M,9800000,United States,2.8M,2800000,52.3K,52300,1.2K,1200
Prince Royce,Prince Royce,Music & Dance,,9.8M,9800000,United States,0,0,N/A',#VALOR!,N/A',#VALOR!
TheSyndicateProject,Syndicate,Video games,,9.7M,9700000,United States,107.9K,107900,4.5K,4500,740,740
Larva2011ani,Larva TUBA,,,9.7M,9700000,United States,23.8K,23800,548,548,25,25
The Voice Global,The Voice Global,Music & Dance,,9.7M,9700000,United States,227.8K,227800,3.9K,3900,72,72
bgfilms,Babish Culinary Universe,Food & Drinks,,9.7M,9700000,United States,577.4K,577400,26K,26000,968,968
InquisitorMaster,InquisitorMaster,Animation,Video games,9.7M,9700000,United States,645.9K,645900,20.3K,20300,2K,2000
Doctor Mike,Doctor Mike,Health & Self Help,,9.6M,9600000,United States,1.7M,1700000,98.9K,98900,5.3K,5300
SerbianGamesBL2,Life Hacks & Experiments,,,9.6M,9600000,United States,94K,94000,377,377,31,31
FoxNewsChannel,Fox News,News & Politics,,9.6M,9600000,United States,113.9K,113900,4.2K,4200,1.1K,1100
Stray Kids,Stray Kids,Daily vlogs,,9.6M,9600000,United States,494.8K,494800,74.6K,74600,2.6K,2600
ehbeefamily,The Bee Family,Humor,,9.6M,9600000,United States,102.6K,102600,6.7K,6700,120,120
Psych2GoTv,Psych2Go,ASMR,Health & Self Help,9.5M,9500000,United States,119.1K,119100,8.2K,8200,812,812
Power Vision,Power Vision,,,9.5M,9500000,United States,137.3K,137300,1.3K,1300,39,39
POPSVIETNAM,POPS MUSIC,Music & Dance,,9.5M,9500000,United States,4.6K,4600,144,144,5,5
Niki and Gabi,Niki and Gabi,Fashion,Humor,9.5M,9500000,United States,387.6K,387600,17.8K,17800,516,516
Corridor,Corridor,Animation,,9.5M,9500000,United States,1.9M,1900000,141.6K,141600,4.7K,4700
JoshDub,JoshDub,Animation,Humor,9.5M,9500000,United States,713.6K,713600,35.4K,35400,1.2K,1200
jhaschak,Haschak Sisters,Music & Dance,Humor,9.4M,9400000,United States,2.3M,2300000,14.8K,14800,655,655
JoeyGraceffa,Joey Graceffa,Animals & Pets,Humor,9.4M,9400000,United States,311.1K,311100,23.8K,23800,1.5K,1500
Grandpa Kitchen,Grandpa Kitchen,Food & Drinks,,9.4M,9400000,United States,101.1K,101100,6.5K,6500,217,217
SAS-ASMR,SAS-ASMR,,,9.4M,9400000,United States,165.8K,165800,6K,6000,204,204
MrMuselk,Muselk,Video games,,9.4M,9400000,United States,197K,197000,9.3K,9300,414,414
NFL,NFL,Sports,,9.4M,9400000,United States,64.7K,64700,1.5K,1500,157,157
TeamMojang,Minecraft,Video games,,9.4M,9400000,United States,510.2K,510200,31.8K,31800,2K,2000
Thơ Nguyễn,Thơ Nguyễn,Music & Dance,Animation,9.3M,9300000,United States,185.5K,185500,2.4K,2400,106,106
Troom Troom SELECT,Troom Troom SELECT,Movies,Animation,9.3M,9300000,United States,254.8K,254800,2.9K,2900,52,52
ehbeefamily,The Bee Family,Humor,,9.6M,9600000,United States,102.6K,102600,6.7K,6700,120,120
Psych2GoTv,Psych2Go,ASMR,Health & Self Help,9.5M,9500000,United States,119.1K,119100,8.2K,8200,812,812
Power Vision,Power Vision,,,9.5M,9500000,United States,137.3K,137300,1.3K,1300,39,39
POPSVIETNAM,POPS MUSIC,Music & Dance,,9.5M,9500000,United States,4.6K,4600,144,144,5,5
Niki and Gabi,Niki and Gabi,Fashion,Humor,9.5M,9500000,United States,387.6K,387600,17.8K,17800,516,516
Corridor,Corridor,Animation,,9.5M,9500000,United States,1.9M,1900000,141.6K,141600,4.7K,4700
JoshDub,JoshDub,Animation,Humor,9.5M,9500000,United States,713.6K,713600,35.4K,35400,1.2K,1200